"Vote.java","ZOOKEEPER-159","2008-10-08 20:00","tree 4de985ec1433746db7b77b0509bc50e6a24a0ddc ------","1",""
"FastLeaderElection.java","ZOOKEEPER-159","2008-10-08 20:00","tree 4de985ec1433746db7b77b0509bc50e6a24a0ddc ------","1",""
"Vote.java","ZOOKEEPER-131","2008-09-19 03:24","tree 3734ce310631d267f4f0f539039afcfe857ea1a5 ------","1",""
"QuorumPeer.java","ZOOKEEPER-131","2008-09-19 03:24","tree 3734ce310631d267f4f0f539039afcfe857ea1a5 ------","1",""
"ClientCnxn.java","ZOOKEEPER-112","2008-09-05 22:30","tree afa545bbe814d84f7b2aabef02cf347ab4f71e93 ------","1",""
"SessionTest.java","ZOOKEEPER-112","2008-09-05 22:30","tree afa545bbe814d84f7b2aabef02cf347ab4f71e93 ------","1",""
"DisconnectableZooKeeper.java","ZOOKEEPER-112","2008-09-05 22:30","tree afa545bbe814d84f7b2aabef02cf347ab4f71e93 ------","1",""
"ProposalRequestProcessor.java","ZOOKEEPER-108","2008-08-07 22:34","tree 1a8724fdeddab622d24bdc6cf58157b84ae80db2 ------","1",""
"FollowerRequestProcessor.java","ZOOKEEPER-108","2008-08-07 22:34","tree 1a8724fdeddab622d24bdc6cf58157b84ae80db2 ------","1",""
"FollowerZooKeeperServer.java","ZOOKEEPER-108","2008-08-07 22:34","tree 1a8724fdeddab622d24bdc6cf58157b84ae80db2 ------","1",""
"WatcherTest.java","ZOOKEEPER-21","2008-09-26 20:09","tree 058e2b27d2e4d34c858b2d715b678c7687b2c44a ------","1",""
"ZooKeeper.java","ZOOKEEPER-21","2008-09-26 20:09","tree 058e2b27d2e4d34c858b2d715b678c7687b2c44a ------","1",""
"ClientBase.java","ZOOKEEPER-21","2008-09-26 20:09","tree 058e2b27d2e4d34c858b2d715b678c7687b2c44a ------","1",""
"ZooKeeperServer.java","ZOOKEEPER-8","2008-10-07 20:51","tree 2c8bdc6adecd8cccc362992cba33cbf58f2f4c31 ------","1",""
"DataNode.java","ZOOKEEPER-8","2008-10-07 20:51","tree 2c8bdc6adecd8cccc362992cba33cbf58f2f4c31 ------","1",""
"DataTree.java","ZOOKEEPER-8","2008-10-07 20:51","tree 2c8bdc6adecd8cccc362992cba33cbf58f2f4c31 ------","1",""
"StatTest.java","ZOOKEEPER-8","2008-10-07 20:51","tree 2c8bdc6adecd8cccc362992cba33cbf58f2f4c31 ------","1",""
"QuorumPeer.java","ZOOKEEPER-2","2008-08-25 23:13","tree 820edd042d343bcb3d61d8ba7286dd1679e5bbf7 ------","1",""
"FastLeaderElection.java","ZOOKEEPER-2","2008-08-25 23:13","tree 820edd042d343bcb3d61d8ba7286dd1679e5bbf7 ------","1",""
"TestableZooKeeper.java","ZOOKEEPER-232","2008-11-24 21:48","tree d52d8cb459433f8dc1124c6f72a21a6542108a19 ------","2","1"
"TestableZooKeeper.java","ZOOKEEPER-232","2008-11-24 21:48","tree d52d8cb459433f8dc1124c6f72a21a6542108a19 ------","3","1"
"KeeperException.java","ZOOKEEPER-291","2009-02-04 20:57","tree a268171b6d5e453812698ea6de089a24553025f7 ------","3","2"
"KeeperStateTest.java","ZOOKEEPER-291","2009-02-04 20:57","tree a268171b6d5e453812698ea6de089a24553025f7 ------","3","2"
"QuorumCnxManager.java","ZOOKEEPER-453","2009-06-30 22:47","tree d2564a47409f57f72371c3b9fd191b8e5da5ba74 ------","5","4"
"FLERestartTest.java","ZOOKEEPER-453","2009-06-30 22:47","tree d2564a47409f57f72371c3b9fd191b8e5da5ba74 ------","5","4"
"FastLeaderElection.java","ZOOKEEPER-453","2009-06-30 22:47","tree d2564a47409f57f72371c3b9fd191b8e5da5ba74 ------","5","4"
"ClientCnxn.java","ZOOKEEPER-438","2009-06-25 22:41","tree 555a5ef194d55dc683ef026a10a83aae51390ba0 ------","5","4"
"ACLTest.java","ZOOKEEPER-438","2009-06-25 22:41","tree 555a5ef194d55dc683ef026a10a83aae51390ba0 ------","5","4"
"DigestAuthenticationProvider.java","ZOOKEEPER-435","2009-06-09 07:21","tree b5b66d87f58b1fdfb3b781cfe631f517aec6c5fd ------","5","4"
"AuthTest.java","ZOOKEEPER-435","2009-06-09 07:21","tree b5b66d87f58b1fdfb3b781cfe631f517aec6c5fd ------","5","4"
"SessionTest.java","ZOOKEEPER-417","2009-06-26 22:29","tree 21ae80c44532a33c110adcb1d37c320973afdbe6 ------","5","4"
"QuorumTest.java","ZOOKEEPER-417","2009-06-26 22:29","tree 21ae80c44532a33c110adcb1d37c320973afdbe6 ------","5","4"
"KeeperException.java","ZOOKEEPER-417","2009-06-26 22:29","tree 21ae80c44532a33c110adcb1d37c320973afdbe6 ------","5","4"
"FinalRequestProcessor.java","ZOOKEEPER-417","2009-06-26 22:29","tree 21ae80c44532a33c110adcb1d37c320973afdbe6 ------","5","4"
"Request.java","ZOOKEEPER-417","2009-06-26 22:29","tree 21ae80c44532a33c110adcb1d37c320973afdbe6 ------","5","4"
"LeaderZooKeeperServer.java","ZOOKEEPER-417","2009-06-26 22:29","tree 21ae80c44532a33c110adcb1d37c320973afdbe6 ------","5","4"
"PrepRequestProcessor.java","ZOOKEEPER-417","2009-06-26 22:29","tree 21ae80c44532a33c110adcb1d37c320973afdbe6 ------","5","4"
"LearnerSessionTracker.java","ZOOKEEPER-417","2009-06-26 22:29","tree 21ae80c44532a33c110adcb1d37c320973afdbe6 ------","5","4"
"SessionTracker.java","ZOOKEEPER-417","2009-06-26 22:29","tree 21ae80c44532a33c110adcb1d37c320973afdbe6 ------","5","4"
"SessionTrackerImpl.java","ZOOKEEPER-417","2009-06-26 22:29","tree 21ae80c44532a33c110adcb1d37c320973afdbe6 ------","5","4"
"LearnerHandler.java","ZOOKEEPER-417","2009-06-26 22:29","tree 21ae80c44532a33c110adcb1d37c320973afdbe6 ------","5","4"
"SendAckRequestProcessor.java","ZOOKEEPER-508","2009-08-25 07:45","tree c1f2a03335fcd5d1a4bdb647da36d47e8883db40 ------","6","5"
"FileTxnLog.java","ZOOKEEPER-508","2009-08-25 07:45","tree c1f2a03335fcd5d1a4bdb647da36d47e8883db40 ------","6","5"
"LearnerHandler.java","ZOOKEEPER-508","2009-08-25 07:45","tree c1f2a03335fcd5d1a4bdb647da36d47e8883db40 ------","6","5"
"ClientBase.java","ZOOKEEPER-508","2009-08-25 07:45","tree c1f2a03335fcd5d1a4bdb647da36d47e8883db40 ------","6","5"
"QuorumTest.java","ZOOKEEPER-508","2009-08-25 07:45","tree c1f2a03335fcd5d1a4bdb647da36d47e8883db40 ------","6","5"
"TruncateTest.java","ZOOKEEPER-508","2009-08-25 07:45","tree c1f2a03335fcd5d1a4bdb647da36d47e8883db40 ------","6","5"
"Leader.java","ZOOKEEPER-508","2009-08-25 07:45","tree c1f2a03335fcd5d1a4bdb647da36d47e8883db40 ------","6","5"
"SendAckRequestProcessor.java","ZOOKEEPER-508","2009-08-25 07:45","tree c1f2a03335fcd5d1a4bdb647da36d47e8883db40 ------","8","5"
"FileTxnLog.java","ZOOKEEPER-508","2009-08-25 07:45","tree c1f2a03335fcd5d1a4bdb647da36d47e8883db40 ------","8","5"
"LearnerHandler.java","ZOOKEEPER-508","2009-08-25 07:45","tree c1f2a03335fcd5d1a4bdb647da36d47e8883db40 ------","8","5"
"ClientBase.java","ZOOKEEPER-508","2009-08-25 07:45","tree c1f2a03335fcd5d1a4bdb647da36d47e8883db40 ------","8","5"
"QuorumTest.java","ZOOKEEPER-508","2009-08-25 07:45","tree c1f2a03335fcd5d1a4bdb647da36d47e8883db40 ------","8","5"
"TruncateTest.java","ZOOKEEPER-508","2009-08-25 07:45","tree c1f2a03335fcd5d1a4bdb647da36d47e8883db40 ------","8","5"
"Leader.java","ZOOKEEPER-508","2009-08-25 07:45","tree c1f2a03335fcd5d1a4bdb647da36d47e8883db40 ------","8","5"
"CnxManagerTest.java","ZOOKEEPER-501","2009-08-07 23:00","tree e8fea96169a2957bb66cfd8e0f5f8933fdc25932 ------","6","5"
"CnxManagerTest.java","ZOOKEEPER-501","2009-08-07 23:00","tree e8fea96169a2957bb66cfd8e0f5f8933fdc25932 ------","8","5"
"QuorumMaj.java","ZOOKEEPER-479","2009-08-04 00:28","tree f99731252a081065bdf0c0d75c59419e10bfa4f7 ------","6","5"
"QuorumHierarchical.java","ZOOKEEPER-479","2009-08-04 00:28","tree f99731252a081065bdf0c0d75c59419e10bfa4f7 ------","6","5"
"QuorumVerifier.java","ZOOKEEPER-479","2009-08-04 00:28","tree f99731252a081065bdf0c0d75c59419e10bfa4f7 ------","6","5"
"QuorumMaj.java","ZOOKEEPER-479","2009-08-04 00:28","tree f99731252a081065bdf0c0d75c59419e10bfa4f7 ------","8","5"
"QuorumHierarchical.java","ZOOKEEPER-479","2009-08-04 00:28","tree f99731252a081065bdf0c0d75c59419e10bfa4f7 ------","8","5"
"QuorumVerifier.java","ZOOKEEPER-479","2009-08-04 00:28","tree f99731252a081065bdf0c0d75c59419e10bfa4f7 ------","8","5"
"ObserverHierarchicalQuorumTest.java","ZOOKEEPER-698","2010-03-13 01:06","tree a9ceb365509e634360511fd863d5ba54f51e2b06 ------","8","7"
"FastLeaderElection.java","ZOOKEEPER-698","2010-03-13 01:06","tree a9ceb365509e634360511fd863d5ba54f51e2b06 ------","8","7"
"FLEZeroWeightTest.java","ZOOKEEPER-698","2010-03-13 01:06","tree a9ceb365509e634360511fd863d5ba54f51e2b06 ------","8","7"
"FLENewEpochTest.java","ZOOKEEPER-698","2010-03-13 01:06","tree a9ceb365509e634360511fd863d5ba54f51e2b06 ------","8","7"
"QuorumPeerMain.java","ZOOKEEPER-698","2010-03-13 01:06","tree a9ceb365509e634360511fd863d5ba54f51e2b06 ------","8","7"
"FLETest.java","ZOOKEEPER-698","2010-03-13 01:06","tree a9ceb365509e634360511fd863d5ba54f51e2b06 ------","8","7"
"FLERestartTest.java","ZOOKEEPER-698","2010-03-13 01:06","tree a9ceb365509e634360511fd863d5ba54f51e2b06 ------","8","7"
"QuorumPeerTestBase.java","ZOOKEEPER-698","2010-03-13 01:06","tree a9ceb365509e634360511fd863d5ba54f51e2b06 ------","8","7"
"HierarchicalQuorumTest.java","ZOOKEEPER-698","2010-03-13 01:06","tree a9ceb365509e634360511fd863d5ba54f51e2b06 ------","8","7"
"QuorumBase.java","ZOOKEEPER-698","2010-03-13 01:06","tree a9ceb365509e634360511fd863d5ba54f51e2b06 ------","8","7"
"TruncateTest.java","ZOOKEEPER-698","2010-03-13 01:06","tree a9ceb365509e634360511fd863d5ba54f51e2b06 ------","8","7"
"QuorumTest.java","ZOOKEEPER-698","2010-03-13 01:06","tree a9ceb365509e634360511fd863d5ba54f51e2b06 ------","8","7"
"NIOServerCnxn.java","ZOOKEEPER-696","2010-03-11 04:17","tree 66ff3d3ddf63289e8f63815cb0682b00e93b5a0d ------","8","7"
"ConnectionBean.java","ZOOKEEPER-696","2010-03-11 04:17","tree 66ff3d3ddf63289e8f63815cb0682b00e93b5a0d ------","8","7"
"QuorumPeerMainTest.java","ZOOKEEPER-687","2010-03-04 23:55","tree d9899ba865509239e92d8b62b4a33b08db1dac36 ------","8","7"
"QuorumPeer.java","ZOOKEEPER-684","2010-03-10 02:27","tree 5920ebbd02a3683af658eafefff2f0f89d7df94b ------","8","7"
"SledgeHammer.java","ZOOKEEPER-656","2010-01-25 04:35","tree db4aad97c80f9ba0af541c4e633885420a855910 ------","8","7"
"QuorumCnxManager.java","ZOOKEEPER-647","2010-01-21 04:08","tree cab8a698aeb7f8494ba700908075602d6a296ae8 ------","8","7"
"ZooKeeper.java","ZOOKEEPER-615","2009-12-11 20:38","tree f208423f551d48d0e483c75a3fdd13de1b3bf046 ------","8","6"
"ZooKeeper.java","ZOOKEEPER-593","2010-01-26 03:22","tree aa5724b9a68c7dced176bc6b9da7856670f4420f ------","8","7"
"ClientCnxn.java","ZOOKEEPER-593","2010-01-26 03:22","tree aa5724b9a68c7dced176bc6b9da7856670f4420f ------","8","7"
"SessionTest.java","ZOOKEEPER-593","2010-01-26 03:22","tree aa5724b9a68c7dced176bc6b9da7856670f4420f ------","8","7"
"ZooKeeper.java","ZOOKEEPER-567","2009-11-12 21:02","tree e3598c62d7efa32d330af0f84de46a9e6e2ffe45 ------","8","6"
"ZooKeeper.java","ZOOKEEPER-489","2010-02-08 23:36","tree 33bf43a1eea1272cf2152236d9a7fb18bf3e1492 ------","8","7"
"QuorumPeer.java","ZOOKEEPER-121","2010-03-16 23:25","tree 55e024545df51d3a04e9993a569d3a4ebd4c3bc1 ------","8","7"
"ClientBase.java","ZOOKEEPER-121","2010-03-16 22:23","tree 1a295d115f92a51389c9fab6e2c6af977830daf4 ------","8","7"
"SyncRequestProcessor.java","ZOOKEEPER-121","2010-03-14 05:01","tree dd46e6aed60f60993fa5008f792096f5af684362 ------","8","7"
"FileSnap.java","ZOOKEEPER-121","2010-03-12 23:36","tree 55c511016acf86c18fd9d5eb7f104b0af8ef8eb2 ------","8","7"
"TruncateTest.java","ZOOKEEPER-121","2010-03-16 22:23","tree 1a295d115f92a51389c9fab6e2c6af977830daf4 ------","8","7"
"SnapShot.java","ZOOKEEPER-121","2010-03-12 23:36","tree 55c511016acf86c18fd9d5eb7f104b0af8ef8eb2 ------","8","7"
"ZKDatabase.java","ZOOKEEPER-121","2010-03-12 23:36","tree 55c511016acf86c18fd9d5eb7f104b0af8ef8eb2 ------","8","7"
"FileTxnLog.java","ZOOKEEPER-121","2010-03-16 22:23","tree 1a295d115f92a51389c9fab6e2c6af977830daf4 ------","8","7"
"FileTxnSnapLog.java","ZOOKEEPER-121","2010-03-12 23:36","tree 55c511016acf86c18fd9d5eb7f104b0af8ef8eb2 ------","8","7"
"NIOServerCnxn.java","ZOOKEEPER-59","2010-03-09 03:00","tree 7456e55e2d767e1a6589ab8444169d466a3daff7 ------","8","7"
"QuorumPeer.java","ZOOKEEPER-3","2009-11-18 18:47","tree bebf6d9628a2e30919af5868f916cd15cae9e60c ------","8","6"
"AsyncHammerTest.java","ZOOKEEPER-764","2010-05-05 22:32","tree d173877e459ead1a21aa801bad1d9192d5bfc731 ------","9","8"
"QuorumZooKeeperServer.java","ZOOKEEPER-764","2010-05-05 22:32","tree d173877e459ead1a21aa801bad1d9192d5bfc731 ------","9","8"
"QuorumBase.java","ZOOKEEPER-764","2010-05-05 22:32","tree d173877e459ead1a21aa801bad1d9192d5bfc731 ------","9","8"
"QuorumPeer.java","ZOOKEEPER-764","2010-05-05 22:32","tree d173877e459ead1a21aa801bad1d9192d5bfc731 ------","9","8"
"HierarchicalQuorumTest.java","ZOOKEEPER-764","2010-05-05 22:32","tree d173877e459ead1a21aa801bad1d9192d5bfc731 ------","9","8"
"AsyncHammerTest.java","ZOOKEEPER-764","2010-05-05 22:32","tree d173877e459ead1a21aa801bad1d9192d5bfc731 ------","12","8"
"QuorumZooKeeperServer.java","ZOOKEEPER-764","2010-05-05 22:32","tree d173877e459ead1a21aa801bad1d9192d5bfc731 ------","12","8"
"QuorumBase.java","ZOOKEEPER-764","2010-05-05 22:32","tree d173877e459ead1a21aa801bad1d9192d5bfc731 ------","12","8"
"QuorumPeer.java","ZOOKEEPER-764","2010-05-05 22:32","tree d173877e459ead1a21aa801bad1d9192d5bfc731 ------","12","8"
"HierarchicalQuorumTest.java","ZOOKEEPER-764","2010-05-05 22:32","tree d173877e459ead1a21aa801bad1d9192d5bfc731 ------","12","8"
"LoadFromLogTest.java","ZOOKEEPER-882","2010-12-23 13:42","tree 63f5118271ce3bc64d5b6d0aeea2787c9ad47fa0 ------","11","10"
"FileTxnLog.java","ZOOKEEPER-882","2010-12-23 13:42","tree 63f5118271ce3bc64d5b6d0aeea2787c9ad47fa0 ------","11","10"
"LoadFromLogTest.java","ZOOKEEPER-882","2010-12-23 13:42","tree 63f5118271ce3bc64d5b6d0aeea2787c9ad47fa0 ------","12","10"
"FileTxnLog.java","ZOOKEEPER-882","2010-12-23 13:42","tree 63f5118271ce3bc64d5b6d0aeea2787c9ad47fa0 ------","12","10"
"Zab1_0Test.java","ZOOKEEPER-1270","2011-11-05 07:29","tree 3dd4ce9655d544046c33e54aca028100fb2c8f1e ------","12","11"
"ClientBase.java","ZOOKEEPER-1270","2011-11-05 07:29","tree 3dd4ce9655d544046c33e54aca028100fb2c8f1e ------","12","11"
"Zab1_0Test.java","ZOOKEEPER-1270","2011-11-05 07:29","tree 3dd4ce9655d544046c33e54aca028100fb2c8f1e ------","22","11"
"ClientBase.java","ZOOKEEPER-1270","2011-11-05 07:29","tree 3dd4ce9655d544046c33e54aca028100fb2c8f1e ------","22","11"
"ByteBufferInputStream.java","ZOOKEEPER-1136","2011-09-14 08:56","tree d3251668433d33daf4fdec0f0359f017ec434ede ------","12","11"
"Learner.java","ZOOKEEPER-1136","2011-09-14 08:56","tree d3251668433d33daf4fdec0f0359f017ec434ede ------","12","11"
"Zab1_0Test.java","ZOOKEEPER-1136","2011-09-14 08:56","tree d3251668433d33daf4fdec0f0359f017ec434ede ------","12","11"
"LearnerHandler.java","ZOOKEEPER-1136","2011-09-14 08:56","tree d3251668433d33daf4fdec0f0359f017ec434ede ------","12","11"
"ZooKeeperServer.java","ZOOKEEPER-1136","2011-09-14 08:56","tree d3251668433d33daf4fdec0f0359f017ec434ede ------","12","11"
"ByteBufferOutputStream.java","ZOOKEEPER-1136","2011-09-14 08:56","tree d3251668433d33daf4fdec0f0359f017ec434ede ------","12","11"
"FinalRequestProcessor.java","ZOOKEEPER-1136","2011-09-14 08:56","tree d3251668433d33daf4fdec0f0359f017ec434ede ------","12","11"
"JMXEnv.java","ZOOKEEPER-1111","2011-07-19 23:38","tree e6d9c52bbe1c2e1a35ac1330f6edd09de166d034 ------","12","11"
"ClientCnxnSocketNIO.java","ZOOKEEPER-1063","2011-07-15 06:10","tree d69643a61e3d70bc086fd87d6bff4d3e3e06d27f ------","12","11"
"ZooKeeperTest.java","ZOOKEEPER-1059","2011-05-16 19:39","tree 5a4bbc26d66cb4d0a2a3a0be2a2191f1a90d3512 ------","12","11"
"ZooKeeperMain.java","ZOOKEEPER-1059","2011-05-16 19:39","tree 5a4bbc26d66cb4d0a2a3a0be2a2191f1a90d3512 ------","12","11"
"ClientTest.java","ZOOKEEPER-870","2010-09-15 07:51","tree 884ab0365358d12dc732af427e80d915a0a72eb1 ------","12","9"
"ClientBase.java","ZOOKEEPER-870","2010-09-15 07:51","tree 884ab0365358d12dc732af427e80d915a0a72eb1 ------","12","9"
"KerberosName.java","ZOOKEEPER-1327","2012-02-06 10:06","tree 7c58a4a1094f9f763da4ccab5a8bf06f76c1b875 ------","16","15"
"KerberosName.java","ZOOKEEPER-1327","2012-02-06 10:06","tree 7c58a4a1094f9f763da4ccab5a8bf06f76c1b875 ------","22","15"
"ZooKeeperTest.java","ZOOKEEPER-1307","2012-03-17 01:39","tree cff0c077c2db411e06a98b4c186a07977376ddf5 ------","19","16"
"ZooKeeperTest.java","ZOOKEEPER-1307","2012-03-17 01:39","tree cff0c077c2db411e06a98b4c186a07977376ddf5 ------","22","16"
"ObserverZooKeeperServer.java","ZOOKEEPER-1798","2013-11-14 05:34","tree 6c93fa560a4b929e61c864a9b4896743cae49fd0 ------","21","16"
"Zab1_0Test.java","ZOOKEEPER-1798","2013-10-24 20:41","tree b9d9b706606efc3d93945258e99bec2fb925b3fb ------","21","16"
"SyncRequestProcessor.java","ZOOKEEPER-1798","2013-10-24 20:41","tree b9d9b706606efc3d93945258e99bec2fb925b3fb ------","21","16"
"ObserverZooKeeperServer.java","ZOOKEEPER-1798","2013-11-14 05:34","tree 6c93fa560a4b929e61c864a9b4896743cae49fd0 ------","22","16"
"Zab1_0Test.java","ZOOKEEPER-1798","2013-10-24 20:41","tree b9d9b706606efc3d93945258e99bec2fb925b3fb ------","22","16"
"SyncRequestProcessor.java","ZOOKEEPER-1798","2013-10-24 20:41","tree b9d9b706606efc3d93945258e99bec2fb925b3fb ------","22","16"
"ClientCnxn.java","ZOOKEEPER-1753","2013-09-18 15:14","tree 4cc11af4c51495289e2ebf2545e4051f32e08c9b ------","21","16"
"ClientCnxn.java","ZOOKEEPER-1753","2013-09-18 15:14","tree 4cc11af4c51495289e2ebf2545e4051f32e08c9b ------","22","16"
"WatcherTest.java","ZOOKEEPER-1648","2013-02-19 08:55","tree 0a9ecfb93deb2baedc21ac234ce153f1c25857e1 ------","21","16"
"WatcherTest.java","ZOOKEEPER-1648","2013-02-19 08:55","tree 0a9ecfb93deb2baedc21ac234ce153f1c25857e1 ------","22","16"
"ZooKeeperServer.java","ZOOKEEPER-1642","2013-05-16 18:49","tree aeeabfe61cfeb4ff5a7cb1ddbaada49b28995e61 ------","21","16"
"ZooKeeperServer.java","ZOOKEEPER-1642","2013-05-16 18:49","tree aeeabfe61cfeb4ff5a7cb1ddbaada49b28995e61 ------","22","16"
"MultiAsyncTransactionTest.java","ZOOKEEPER-1624","2013-10-10 20:06","tree 90d1a7448c287751b015ac9791c1d7a6f4dc4663 ------","21","16"
"MultiAsyncTransactionTest.java","ZOOKEEPER-1624","2013-10-10 20:06","tree 90d1a7448c287751b015ac9791c1d7a6f4dc4663 ------","22","16"
"Leader.java","ZOOKEEPER-1535","2012-12-31 02:38","tree 1b5844bab850800ddf87920fa799b09bfac7416c ------","21","16"
"Zab1_0Test.java","ZOOKEEPER-1535","2012-12-31 02:38","tree 1b5844bab850800ddf87920fa799b09bfac7416c ------","21","16"
"Leader.java","ZOOKEEPER-1535","2012-12-31 02:38","tree 1b5844bab850800ddf87920fa799b09bfac7416c ------","22","16"
"Zab1_0Test.java","ZOOKEEPER-1535","2012-12-31 02:38","tree 1b5844bab850800ddf87920fa799b09bfac7416c ------","22","16"
"FourLetterWordsTest.java","ZOOKEEPER-2224","2015-07-05 06:05","tree 07b9f987355a608d23a47b3dfefe082ac0e67af0 ------","24","16"
"FourLetterWordMain.java","ZOOKEEPER-2224","2015-07-05 06:05","tree 07b9f987355a608d23a47b3dfefe082ac0e67af0 ------","24","16"
"FourLetterWordsTest.java","ZOOKEEPER-2224","2015-07-05 06:05","tree 07b9f987355a608d23a47b3dfefe082ac0e67af0 ------","23","16"
"FourLetterWordMain.java","ZOOKEEPER-2224","2015-07-05 06:05","tree 07b9f987355a608d23a47b3dfefe082ac0e67af0 ------","23","16"
"FourLetterWordsTest.java","ZOOKEEPER-2224","2015-07-05 06:05","tree 07b9f987355a608d23a47b3dfefe082ac0e67af0 ------","23","16"
"FourLetterWordMain.java","ZOOKEEPER-2224","2015-07-05 06:05","tree 07b9f987355a608d23a47b3dfefe082ac0e67af0 ------","23","16"
"JUnit4ZKTestRunner.java","ZOOKEEPER-2174","2015-05-03 19:55","tree 2c3b69b06d589e317aa68fc56408925c10936715 ------","24","16"
"JUnit4ZKTestRunner.java","ZOOKEEPER-2174","2015-05-03 19:55","tree 2c3b69b06d589e317aa68fc56408925c10936715 ------","26","16"
"JUnit4ZKTestRunner.java","ZOOKEEPER-2174","2015-05-03 19:55","tree 2c3b69b06d589e317aa68fc56408925c10936715 ------","26","16"
"BinaryInputArchiveTest.java","ZOOKEEPER-2146","2015-03-25 08:38","tree ba2a4610a6908ee21a9d11a80da2b37bbe479387 ------","24","16"
"BinaryInputArchive.java","ZOOKEEPER-2146","2015-03-25 08:38","tree ba2a4610a6908ee21a9d11a80da2b37bbe479387 ------","24","16"
"BinaryInputArchiveTest.java","ZOOKEEPER-2146","2015-03-25 08:38","tree ba2a4610a6908ee21a9d11a80da2b37bbe479387 ------","23","16"
"BinaryInputArchive.java","ZOOKEEPER-2146","2015-03-25 08:38","tree ba2a4610a6908ee21a9d11a80da2b37bbe479387 ------","23","16"
"BinaryInputArchiveTest.java","ZOOKEEPER-2146","2015-03-25 08:38","tree ba2a4610a6908ee21a9d11a80da2b37bbe479387 ------","23","16"
"BinaryInputArchive.java","ZOOKEEPER-2146","2015-03-25 08:38","tree ba2a4610a6908ee21a9d11a80da2b37bbe479387 ------","23","16"
"Log4JSource.java","ZOOKEEPER-2064","2014-11-29 16:53","tree a958838f635e39433362ad652778ba478e8e54d8 ------","24","16"
"NumEvents.java","ZOOKEEPER-2064","2014-11-29 16:53","tree a958838f635e39433362ad652778ba478e8e54d8 ------","24","16"
"RestCfg.java","ZOOKEEPER-2064","2014-11-29 16:53","tree a958838f635e39433362ad652778ba478e8e54d8 ------","24","16"
"StaticContent.java","ZOOKEEPER-2064","2014-11-29 16:53","tree a958838f635e39433362ad652778ba478e8e54d8 ------","24","16"
"QuorumPeerInstance.java","ZOOKEEPER-2064","2014-11-29 16:53","tree a958838f635e39433362ad652778ba478e8e54d8 ------","24","16"
"GenerateLoad.java","ZOOKEEPER-2064","2014-11-29 16:53","tree a958838f635e39433362ad652778ba478e8e54d8 ------","24","16"
"RandomAccessFileReader.java","ZOOKEEPER-2064","2014-11-29 16:53","tree a958838f635e39433362ad652778ba478e8e54d8 ------","24","16"
"Log4JSource.java","ZOOKEEPER-2064","2014-11-29 16:53","tree a958838f635e39433362ad652778ba478e8e54d8 ------","23","16"
"NumEvents.java","ZOOKEEPER-2064","2014-11-29 16:53","tree a958838f635e39433362ad652778ba478e8e54d8 ------","23","16"
"RestCfg.java","ZOOKEEPER-2064","2014-11-29 16:53","tree a958838f635e39433362ad652778ba478e8e54d8 ------","23","16"
"StaticContent.java","ZOOKEEPER-2064","2014-11-29 16:53","tree a958838f635e39433362ad652778ba478e8e54d8 ------","23","16"
"QuorumPeerInstance.java","ZOOKEEPER-2064","2014-11-29 16:53","tree a958838f635e39433362ad652778ba478e8e54d8 ------","23","16"
"GenerateLoad.java","ZOOKEEPER-2064","2014-11-29 16:53","tree a958838f635e39433362ad652778ba478e8e54d8 ------","23","16"
"RandomAccessFileReader.java","ZOOKEEPER-2064","2014-11-29 16:53","tree a958838f635e39433362ad652778ba478e8e54d8 ------","23","16"
"Log4JSource.java","ZOOKEEPER-2064","2014-11-29 16:53","tree a958838f635e39433362ad652778ba478e8e54d8 ------","23","16"
"NumEvents.java","ZOOKEEPER-2064","2014-11-29 16:53","tree a958838f635e39433362ad652778ba478e8e54d8 ------","23","16"
"RestCfg.java","ZOOKEEPER-2064","2014-11-29 16:53","tree a958838f635e39433362ad652778ba478e8e54d8 ------","23","16"
"StaticContent.java","ZOOKEEPER-2064","2014-11-29 16:53","tree a958838f635e39433362ad652778ba478e8e54d8 ------","23","16"
"QuorumPeerInstance.java","ZOOKEEPER-2064","2014-11-29 16:53","tree a958838f635e39433362ad652778ba478e8e54d8 ------","23","16"
"GenerateLoad.java","ZOOKEEPER-2064","2014-11-29 16:53","tree a958838f635e39433362ad652778ba478e8e54d8 ------","23","16"
"RandomAccessFileReader.java","ZOOKEEPER-2064","2014-11-29 16:53","tree a958838f635e39433362ad652778ba478e8e54d8 ------","23","16"
"QuorumBase.java","ZOOKEEPER-1939","2014-06-25 19:25","tree 81901bf465670dc5ee991d2c6b4d0b4fcb6eee43 ------","24","16"
"QuorumBase.java","ZOOKEEPER-1939","2014-06-25 19:25","tree 81901bf465670dc5ee991d2c6b4d0b4fcb6eee43 ------","22","16"
"QuorumPeerInstance.java","ZOOKEEPER-1926","2014-05-09 23:37","tree 15a04574dc15764bcded7e5610be5186fe3dca5a ------","24","16"
"LearnerTest.java","ZOOKEEPER-1926","2014-05-09 23:37","tree 15a04574dc15764bcded7e5610be5186fe3dca5a ------","24","16"
"Zab1_0Test.java","ZOOKEEPER-1926","2014-05-09 23:37","tree 15a04574dc15764bcded7e5610be5186fe3dca5a ------","24","16"
"BaseSysTest.java","ZOOKEEPER-1926","2014-05-09 23:37","tree 15a04574dc15764bcded7e5610be5186fe3dca5a ------","24","16"
"QuorumPeerInstance.java","ZOOKEEPER-1926","2014-05-09 23:37","tree 15a04574dc15764bcded7e5610be5186fe3dca5a ------","22","16"
"LearnerTest.java","ZOOKEEPER-1926","2014-05-09 23:37","tree 15a04574dc15764bcded7e5610be5186fe3dca5a ------","22","16"
"Zab1_0Test.java","ZOOKEEPER-1926","2014-05-09 23:37","tree 15a04574dc15764bcded7e5610be5186fe3dca5a ------","22","16"
"BaseSysTest.java","ZOOKEEPER-1926","2014-05-09 23:37","tree 15a04574dc15764bcded7e5610be5186fe3dca5a ------","22","16"
"ZooTrace.java","ZOOKEEPER-2622","2017-01-28 06:43","tree d38d8cdbe401b24745d6f4c86abc4a088b1fbdbc ------","28","16"
"ZooTrace.java","ZOOKEEPER-2622","2017-01-28 06:43","tree d38d8cdbe401b24745d6f4c86abc4a088b1fbdbc ------","29","16"
"ZooTrace.java","ZOOKEEPER-2622","2017-01-28 06:43","tree d38d8cdbe401b24745d6f4c86abc4a088b1fbdbc ------","29","16"
"SaslServerCallbackHandler.java","ZOOKEEPER-2606","2016-10-17 10:27","tree 3be16c56c017c7dc86785c014f9072df51546735 ------","28","16"
"SaslServerCallbackHandler.java","ZOOKEEPER-2606","2016-10-17 10:27","tree 3be16c56c017c7dc86785c014f9072df51546735 ------","29","16"
"SaslServerCallbackHandler.java","ZOOKEEPER-2606","2016-10-17 10:27","tree 3be16c56c017c7dc86785c014f9072df51546735 ------","29","16"
"JettyAdminServerTest.java","ZOOKEEPER-1969","2014-07-18 19:04","tree 237577680d2d6704961ffc8a73e585482fc22e6a ------","22","16"
"ReconfigTest.java","ZOOKEEPER-1964","2014-07-14 19:45","tree 8075eb8447420a3964bdf6e7b0b87c3864a57537 ------","22","16"
"RemoveWatchesCommand.java","ZOOKEEPER-1910","2014-04-29 02:23","tree 08f14a2bcb068303c63b50b67d92f12a7e434778 ------","22","16"
"RemoveWatchesTest.java","ZOOKEEPER-1910","2014-04-29 02:23","tree 08f14a2bcb068303c63b50b67d92f12a7e434778 ------","22","16"
"DataTree.java","ZOOKEEPER-1910","2014-04-29 02:23","tree 08f14a2bcb068303c63b50b67d92f12a7e434778 ------","22","16"
"ZKDatabase.java","ZOOKEEPER-1910","2014-04-29 02:23","tree 08f14a2bcb068303c63b50b67d92f12a7e434778 ------","22","16"
"ZooDefs.java","ZOOKEEPER-1910","2014-04-29 02:23","tree 08f14a2bcb068303c63b50b67d92f12a7e434778 ------","22","16"
"PrepRequestProcessor.java","ZOOKEEPER-1910","2014-04-29 02:23","tree 08f14a2bcb068303c63b50b67d92f12a7e434778 ------","22","16"
"WatchManager.java","ZOOKEEPER-1910","2014-04-29 02:23","tree 08f14a2bcb068303c63b50b67d92f12a7e434778 ------","22","16"
"Request.java","ZOOKEEPER-1910","2014-04-29 02:23","tree 08f14a2bcb068303c63b50b67d92f12a7e434778 ------","22","16"
"FinalRequestProcessor.java","ZOOKEEPER-1910","2014-04-29 02:23","tree 08f14a2bcb068303c63b50b67d92f12a7e434778 ------","22","16"
"ZooKeeper.java","ZOOKEEPER-1910","2014-04-29 02:23","tree 08f14a2bcb068303c63b50b67d92f12a7e434778 ------","22","16"
"QuorumPeerConfig.java","ZOOKEEPER-1864","2014-05-17 13:23","tree 0ed7af045630ee6b83faf0f229fe4f5f71732303 ------","22","16"
"ByteBufferInputStreamTest.java","ZOOKEEPER-1843","2014-04-26 23:16","tree c1948f25bbbd27fe4e3e3a038bcd066f75af80f4 ------","22","16"
"ByteBufferInputStream.java","ZOOKEEPER-1843","2014-04-26 23:16","tree c1948f25bbbd27fe4e3e3a038bcd066f75af80f4 ------","22","16"
"PathUtilsTest.java","ZOOKEEPER-1628","2013-01-25 08:08","tree 80d9b4d4cbe52625ef77486c14c7403266fad59b ------","22","16"
"StaticHostProviderTest.java","ZOOKEEPER-1358","2012-01-16 03:19","tree 366876c558a68bfb1aec2ae3c9f3c37a75e14629 ------","22","15"
"ObserverLETest.java","ZOOKEEPER-1294","2012-01-14 00:28","tree c619b64b2f2960938e76ecc669bd7f1a560d1823 ------","22","15"
"Leader.java","ZOOKEEPER-1294","2012-01-14 00:28","tree c619b64b2f2960938e76ecc669bd7f1a560d1823 ------","22","15"
"ClientBase.java","ZOOKEEPER-1294","2012-01-14 00:28","tree c619b64b2f2960938e76ecc669bd7f1a560d1823 ------","22","15"
"QuorumUtilTest.java","ZOOKEEPER-1214","2014-05-18 05:49","tree 5558bc14cb836834d9191a015920bf72efcb331d ------","22","15"
"QuorumPeer.java","ZOOKEEPER-1214","2014-05-18 05:49","tree 5558bc14cb836834d9191a015920bf72efcb331d ------","22","15"
"QuorumUtil.java","ZOOKEEPER-1214","2014-05-18 05:49","tree 5558bc14cb836834d9191a015920bf72efcb331d ------","22","15"
"MBeanRegistry.java","ZOOKEEPER-1214","2014-05-18 05:49","tree 5558bc14cb836834d9191a015920bf72efcb331d ------","22","15"
"CnxManagerTest.java","ZOOKEEPER-1125","2011-09-14 06:32","tree 886dbcc3eefbb8275b4b752ad4968272bac8998e ------","22","11"
"StandaloneDisabledTest.java","ZOOKEEPER-2190","2015-05-14 21:53","tree ed80dc47885434c6db86e8163593422c745b07c1 ------","23","11"
"StandaloneDisabledTest.java","ZOOKEEPER-2190","2015-05-14 21:53","tree ed80dc47885434c6db86e8163593422c745b07c1 ------","23","11"
"PrepRequestProcessor.java","ZOOKEEPER-2187","2015-05-29 19:45","tree c717e06bad991f1e783203208bc9192c747baff6 ------","23","11"
"PrepRequestProcessor.java","ZOOKEEPER-2187","2015-05-29 19:45","tree c717e06bad991f1e783203208bc9192c747baff6 ------","23","11"
"ClientCnxn.java","ZOOKEEPER-2171","2015-05-10 00:27","tree 53e51672a73c769436c7befb1d899db5c840b670 ------","23","11"
"StaticHostProviderTest.java","ZOOKEEPER-2171","2015-05-10 00:27","tree 53e51672a73c769436c7befb1d899db5c840b670 ------","23","11"
"QuorumPeerInstance.java","ZOOKEEPER-2171","2015-05-10 00:27","tree 53e51672a73c769436c7befb1d899db5c840b670 ------","23","11"
"ClientCnxn.java","ZOOKEEPER-2171","2015-05-10 00:27","tree 53e51672a73c769436c7befb1d899db5c840b670 ------","23","11"
"StaticHostProviderTest.java","ZOOKEEPER-2171","2015-05-10 00:27","tree 53e51672a73c769436c7befb1d899db5c840b670 ------","23","11"
"QuorumPeerInstance.java","ZOOKEEPER-2171","2015-05-10 00:27","tree 53e51672a73c769436c7befb1d899db5c840b670 ------","23","11"
"ClientCnxn.java","ZOOKEEPER-2111","2015-01-31 08:05","tree fea22e69549737cbc7c906ffd3b82bcec0fe545e ------","23","11"
"ClientCnxn.java","ZOOKEEPER-2111","2015-01-31 08:05","tree fea22e69549737cbc7c906ffd3b82bcec0fe545e ------","23","11"
"NettyServerCnxnTest.java","ZOOKEEPER-2072","2015-01-30 03:23","tree f1ba289a0d573a162a17f7881771010f1a81199b ------","23","11"
"NettyServerCnxnFactory.java","ZOOKEEPER-2072","2015-01-30 03:23","tree f1ba289a0d573a162a17f7881771010f1a81199b ------","23","11"
"NettyServerCnxnTest.java","ZOOKEEPER-2072","2015-01-30 03:23","tree f1ba289a0d573a162a17f7881771010f1a81199b ------","23","11"
"NettyServerCnxnFactory.java","ZOOKEEPER-2072","2015-01-30 03:23","tree f1ba289a0d573a162a17f7881771010f1a81199b ------","23","11"
"PrepRequestProcessor.java","ZOOKEEPER-1366","2015-02-06 06:17","tree 77b8527a1d957078681b7f42d91ba5f74cb7539e ------","23","11"
"StaticHostProviderTest.java","ZOOKEEPER-1366","2015-02-06 06:17","tree 77b8527a1d957078681b7f42d91ba5f74cb7539e ------","23","11"
"Follower.java","ZOOKEEPER-1366","2015-02-06 06:17","tree 77b8527a1d957078681b7f42d91ba5f74cb7539e ------","23","11"
"ClientBase.java","ZOOKEEPER-1366","2015-02-06 06:17","tree 77b8527a1d957078681b7f42d91ba5f74cb7539e ------","23","11"
"ConnectionBean.java","ZOOKEEPER-1366","2015-02-06 06:17","tree 77b8527a1d957078681b7f42d91ba5f74cb7539e ------","23","11"
"ServerStats.java","ZOOKEEPER-1366","2015-02-06 06:17","tree 77b8527a1d957078681b7f42d91ba5f74cb7539e ------","23","11"
"SimpleSysTest.java","ZOOKEEPER-1366","2015-02-06 06:17","tree 77b8527a1d957078681b7f42d91ba5f74cb7539e ------","23","11"
"Request.java","ZOOKEEPER-1366","2015-02-06 06:17","tree 77b8527a1d957078681b7f42d91ba5f74cb7539e ------","23","11"
"RateLogger.java","ZOOKEEPER-1366","2015-02-06 06:17","tree 77b8527a1d957078681b7f42d91ba5f74cb7539e ------","23","11"
"ReadOnlyModeTest.java","ZOOKEEPER-1366","2015-02-06 06:17","tree 77b8527a1d957078681b7f42d91ba5f74cb7539e ------","23","11"
"Time.java","ZOOKEEPER-1366","2015-02-06 06:17","tree 77b8527a1d957078681b7f42d91ba5f74cb7539e ------","23","11"
"ZooKeeperTestClient.java","ZOOKEEPER-1366","2015-02-06 06:17","tree 77b8527a1d957078681b7f42d91ba5f74cb7539e ------","23","11"
"Leader.java","ZOOKEEPER-1366","2015-02-06 06:17","tree 77b8527a1d957078681b7f42d91ba5f74cb7539e ------","23","11"
"CnxManagerTest.java","ZOOKEEPER-1366","2015-02-06 06:17","tree 77b8527a1d957078681b7f42d91ba5f74cb7539e ------","23","11"
"ClientCnxn.java","ZOOKEEPER-1366","2015-02-06 06:17","tree 77b8527a1d957078681b7f42d91ba5f74cb7539e ------","23","11"
"WorkerService.java","ZOOKEEPER-1366","2015-02-06 06:17","tree 77b8527a1d957078681b7f42d91ba5f74cb7539e ------","23","11"
"ExpiryQueue.java","ZOOKEEPER-1366","2015-02-06 06:17","tree 77b8527a1d957078681b7f42d91ba5f74cb7539e ------","23","11"
"ClientCnxnSocket.java","ZOOKEEPER-1366","2015-02-06 06:17","tree 77b8527a1d957078681b7f42d91ba5f74cb7539e ------","23","11"
"SessionTrackerImpl.java","ZOOKEEPER-1366","2015-02-06 06:17","tree 77b8527a1d957078681b7f42d91ba5f74cb7539e ------","23","11"
"TimeTest.java","ZOOKEEPER-1366","2015-02-06 06:17","tree 77b8527a1d957078681b7f42d91ba5f74cb7539e ------","23","11"
"ClientHammerTest.java","ZOOKEEPER-1366","2015-02-06 06:17","tree 77b8527a1d957078681b7f42d91ba5f74cb7539e ------","23","11"
"Login.java","ZOOKEEPER-1366","2015-02-06 06:17","tree 77b8527a1d957078681b7f42d91ba5f74cb7539e ------","23","11"
"InstanceManager.java","ZOOKEEPER-1366","2015-02-06 06:17","tree 77b8527a1d957078681b7f42d91ba5f74cb7539e ------","23","11"
"FastLeaderElection.java","ZOOKEEPER-1366","2015-02-06 06:17","tree 77b8527a1d957078681b7f42d91ba5f74cb7539e ------","23","11"
"ZKDatabase.java","ZOOKEEPER-1366","2015-02-06 06:17","tree 77b8527a1d957078681b7f42d91ba5f74cb7539e ------","23","11"
"Shell.java","ZOOKEEPER-1366","2015-02-06 06:17","tree 77b8527a1d957078681b7f42d91ba5f74cb7539e ------","23","11"
"TestHammer.java","ZOOKEEPER-1366","2015-02-06 06:17","tree 77b8527a1d957078681b7f42d91ba5f74cb7539e ------","23","11"
"QuorumPeerMainTest.java","ZOOKEEPER-1366","2015-02-06 06:17","tree 77b8527a1d957078681b7f42d91ba5f74cb7539e ------","23","11"
"GenerateLoad.java","ZOOKEEPER-1366","2015-02-06 06:17","tree 77b8527a1d957078681b7f42d91ba5f74cb7539e ------","23","11"
"PrepRequestProcessor.java","ZOOKEEPER-1366","2015-02-06 06:17","tree 77b8527a1d957078681b7f42d91ba5f74cb7539e ------","23","11"
"StaticHostProviderTest.java","ZOOKEEPER-1366","2015-02-06 06:17","tree 77b8527a1d957078681b7f42d91ba5f74cb7539e ------","23","11"
"Follower.java","ZOOKEEPER-1366","2015-02-06 06:17","tree 77b8527a1d957078681b7f42d91ba5f74cb7539e ------","23","11"
"ClientBase.java","ZOOKEEPER-1366","2015-02-06 06:17","tree 77b8527a1d957078681b7f42d91ba5f74cb7539e ------","23","11"
"ConnectionBean.java","ZOOKEEPER-1366","2015-02-06 06:17","tree 77b8527a1d957078681b7f42d91ba5f74cb7539e ------","23","11"
"ServerStats.java","ZOOKEEPER-1366","2015-02-06 06:17","tree 77b8527a1d957078681b7f42d91ba5f74cb7539e ------","23","11"
"SimpleSysTest.java","ZOOKEEPER-1366","2015-02-06 06:17","tree 77b8527a1d957078681b7f42d91ba5f74cb7539e ------","23","11"
"Request.java","ZOOKEEPER-1366","2015-02-06 06:17","tree 77b8527a1d957078681b7f42d91ba5f74cb7539e ------","23","11"
"RateLogger.java","ZOOKEEPER-1366","2015-02-06 06:17","tree 77b8527a1d957078681b7f42d91ba5f74cb7539e ------","23","11"
"ReadOnlyModeTest.java","ZOOKEEPER-1366","2015-02-06 06:17","tree 77b8527a1d957078681b7f42d91ba5f74cb7539e ------","23","11"
"Time.java","ZOOKEEPER-1366","2015-02-06 06:17","tree 77b8527a1d957078681b7f42d91ba5f74cb7539e ------","23","11"
"ZooKeeperTestClient.java","ZOOKEEPER-1366","2015-02-06 06:17","tree 77b8527a1d957078681b7f42d91ba5f74cb7539e ------","23","11"
"Leader.java","ZOOKEEPER-1366","2015-02-06 06:17","tree 77b8527a1d957078681b7f42d91ba5f74cb7539e ------","23","11"
"CnxManagerTest.java","ZOOKEEPER-1366","2015-02-06 06:17","tree 77b8527a1d957078681b7f42d91ba5f74cb7539e ------","23","11"
"ClientCnxn.java","ZOOKEEPER-1366","2015-02-06 06:17","tree 77b8527a1d957078681b7f42d91ba5f74cb7539e ------","23","11"
"WorkerService.java","ZOOKEEPER-1366","2015-02-06 06:17","tree 77b8527a1d957078681b7f42d91ba5f74cb7539e ------","23","11"
"ExpiryQueue.java","ZOOKEEPER-1366","2015-02-06 06:17","tree 77b8527a1d957078681b7f42d91ba5f74cb7539e ------","23","11"
"ClientCnxnSocket.java","ZOOKEEPER-1366","2015-02-06 06:17","tree 77b8527a1d957078681b7f42d91ba5f74cb7539e ------","23","11"
"SessionTrackerImpl.java","ZOOKEEPER-1366","2015-02-06 06:17","tree 77b8527a1d957078681b7f42d91ba5f74cb7539e ------","23","11"
"TimeTest.java","ZOOKEEPER-1366","2015-02-06 06:17","tree 77b8527a1d957078681b7f42d91ba5f74cb7539e ------","23","11"
"ClientHammerTest.java","ZOOKEEPER-1366","2015-02-06 06:17","tree 77b8527a1d957078681b7f42d91ba5f74cb7539e ------","23","11"
"Login.java","ZOOKEEPER-1366","2015-02-06 06:17","tree 77b8527a1d957078681b7f42d91ba5f74cb7539e ------","23","11"
"InstanceManager.java","ZOOKEEPER-1366","2015-02-06 06:17","tree 77b8527a1d957078681b7f42d91ba5f74cb7539e ------","23","11"
"FastLeaderElection.java","ZOOKEEPER-1366","2015-02-06 06:17","tree 77b8527a1d957078681b7f42d91ba5f74cb7539e ------","23","11"
"ZKDatabase.java","ZOOKEEPER-1366","2015-02-06 06:17","tree 77b8527a1d957078681b7f42d91ba5f74cb7539e ------","23","11"
"Shell.java","ZOOKEEPER-1366","2015-02-06 06:17","tree 77b8527a1d957078681b7f42d91ba5f74cb7539e ------","23","11"
"TestHammer.java","ZOOKEEPER-1366","2015-02-06 06:17","tree 77b8527a1d957078681b7f42d91ba5f74cb7539e ------","23","11"
"QuorumPeerMainTest.java","ZOOKEEPER-1366","2015-02-06 06:17","tree 77b8527a1d957078681b7f42d91ba5f74cb7539e ------","23","11"
"GenerateLoad.java","ZOOKEEPER-1366","2015-02-06 06:17","tree 77b8527a1d957078681b7f42d91ba5f74cb7539e ------","23","11"
"QuorumPeerTestBase.java","ZOOKEEPER-2380","2016-06-23 23:25","tree 1c94efc7eb19e306f72e4bd61aa2bd4a8dc68cd9 ------","26","11"
"RaceConditionTest.java","ZOOKEEPER-2380","2016-06-23 23:25","tree 1c94efc7eb19e306f72e4bd61aa2bd4a8dc68cd9 ------","26","11"
"QuorumPeer.java","ZOOKEEPER-2380","2016-06-23 23:25","tree 1c94efc7eb19e306f72e4bd61aa2bd4a8dc68cd9 ------","26","11"
"ClientBase.java","ZOOKEEPER-2380","2016-06-23 23:25","tree 1c94efc7eb19e306f72e4bd61aa2bd4a8dc68cd9 ------","26","11"
"Leader.java","ZOOKEEPER-2380","2016-06-23 23:25","tree 1c94efc7eb19e306f72e4bd61aa2bd4a8dc68cd9 ------","26","11"
"QuorumPeerTestBase.java","ZOOKEEPER-2380","2016-06-23 23:25","tree 1c94efc7eb19e306f72e4bd61aa2bd4a8dc68cd9 ------","26","11"
"RaceConditionTest.java","ZOOKEEPER-2380","2016-06-23 23:25","tree 1c94efc7eb19e306f72e4bd61aa2bd4a8dc68cd9 ------","26","11"
"QuorumPeer.java","ZOOKEEPER-2380","2016-06-23 23:25","tree 1c94efc7eb19e306f72e4bd61aa2bd4a8dc68cd9 ------","26","11"
"ClientBase.java","ZOOKEEPER-2380","2016-06-23 23:25","tree 1c94efc7eb19e306f72e4bd61aa2bd4a8dc68cd9 ------","26","11"
"Leader.java","ZOOKEEPER-2380","2016-06-23 23:25","tree 1c94efc7eb19e306f72e4bd61aa2bd4a8dc68cd9 ------","26","11"
"ClientCnxn.java","ZOOKEEPER-2335","2015-12-06 19:58","tree 7c691392d83f0800a6aec839600ea8c1c9c3c925 ------","26","11"
"ClientCnxn.java","ZOOKEEPER-2335","2015-12-06 19:58","tree 7c691392d83f0800a6aec839600ea8c1c9c3c925 ------","26","11"
"ZooKeeperMain.java","ZOOKEEPER-2329","2015-11-22 00:33","tree 640439e690d8643d8ecd83851ba8325557dd1007 ------","26","11"
"PurgeTxnLog.java","ZOOKEEPER-2329","2015-11-22 00:33","tree 640439e690d8643d8ecd83851ba8325557dd1007 ------","26","11"
"AdminServer.java","ZOOKEEPER-2329","2015-11-22 00:33","tree 640439e690d8643d8ecd83851ba8325557dd1007 ------","26","11"
"JettyAdminServer.java","ZOOKEEPER-2329","2015-11-22 00:33","tree 640439e690d8643d8ecd83851ba8325557dd1007 ------","26","11"
"ZooKeeperServerBean.java","ZOOKEEPER-2304","2015-12-06 21:37","tree 673e53796ed91c6d030bf5a287146c6ab9ad76c4 ------","26","11"
"RemotePeerBeanTest.java","ZOOKEEPER-2302","2015-10-28 22:54","tree d3cf00581fc215fc1a9f538fbd36f3cc2fed11ad ------","26","11"
"QuorumPeerConfigTest.java","ZOOKEEPER-2302","2015-10-28 22:54","tree d3cf00581fc215fc1a9f538fbd36f3cc2fed11ad ------","26","11"
"RemotePeerBeanTest.java","ZOOKEEPER-2302","2015-10-28 22:54","tree d3cf00581fc215fc1a9f538fbd36f3cc2fed11ad ------","26","11"
"QuorumPeerConfigTest.java","ZOOKEEPER-2302","2015-10-28 22:54","tree d3cf00581fc215fc1a9f538fbd36f3cc2fed11ad ------","26","11"
"QuorumPeerTest.java","ZOOKEEPER-2301","2015-12-07 05:59","tree 78120d56503a4f1ffbe57cb56244d7d73e9cf476 ------","26","11"
"QuorumPeer.java","ZOOKEEPER-2301","2015-12-07 05:59","tree 78120d56503a4f1ffbe57cb56244d7d73e9cf476 ------","26","11"
"LocalPeerBeanTest.java","ZOOKEEPER-2299","2015-12-07 06:06","tree 0ecbeca424111e909d1e4752a3089198187e601c ------","26","11"
"LocalPeerBean.java","ZOOKEEPER-2299","2015-12-07 06:06","tree 0ecbeca424111e909d1e4752a3089198187e601c ------","26","11"
"LocalPeerBeanTest.java","ZOOKEEPER-2299","2015-12-07 06:06","tree 0ecbeca424111e909d1e4752a3089198187e601c ------","26","11"
"LocalPeerBean.java","ZOOKEEPER-2299","2015-12-07 06:06","tree 0ecbeca424111e909d1e4752a3089198187e601c ------","26","11"
"QuorumPeerConfig.java","ZOOKEEPER-2264","2015-09-06 20:02","tree 832257b27d1762302c8a46ce6762a0b6f61f837f ------","26","11"
"QuorumPeerConfigTest.java","ZOOKEEPER-2264","2015-09-06 20:02","tree 832257b27d1762302c8a46ce6762a0b6f61f837f ------","26","11"
"QuorumPeerConfig.java","ZOOKEEPER-2264","2015-09-06 20:02","tree 832257b27d1762302c8a46ce6762a0b6f61f837f ------","26","11"
"QuorumPeerConfigTest.java","ZOOKEEPER-2264","2015-09-06 20:02","tree 832257b27d1762302c8a46ce6762a0b6f61f837f ------","26","11"
"ClientPortBindTest.java","ZOOKEEPER-1256","2016-07-30 01:02","tree 8225531e882c0ab4c435859f684e58f65d15bb44 ------","29","11"
"ClientPortBindTest.java","ZOOKEEPER-1256","2016-07-30 01:02","tree 8225531e882c0ab4c435859f684e58f65d15bb44 ------","29","11"
"ZooKeeperRetry.java","ZOOKEEPER-2818","2017-07-04 07:56","tree 33ea8953953d1f4f63d56b19229b58a9614cca05 ------","30","11"
"ZooKeeper.java","ZOOKEEPER-2818","2017-07-04 07:56","tree 33ea8953953d1f4f63d56b19229b58a9614cca05 ------","30","11"
"ZooKeeperRetry.java","ZOOKEEPER-2818","2017-07-04 07:56","tree 33ea8953953d1f4f63d56b19229b58a9614cca05 ------","32","11"
"ZooKeeper.java","ZOOKEEPER-2818","2017-07-04 07:56","tree 33ea8953953d1f4f63d56b19229b58a9614cca05 ------","32","11"
"ZooKeeperRetry.java","ZOOKEEPER-2818","2017-07-04 07:56","tree 33ea8953953d1f4f63d56b19229b58a9614cca05 ------","32","11"
"ZooKeeper.java","ZOOKEEPER-2818","2017-07-04 07:56","tree 33ea8953953d1f4f63d56b19229b58a9614cca05 ------","32","11"
"ClientBase.java","ZOOKEEPER-2722","2017-04-18 01:37","tree 578a6b457e8accb5078aeb97694fc3ec0a1aba99 ------","30","11"
"ReadOnlyModeTest.java","ZOOKEEPER-2722","2017-04-18 01:37","tree 578a6b457e8accb5078aeb97694fc3ec0a1aba99 ------","30","11"
"ClientBase.java","ZOOKEEPER-2722","2017-04-18 01:37","tree 578a6b457e8accb5078aeb97694fc3ec0a1aba99 ------","32","11"
"ReadOnlyModeTest.java","ZOOKEEPER-2722","2017-04-18 01:37","tree 578a6b457e8accb5078aeb97694fc3ec0a1aba99 ------","32","11"
"ClientBase.java","ZOOKEEPER-2722","2017-04-18 01:37","tree 578a6b457e8accb5078aeb97694fc3ec0a1aba99 ------","32","11"
"ReadOnlyModeTest.java","ZOOKEEPER-2722","2017-04-18 01:37","tree 578a6b457e8accb5078aeb97694fc3ec0a1aba99 ------","32","11"
"FileTxnLog.java","ZOOKEEPER-2853","2017-08-03 20:41","tree 6544a2a7e853b7d1d3c4490dd5fd544c296375ba ------","32","11"
"FileTxnLog.java","ZOOKEEPER-2853","2017-08-03 20:41","tree 6544a2a7e853b7d1d3c4490dd5fd544c296375ba ------","32","11"
"FastLeaderElection.java","ZOOKEEPER-1807","2014-07-18 20:48","tree cb61bd5970cfea5c4c526000d80714a2a213eeb6 ------","32","11"
"ReconfigRecoveryTest.java","ZOOKEEPER-1807","2014-07-18 20:48","tree cb61bd5970cfea5c4c526000d80714a2a213eeb6 ------","32","11"
"QuorumPeerTestBase.java","ZOOKEEPER-1807","2014-07-18 20:48","tree cb61bd5970cfea5c4c526000d80714a2a213eeb6 ------","32","11"
"QuorumPeer.java","ZOOKEEPER-1807","2014-07-18 20:48","tree cb61bd5970cfea5c4c526000d80714a2a213eeb6 ------","32","11"
"FastLeaderElection.java","ZOOKEEPER-1807","2014-07-18 20:48","tree cb61bd5970cfea5c4c526000d80714a2a213eeb6 ------","32","11"
"ReconfigRecoveryTest.java","ZOOKEEPER-1807","2014-07-18 20:48","tree cb61bd5970cfea5c4c526000d80714a2a213eeb6 ------","32","11"
"QuorumPeerTestBase.java","ZOOKEEPER-1807","2014-07-18 20:48","tree cb61bd5970cfea5c4c526000d80714a2a213eeb6 ------","32","11"
"QuorumPeer.java","ZOOKEEPER-1807","2014-07-18 20:48","tree cb61bd5970cfea5c4c526000d80714a2a213eeb6 ------","32","11"
"MultipleAddressesTest.java","ZOOKEEPER-3698","2020-01-23 13:43","tree df910b5380cea98718ca5815060b865cf2d7ad24 ------","32","11"
"QuorumPeerMain.java","ZOOKEEPER-3698","2020-01-23 13:43","tree df910b5380cea98718ca5815060b865cf2d7ad24 ------","32","11"
"Learner.java","ZOOKEEPER-3698","2020-01-23 13:43","tree df910b5380cea98718ca5815060b865cf2d7ad24 ------","32","11"
"QuorumPeerMainTest.java","ZOOKEEPER-3698","2020-01-23 13:43","tree df910b5380cea98718ca5815060b865cf2d7ad24 ------","32","11"
"QuorumPeer.java","ZOOKEEPER-3698","2020-01-23 13:43","tree df910b5380cea98718ca5815060b865cf2d7ad24 ------","32","11"
"QuorumPeerConfig.java","ZOOKEEPER-3698","2020-01-23 13:43","tree df910b5380cea98718ca5815060b865cf2d7ad24 ------","32","11"
"QuorumCnxManager.java","ZOOKEEPER-3698","2020-01-23 13:43","tree df910b5380cea98718ca5815060b865cf2d7ad24 ------","32","11"
"MultipleAddresses.java","ZOOKEEPER-3698","2020-01-23 13:43","tree df910b5380cea98718ca5815060b865cf2d7ad24 ------","32","11"
"MultipleAddressesTest.java","ZOOKEEPER-3698","2020-01-23 13:43","tree df910b5380cea98718ca5815060b865cf2d7ad24 ------","32","11"
"QuorumPeerMain.java","ZOOKEEPER-3698","2020-01-23 13:43","tree df910b5380cea98718ca5815060b865cf2d7ad24 ------","32","11"
"Learner.java","ZOOKEEPER-3698","2020-01-23 13:43","tree df910b5380cea98718ca5815060b865cf2d7ad24 ------","32","11"
"QuorumPeerMainTest.java","ZOOKEEPER-3698","2020-01-23 13:43","tree df910b5380cea98718ca5815060b865cf2d7ad24 ------","32","11"
"QuorumPeer.java","ZOOKEEPER-3698","2020-01-23 13:43","tree df910b5380cea98718ca5815060b865cf2d7ad24 ------","32","11"
"QuorumPeerConfig.java","ZOOKEEPER-3698","2020-01-23 13:43","tree df910b5380cea98718ca5815060b865cf2d7ad24 ------","32","11"
"QuorumCnxManager.java","ZOOKEEPER-3698","2020-01-23 13:43","tree df910b5380cea98718ca5815060b865cf2d7ad24 ------","32","11"
"MultipleAddresses.java","ZOOKEEPER-3698","2020-01-23 13:43","tree df910b5380cea98718ca5815060b865cf2d7ad24 ------","32","11"
"StandaloneServerAuditTest.java","ZOOKEEPER-3653","2019-12-19 09:51","tree 1d3abf9013cb99f134b5170d395acbc7b300a1f2 ------","32","11"
"AuditHelper.java","ZOOKEEPER-3653","2019-12-19 09:51","tree 1d3abf9013cb99f134b5170d395acbc7b300a1f2 ------","32","11"
"StandaloneServerAuditTest.java","ZOOKEEPER-3653","2019-12-19 09:51","tree 1d3abf9013cb99f134b5170d395acbc7b300a1f2 ------","32","11"
"AuditHelper.java","ZOOKEEPER-3653","2019-12-19 09:51","tree 1d3abf9013cb99f134b5170d395acbc7b300a1f2 ------","32","11"
"FastLeaderElection.java","ZOOKEEPER-3218","2019-01-18 03:42","tree 945f54da255f5dc1cbc25b36d958d6b50a1f018a ------","32","11"
"DataTreeTest.java","ZOOKEEPER-3125","2018-12-20 15:17","tree e45b36581e0b2f45c18dec3c179cb0e543c5d546 ------","32","11"
"DataTree.java","ZOOKEEPER-3125","2018-12-20 15:17","tree e45b36581e0b2f45c18dec3c179cb0e543c5d546 ------","32","11"
"FuzzySnapshotRelatedTest.java","ZOOKEEPER-3125","2018-09-12 13:29","tree cc3840187730b10ceb5df30f03f50558193ff35d ------","32","11"
"DataTreeTest.java","ZOOKEEPER-3125","2018-12-20 15:17","tree e45b36581e0b2f45c18dec3c179cb0e543c5d546 ------","35","11"
"DataTree.java","ZOOKEEPER-3125","2018-12-20 15:17","tree e45b36581e0b2f45c18dec3c179cb0e543c5d546 ------","35","11"
"FuzzySnapshotRelatedTest.java","ZOOKEEPER-3125","2018-09-12 13:29","tree cc3840187730b10ceb5df30f03f50558193ff35d ------","35","11"
"Leader.java","ZOOKEEPER-3117","2018-08-17 14:40","tree 43fd4db138c1e5d6636e00eaf00137ae9b47bc70 ------","35","11"
"LeaderBean.java","ZOOKEEPER-3117","2018-08-17 14:40","tree 43fd4db138c1e5d6636e00eaf00137ae9b47bc70 ------","35","11"
"LeaderBeanTest.java","ZOOKEEPER-3117","2018-08-17 14:40","tree 43fd4db138c1e5d6636e00eaf00137ae9b47bc70 ------","35","11"
"ZooKeeper.java","ZOOKEEPER-2804","2017-08-18 23:35","tree f1ff9f2c03f9268cb65c3348ae2db3e980fc4c0a ------","35","11"
"ACLTest.java","ZOOKEEPER-2804","2017-08-18 23:35","tree f1ff9f2c03f9268cb65c3348ae2db3e980fc4c0a ------","35","11"
"Zab1_0Test.java","ZOOKEEPER-2307","2019-12-17 13:48","tree 0acbc7af7b77c97975009921902848aed2c2d976 ------","35","11"
"QuorumPeer.java","ZOOKEEPER-2307","2019-12-17 13:48","tree 0acbc7af7b77c97975009921902848aed2c2d976 ------","35","11"
"EpochWriteFailureTest.java","ZOOKEEPER-2307","2019-12-17 13:48","tree 0acbc7af7b77c97975009921902848aed2c2d976 ------","35","11"
"Zab1_0Test.java","ZOOKEEPER-2307","2019-12-17 13:48","tree 0acbc7af7b77c97975009921902848aed2c2d976 ------","39","11"
"QuorumPeer.java","ZOOKEEPER-2307","2019-12-17 13:48","tree 0acbc7af7b77c97975009921902848aed2c2d976 ------","39","11"
"EpochWriteFailureTest.java","ZOOKEEPER-2307","2019-12-17 13:48","tree 0acbc7af7b77c97975009921902848aed2c2d976 ------","39","11"
"TxnLogToolkit.java","ZOOKEEPER-1823","2018-09-12 13:32","tree 0953366b2a09f3c61ba9a13419e907d36008221c ------","39","11"
"TxnLogToolkit.java","ZOOKEEPER-1823","2018-09-12 13:32","tree 0953366b2a09f3c61ba9a13419e907d36008221c ------","35","11"
"FileChangeWatcher.java","ZOOKEEPER-3739","2020-03-20 11:00","tree a6c869dc06ea066babbd3cdac55e9a02eae27a55 ------","35","11"
"FileChangeWatcher.java","ZOOKEEPER-3739","2020-03-20 11:00","tree a6c869dc06ea066babbd3cdac55e9a02eae27a55 ------","38","11"
"FileChangeWatcher.java","ZOOKEEPER-3739","2020-03-20 11:00","tree a6c869dc06ea066babbd3cdac55e9a02eae27a55 ------","39","11"
"PurgeTxnTest.java","ZOOKEEPER-3710","2020-01-31 12:01","tree 79c4a0fd2f5cf0aaba413b068e6dff52850f0d93 ------","39","11"
"SyncRequestProcessor.java","ZOOKEEPER-3656","2020-01-07 20:39","tree c81882ffedaf6c7d8f0902293b8555f864350a4b ------","39","11"
"ZooKeeper.java","ZOOKEEPER-3579","2020-04-16 12:50","tree 49c735dfbfd9e975ff82afea88695fc5388a1a5d ------","39","11"
"ClientCnxn.java","ZOOKEEPER-3579","2020-04-16 12:50","tree 49c735dfbfd9e975ff82afea88695fc5388a1a5d ------","39","11"
