"index","VersionID","VersionName","AffectedVersion","Class","Ticket","Bugginess"
"1","12313216","3.0.0","3.0.0","FileSnap.java","ZOOKEEPER-201","YES"
"1","12313216","3.0.0","3.0.0","FileTxnLog.java","ZOOKEEPER-201","YES"
"1","12313216","3.0.0","3.0.0","FileSnap.java","ZOOKEEPER-200","YES"
"1","12313216","3.0.0","3.0.0","FileTxnLog.java","ZOOKEEPER-199","YES"
"1","12313216","3.0.0","3.0.0","FileTxnSnapLog.java","ZOOKEEPER-199","YES"
"1","12313216","3.0.0","3.0.0","LearnerSyncRequest.java","ZOOKEEPER-198","YES"
"1","12313216","3.0.0","3.0.0","ClientCnxn.java","ZOOKEEPER-137","YES"
"1","12313216","3.0.0","3.0.0","ToStringOutputArchive.java","ZOOKEEPER-136","YES"
"1","12313216","3.0.0","3.0.0","Request.java","ZOOKEEPER-136","YES"
"1","12313216","3.0.0","3.0.0","FinalRequestProcessor.java","ZOOKEEPER-136","YES"
"1","12313216","3.0.0","3.0.0","LearnerSyncRequest.java","ZOOKEEPER-136","YES"
"1","12313216","3.0.0","3.0.0","QuorumPeer.java","ZOOKEEPER-136","YES"
"1","12313216","3.0.0","3.0.0","ProposalRequestProcessor.java","ZOOKEEPER-136","YES"
"1","12313216","3.0.0","3.0.0","ProviderRegistry.java","ZOOKEEPER-136","YES"
"1","12313216","3.0.0","3.0.0","ZooKeeperServer.java","ZOOKEEPER-136","YES"
"1","12313216","3.0.0","3.0.0","FollowerZooKeeperServer.java","ZOOKEEPER-136","YES"
"1","12313216","3.0.0","3.0.0","ClientCnxn.java","ZOOKEEPER-136","YES"
"1","12313216","3.0.0","3.0.0","CommitProcessor.java","ZOOKEEPER-136","YES"
"1","12313216","3.0.0","3.0.0","Leader.java","ZOOKEEPER-136","YES"
"1","12313216","3.0.0","3.0.0","AsyncOpsTest.java","ZOOKEEPER-136","YES"
"1","12313216","3.0.0","3.0.0","AsyncOps.java","ZOOKEEPER-136","YES"
"1","12313216","3.0.0","3.0.0","LearnerHandler.java","ZOOKEEPER-136","YES"
"1","12313216","3.0.0","3.0.0","QuorumTest.java","ZOOKEEPER-133","YES"
"1","12313216","3.0.0","3.0.0","ClientTest.java","ZOOKEEPER-133","YES"
"1","12313216","3.0.0","3.0.0","QuorumPeer.java","ZOOKEEPER-127","YES"
"1","12313216","3.0.0","3.0.0","Election.java","ZOOKEEPER-127","YES"
"1","12313216","3.0.0","3.0.0","QuorumCnxManager.java","ZOOKEEPER-127","YES"
"1","12313216","3.0.0","3.0.0","FastLeaderElection.java","ZOOKEEPER-127","YES"
"1","12313216","3.0.0","3.0.0","FLETest.java","ZOOKEEPER-127","YES"
"1","12313216","3.0.0","3.0.0","Leader.java","ZOOKEEPER-117","YES"
"1","12313216","3.0.0","3.0.0","DataNode.java","ZOOKEEPER-226","YES"
"1","12313216","3.0.0","3.0.0","NullDataTest.java","ZOOKEEPER-226","YES"
"1","12313216","3.0.0","3.0.0","DataNode.java","ZOOKEEPER-226","YES"
"1","12313216","3.0.0","3.0.0","NullDataTest.java","ZOOKEEPER-226","YES"
"1","12313216","3.0.0","3.0.0","WatcherTest.java","ZOOKEEPER-219","YES"
"1","12313216","3.0.0","3.0.0","WatcherTest.java","ZOOKEEPER-219","YES"
"1","12313216","3.0.0","3.0.0","ClientBase.java","ZOOKEEPER-204","YES"
"1","12313216","3.0.0","3.0.0","WatcherTest.java","ZOOKEEPER-204","YES"
"1","12313216","3.0.0","3.0.0","ClientCnxn.java","ZOOKEEPER-204","YES"
"1","12313216","3.0.0","3.0.0","TestableZooKeeper.java","ZOOKEEPER-204","YES"
"1","12313216","3.0.0","3.0.0","ClientBase.java","ZOOKEEPER-204","YES"
"1","12313216","3.0.0","3.0.0","WatcherTest.java","ZOOKEEPER-204","YES"
"1","12313216","3.0.0","3.0.0","ClientCnxn.java","ZOOKEEPER-204","YES"
"1","12313216","3.0.0","3.0.0","TestableZooKeeper.java","ZOOKEEPER-204","YES"
"1","12313216","3.0.0","3.0.0","Utils.java","ZOOKEEPER-268","YES"
"1","12313216","3.0.0","3.0.0","ToStringTest.java","ZOOKEEPER-268","YES"
"1","12313216","3.0.0","3.0.0","SessionTest.java","ZOOKEEPER-267","YES"
"1","12313216","3.0.0","3.0.0","ClientCnxn.java","ZOOKEEPER-267","YES"
"1","12313216","3.0.0","3.0.0","PurgeTxnLog.java","ZOOKEEPER-252","YES"
"1","12313216","3.0.0","3.0.0","FileSnap.java","ZOOKEEPER-252","YES"
"1","12313216","3.0.0","3.0.0","FileTxnSnapLog.java","ZOOKEEPER-252","YES"
"1","12313216","3.0.0","3.0.0","FileTxnSnapLog.java","ZOOKEEPER-251","YES"
"1","12313216","3.0.0","3.0.0","RepeatStartupTest.java","ZOOKEEPER-251","YES"
"1","12313216","3.0.0","3.0.0","FileTxnLog.java","ZOOKEEPER-251","YES"
"1","12313216","3.0.0","3.0.0","InvalidSnapshotTest.java","ZOOKEEPER-250","YES"
"1","12313216","3.0.0","3.0.0","ClientTest.java","ZOOKEEPER-16","YES"
"1","12313216","3.0.0","3.0.0","PrepRequestProcessor.java","ZOOKEEPER-16","YES"
"1","12313216","3.0.0","3.0.0","ZooKeeper.java","ZOOKEEPER-16","YES"
"3","12313381","3.1.0","3.1.0","ZooKeeperServer.java","ZOOKEEPER-302","YES"
"3","12313381","3.1.0","3.1.0","LeaderZooKeeperServer.java","ZOOKEEPER-302","YES"
"3","12313381","3.1.0","3.1.0","MBeanRegistry.java","ZOOKEEPER-302","YES"
"3","12313381","3.1.0","3.1.0","ConnectionBean.java","ZOOKEEPER-302","YES"
"3","12313381","3.1.0","3.1.0","QuorumPeer.java","ZOOKEEPER-302","YES"
"4","12313649","3.1.1","3.1.1","ZooKeeperServer.java","ZOOKEEPER-330","YES"
"4","12313649","3.1.1","3.1.1","ServerConfig.java","ZOOKEEPER-330","YES"
"4","12313649","3.1.1","3.1.1","ZooKeeperServer.java","ZOOKEEPER-330","YES"
"4","12313649","3.1.1","3.1.1","ServerConfig.java","ZOOKEEPER-330","YES"
"4","12313649","3.1.1","3.1.1","NIOServerCnxn.java","ZOOKEEPER-597","YES"
"4","12313649","3.1.1","3.1.1","ClientBase.java","ZOOKEEPER-597","YES"
"4","12313649","3.1.1","3.1.1","CommitProcessor.java","ZOOKEEPER-597","YES"
"4","12313649","3.1.1","3.1.1","NIOServerCnxn.java","ZOOKEEPER-597","YES"
"4","12313649","3.1.1","3.1.1","ClientBase.java","ZOOKEEPER-597","YES"
"4","12313649","3.1.1","3.1.1","CommitProcessor.java","ZOOKEEPER-597","YES"
"4","12313649","3.1.1","3.1.1","NIOServerCnxn.java","ZOOKEEPER-597","YES"
"4","12313649","3.1.1","3.1.1","ClientBase.java","ZOOKEEPER-597","YES"
"4","12313649","3.1.1","3.1.1","CommitProcessor.java","ZOOKEEPER-597","YES"
"4","12313649","3.1.1","3.1.1","QuorumZxidSyncTest.java","ZOOKEEPER-582","YES"
"4","12313649","3.1.1","3.1.1","QuorumBase.java","ZOOKEEPER-582","YES"
"4","12313649","3.1.1","3.1.1","ClientBase.java","ZOOKEEPER-582","YES"
"4","12313649","3.1.1","3.1.1","Follower.java","ZOOKEEPER-582","YES"
"4","12313649","3.1.1","3.1.1","QuorumPeer.java","ZOOKEEPER-582","YES"
"4","12313649","3.1.1","3.1.1","QuorumZxidSyncTest.java","ZOOKEEPER-582","YES"
"4","12313649","3.1.1","3.1.1","QuorumBase.java","ZOOKEEPER-582","YES"
"4","12313649","3.1.1","3.1.1","ClientBase.java","ZOOKEEPER-582","YES"
"4","12313649","3.1.1","3.1.1","Follower.java","ZOOKEEPER-582","YES"
"4","12313649","3.1.1","3.1.1","QuorumPeer.java","ZOOKEEPER-582","YES"
"4","12313649","3.1.1","3.1.1","QuorumZxidSyncTest.java","ZOOKEEPER-582","YES"
"4","12313649","3.1.1","3.1.1","QuorumBase.java","ZOOKEEPER-582","YES"
"4","12313649","3.1.1","3.1.1","ClientBase.java","ZOOKEEPER-582","YES"
"4","12313649","3.1.1","3.1.1","Follower.java","ZOOKEEPER-582","YES"
"4","12313649","3.1.1","3.1.1","QuorumPeer.java","ZOOKEEPER-582","YES"
"1","12313216","3.0.0","3.0.0","QuorumPeerConfig.java","ZOOKEEPER-192","YES"
"3","12313381","3.1.0","3.1.0","ZooKeeper.java","ZOOKEEPER-355","YES"
"3","12313381","3.1.0","3.1.0","ClientTest.java","ZOOKEEPER-355","YES"
"3","12313381","3.1.0","3.1.0","ClientTest.java","ZOOKEEPER-94","YES"
"3","12313381","3.1.0","3.1.0","JMXEnv.java","ZOOKEEPER-94","YES"
"3","12313381","3.1.0","3.1.0","QuorumBase.java","ZOOKEEPER-94","YES"
"3","12313381","3.1.0","3.1.0","ClientBase.java","ZOOKEEPER-94","YES"
"4","12313649","3.1.1","3.1.1","ZooDefs.java","ZOOKEEPER-444","YES"
"4","12313649","3.1.1","3.1.1","ACLRootTest.java","ZOOKEEPER-433","YES"
"4","12313649","3.1.1","3.1.1","QuorumCnxManager.java","ZOOKEEPER-362","YES"
"4","12313649","3.1.1","3.1.1","FLENewEpochTest.java","ZOOKEEPER-362","YES"
"5","12313491","3.2.0","3.2.0","SessionTest.java","ZOOKEEPER-450","YES"
"5","12313491","3.2.0","3.2.0","ClientBase.java","ZOOKEEPER-450","YES"
"5","12313491","3.2.0","3.2.0","CRCTest.java","ZOOKEEPER-385","YES"
"5","12313491","3.2.0","3.2.0","CRCTest.java","ZOOKEEPER-367","YES"
"5","12313491","3.2.0","3.2.0","SerializeUtils.java","ZOOKEEPER-367","YES"
"5","12313491","3.2.0","3.2.0","FileSnap.java","ZOOKEEPER-367","YES"
"5","12313491","3.2.0","3.2.0","InvalidSnapshotTest.java","ZOOKEEPER-367","YES"
"4","12313649","3.1.1","3.1.1","ZooKeeper.java","ZOOKEEPER-490","YES"
"4","12313649","3.1.1","3.1.1","ZooKeeper.java","ZOOKEEPER-490","YES"
"4","12313649","3.1.1","3.1.1","QuorumQuotaTest.java","ZOOKEEPER-487","YES"
"4","12313649","3.1.1","3.1.1","ZooKeeperQuotaTest.java","ZOOKEEPER-487","YES"
"4","12313649","3.1.1","3.1.1","QuorumQuotaTest.java","ZOOKEEPER-487","YES"
"4","12313649","3.1.1","3.1.1","ZooKeeperQuotaTest.java","ZOOKEEPER-487","YES"
"4","12313649","3.1.1","3.1.1","QuorumTest.java","ZOOKEEPER-483","YES"
"4","12313649","3.1.1","3.1.1","QuorumTest.java","ZOOKEEPER-483","YES"
"4","12313649","3.1.1","3.1.1","QuorumCnxManager.java","ZOOKEEPER-481","YES"
"4","12313649","3.1.1","3.1.1","CnxManagerTest.java","ZOOKEEPER-481","YES"
"4","12313649","3.1.1","3.1.1","QuorumCnxManager.java","ZOOKEEPER-481","YES"
"4","12313649","3.1.1","3.1.1","CnxManagerTest.java","ZOOKEEPER-481","YES"
"4","12313649","3.1.1","3.1.1","ZooKeeperMain.java","ZOOKEEPER-457","YES"
"4","12313649","3.1.1","3.1.1","ZooKeeperMain.java","ZOOKEEPER-457","YES"
"5","12313491","3.2.0","3.2.0","QuorumPeerMainTest.java","ZOOKEEPER-499","YES"
"5","12313491","3.2.0","3.2.0","QuorumCnxManager.java","ZOOKEEPER-499","YES"
"5","12313491","3.2.0","3.2.0","QuorumPeerConfig.java","ZOOKEEPER-499","YES"
"5","12313491","3.2.0","3.2.0","QuorumPeerMainTest.java","ZOOKEEPER-499","YES"
"5","12313491","3.2.0","3.2.0","QuorumCnxManager.java","ZOOKEEPER-499","YES"
"5","12313491","3.2.0","3.2.0","QuorumPeerConfig.java","ZOOKEEPER-499","YES"
"5","12313491","3.2.0","3.2.0","FLEZeroWeightTest.java","ZOOKEEPER-498","YES"
"5","12313491","3.2.0","3.2.0","FastLeaderElection.java","ZOOKEEPER-498","YES"
"5","12313491","3.2.0","3.2.0","QuorumHierarchical.java","ZOOKEEPER-498","YES"
"5","12313491","3.2.0","3.2.0","HierarchicalQuorumTest.java","ZOOKEEPER-498","YES"
"5","12313491","3.2.0","3.2.0","FLEZeroWeightTest.java","ZOOKEEPER-498","YES"
"5","12313491","3.2.0","3.2.0","FastLeaderElection.java","ZOOKEEPER-498","YES"
"5","12313491","3.2.0","3.2.0","QuorumHierarchical.java","ZOOKEEPER-498","YES"
"5","12313491","3.2.0","3.2.0","HierarchicalQuorumTest.java","ZOOKEEPER-498","YES"
"5","12313491","3.2.0","3.2.0","FLEZeroWeightTest.java","ZOOKEEPER-491","YES"
"5","12313491","3.2.0","3.2.0","FLEZeroWeightTest.java","ZOOKEEPER-491","YES"
"5","12313491","3.2.0","3.2.0","ZooKeeperServer.java","ZOOKEEPER-484","YES"
"5","12313491","3.2.0","3.2.0","LeaderZooKeeperServer.java","ZOOKEEPER-484","YES"
"5","12313491","3.2.0","3.2.0","ServerCnxn.java","ZOOKEEPER-484","YES"
"5","12313491","3.2.0","3.2.0","QuorumTest.java","ZOOKEEPER-484","YES"
"5","12313491","3.2.0","3.2.0","SessionTest.java","ZOOKEEPER-484","YES"
"5","12313491","3.2.0","3.2.0","ZooKeeperServer.java","ZOOKEEPER-484","YES"
"5","12313491","3.2.0","3.2.0","LeaderZooKeeperServer.java","ZOOKEEPER-484","YES"
"5","12313491","3.2.0","3.2.0","ServerCnxn.java","ZOOKEEPER-484","YES"
"5","12313491","3.2.0","3.2.0","QuorumTest.java","ZOOKEEPER-484","YES"
"5","12313491","3.2.0","3.2.0","SessionTest.java","ZOOKEEPER-484","YES"
"5","12313491","3.2.0","3.2.0","FastLeaderElection.java","ZOOKEEPER-480","YES"
"5","12313491","3.2.0","3.2.0","FLELostMessageTest.java","ZOOKEEPER-480","YES"
"5","12313491","3.2.0","3.2.0","FastLeaderElection.java","ZOOKEEPER-480","YES"
"5","12313491","3.2.0","3.2.0","FLELostMessageTest.java","ZOOKEEPER-480","YES"
"5","12313491","3.2.0","3.2.0","QuorumPeerMainTest.java","ZOOKEEPER-547","YES"
"5","12313491","3.2.0","3.2.0","QuorumPeerMainTest.java","ZOOKEEPER-547","YES"
"7","12314335","3.2.2","3.2.2","LearnerHandler.java","ZOOKEEPER-598","YES"
"7","12314335","3.2.2","3.2.2","QuorumTest.java","ZOOKEEPER-710","YES"
"7","12314335","3.2.2","3.2.2","FinalRequestProcessor.java","ZOOKEEPER-710","YES"
"7","12314335","3.2.2","3.2.2","QuorumTest.java","ZOOKEEPER-710","YES"
"7","12314335","3.2.2","3.2.2","FinalRequestProcessor.java","ZOOKEEPER-710","YES"
"5","12313491","3.2.0","3.2.0","QuorumCnxManager.java","ZOOKEEPER-512","YES"
"5","12313491","3.2.0","3.2.0","LearnerHandler.java","ZOOKEEPER-511","YES"
"6","12314068","3.2.1","3.2.1","MaxCnxnsTest.java","ZOOKEEPER-614","YES"
"6","12314068","3.2.1","3.2.1","ZKDatabase.java","ZOOKEEPER-596","YES"
"6","12314068","3.2.1","3.2.1","ObserverZooKeeperServer.java","ZOOKEEPER-596","YES"
"6","12314068","3.2.1","3.2.1","Learner.java","ZOOKEEPER-596","YES"
"6","12314068","3.2.1","3.2.1","ZkDatabaseCorruptionTest.java","ZOOKEEPER-596","YES"
"6","12314068","3.2.1","3.2.1","LeaderZooKeeperServer.java","ZOOKEEPER-596","YES"
"6","12314068","3.2.1","3.2.1","ZooKeeperServer.java","ZOOKEEPER-596","YES"
"6","12314068","3.2.1","3.2.1","PrepRequestProcessor.java","ZOOKEEPER-596","YES"
"6","12314068","3.2.1","3.2.1","LearnerZooKeeperServer.java","ZOOKEEPER-596","YES"
"6","12314068","3.2.1","3.2.1","QuorumPeer.java","ZOOKEEPER-596","YES"
"6","12314068","3.2.1","3.2.1","FollowerZooKeeperServer.java","ZOOKEEPER-596","YES"
"6","12314068","3.2.1","3.2.1","PrepRequestProcessor.java","ZOOKEEPER-588","YES"
"6","12314068","3.2.1","3.2.1","KeeperException.java","ZOOKEEPER-588","YES"
"6","12314068","3.2.1","3.2.1","Request.java","ZOOKEEPER-588","YES"
"6","12314068","3.2.1","3.2.1","AsyncHammerTest.java","ZOOKEEPER-570","YES"
"6","12314068","3.2.1","3.2.1","FileTxnSnapLog.java","ZOOKEEPER-568","YES"
"6","12314068","3.2.1","3.2.1","TxnLog.java","ZOOKEEPER-568","YES"
"6","12314068","3.2.1","3.2.1","SyncRequestProcessor.java","ZOOKEEPER-568","YES"
"6","12314068","3.2.1","3.2.1","NIOServerCnxn.java","ZOOKEEPER-566","YES"
"6","12314068","3.2.1","3.2.1","ConnectionMXBean.java","ZOOKEEPER-566","YES"
"6","12314068","3.2.1","3.2.1","FourLetterWordsTest.java","ZOOKEEPER-566","YES"
"6","12314068","3.2.1","3.2.1","ServerCnxn.java","ZOOKEEPER-566","YES"
"6","12314068","3.2.1","3.2.1","ConnectionBean.java","ZOOKEEPER-566","YES"
"6","12314068","3.2.1","3.2.1","ClientBase.java","ZOOKEEPER-566","YES"
"6","12314068","3.2.1","3.2.1","FinalRequestProcessor.java","ZOOKEEPER-566","YES"
"6","12314068","3.2.1","3.2.1","FourLetterWordsQuorumTest.java","ZOOKEEPER-566","YES"
"6","12314068","3.2.1","3.2.1","ClientTest.java","ZOOKEEPER-558","YES"
"6","12314068","3.2.1","3.2.1","NIOServerCnxn.java","ZOOKEEPER-558","YES"
"6","12314068","3.2.1","3.2.1","SessionTracker.java","ZOOKEEPER-558","YES"
"6","12314068","3.2.1","3.2.1","SessionTrackerImpl.java","ZOOKEEPER-558","YES"
"6","12314068","3.2.1","3.2.1","QuorumBase.java","ZOOKEEPER-558","YES"
"6","12314068","3.2.1","3.2.1","ZooKeeperServer.java","ZOOKEEPER-558","YES"
"6","12314068","3.2.1","3.2.1","ServerCnxn.java","ZOOKEEPER-558","YES"
"6","12314068","3.2.1","3.2.1","PrepRequestProcessor.java","ZOOKEEPER-558","YES"
"6","12314068","3.2.1","3.2.1","ConnectionBean.java","ZOOKEEPER-558","YES"
"6","12314068","3.2.1","3.2.1","ZooKeeper.java","ZOOKEEPER-558","YES"
"6","12314068","3.2.1","3.2.1","FinalRequestProcessor.java","ZOOKEEPER-558","YES"
"6","12314068","3.2.1","3.2.1","HierarchicalQuorumTest.java","ZOOKEEPER-558","YES"
"6","12314068","3.2.1","3.2.1","ClientCnxn.java","ZOOKEEPER-558","YES"
"7","12314335","3.2.2","3.2.2","FileTxnLog.java","ZOOKEEPER-683","YES"
"7","12314335","3.2.2","3.2.2","InvalidSnapshotTest.java","ZOOKEEPER-683","YES"
"7","12314335","3.2.2","3.2.2","ClientCnxn.java","ZOOKEEPER-682","YES"
"7","12314335","3.2.2","3.2.2","ChrootTest.java","ZOOKEEPER-682","YES"
"8","12313976","3.3.0","3.3.0","QuorumPeer.java","ZOOKEEPER-693","YES"
"8","12313976","3.3.0","3.3.0","GetTest.java","ZOOKEEPER-741","YES"
"8","12313976","3.3.0","3.3.0","RuntimeExceptionMapper.java","ZOOKEEPER-741","YES"
"8","12313976","3.3.0","3.3.0","DeleteTest.java","ZOOKEEPER-741","YES"
"8","12313976","3.3.0","3.3.0","GetChildrenTest.java","ZOOKEEPER-741","YES"
"8","12313976","3.3.0","3.3.0","RootTest.java","ZOOKEEPER-741","YES"
"8","12313976","3.3.0","3.3.0","CreateTest.java","ZOOKEEPER-741","YES"
"8","12313976","3.3.0","3.3.0","ExistsTest.java","ZOOKEEPER-741","YES"
"8","12313976","3.3.0","3.3.0","ZNodeResource.java","ZOOKEEPER-741","YES"
"8","12313976","3.3.0","3.3.0","SetTest.java","ZOOKEEPER-741","YES"
"8","12313976","3.3.0","3.3.0","GetTest.java","ZOOKEEPER-741","YES"
"8","12313976","3.3.0","3.3.0","RuntimeExceptionMapper.java","ZOOKEEPER-741","YES"
"8","12313976","3.3.0","3.3.0","DeleteTest.java","ZOOKEEPER-741","YES"
"8","12313976","3.3.0","3.3.0","GetChildrenTest.java","ZOOKEEPER-741","YES"
"8","12313976","3.3.0","3.3.0","RootTest.java","ZOOKEEPER-741","YES"
"8","12313976","3.3.0","3.3.0","CreateTest.java","ZOOKEEPER-741","YES"
"8","12313976","3.3.0","3.3.0","ExistsTest.java","ZOOKEEPER-741","YES"
"8","12313976","3.3.0","3.3.0","ZNodeResource.java","ZOOKEEPER-741","YES"
"8","12313976","3.3.0","3.3.0","SetTest.java","ZOOKEEPER-741","YES"
"8","12313976","3.3.0","3.3.0","NIOServerCnxn.java","ZOOKEEPER-737","YES"
"8","12313976","3.3.0","3.3.0","NIOServerCnxn.java","ZOOKEEPER-737","YES"
"8","12313976","3.3.0","3.3.0","QuorumPeerTestBase.java","ZOOKEEPER-734","YES"
"8","12313976","3.3.0","3.3.0","QuorumPeerTestBase.java","ZOOKEEPER-734","YES"
"8","12313976","3.3.0","3.3.0","CnxManagerTest.java","ZOOKEEPER-822","YES"
"8","12313976","3.3.0","3.3.0","QuorumCnxManager.java","ZOOKEEPER-822","YES"
"8","12313976","3.3.0","3.3.0","CnxManagerTest.java","ZOOKEEPER-822","YES"
"8","12313976","3.3.0","3.3.0","QuorumCnxManager.java","ZOOKEEPER-822","YES"
"9","12314846","3.3.1","3.3.1","QuorumTest.java","ZOOKEEPER-907","YES"
"9","12314846","3.3.1","3.3.1","SessionTest.java","ZOOKEEPER-907","YES"
"9","12314846","3.3.1","3.3.1","LearnerHandler.java","ZOOKEEPER-907","YES"
"9","12314846","3.3.1","3.3.1","QuorumTest.java","ZOOKEEPER-907","YES"
"9","12314846","3.3.1","3.3.1","SessionTest.java","ZOOKEEPER-907","YES"
"9","12314846","3.3.1","3.3.1","LearnerHandler.java","ZOOKEEPER-907","YES"
"9","12314846","3.3.1","3.3.1","AuthTest.java","ZOOKEEPER-904","YES"
"9","12314846","3.3.1","3.3.1","AuthTest.java","ZOOKEEPER-904","YES"
"9","12314846","3.3.1","3.3.1","CnxManagerTest.java","ZOOKEEPER-893","YES"
"9","12314846","3.3.1","3.3.1","QuorumCnxManager.java","ZOOKEEPER-893","YES"
"9","12314846","3.3.1","3.3.1","CnxManagerTest.java","ZOOKEEPER-893","YES"
"9","12314846","3.3.1","3.3.1","QuorumCnxManager.java","ZOOKEEPER-893","YES"
"9","12314846","3.3.1","3.3.1","AuthTest.java","ZOOKEEPER-844","YES"
"9","12314846","3.3.1","3.3.1","ClientCnxn.java","ZOOKEEPER-844","YES"
"9","12314846","3.3.1","3.3.1","AuthTest.java","ZOOKEEPER-844","YES"
"9","12314846","3.3.1","3.3.1","ClientCnxn.java","ZOOKEEPER-844","YES"
"9","12314846","3.3.1","3.3.1","SessionTest.java","ZOOKEEPER-795","YES"
"9","12314846","3.3.1","3.3.1","ClientCnxn.java","ZOOKEEPER-795","YES"
"9","12314846","3.3.1","3.3.1","SessionTest.java","ZOOKEEPER-795","YES"
"9","12314846","3.3.1","3.3.1","ClientCnxn.java","ZOOKEEPER-795","YES"
"9","12314846","3.3.1","3.3.1","SessionTest.java","ZOOKEEPER-794","YES"
"9","12314846","3.3.1","3.3.1","ClientCnxn.java","ZOOKEEPER-794","YES"
"9","12314846","3.3.1","3.3.1","SessionTest.java","ZOOKEEPER-794","YES"
"9","12314846","3.3.1","3.3.1","ClientCnxn.java","ZOOKEEPER-794","YES"
"9","12314846","3.3.1","3.3.1","LearnerHandler.java","ZOOKEEPER-790","YES"
"9","12314846","3.3.1","3.3.1","QuorumTest.java","ZOOKEEPER-790","YES"
"9","12314846","3.3.1","3.3.1","Leader.java","ZOOKEEPER-790","YES"
"9","12314846","3.3.1","3.3.1","QuorumBase.java","ZOOKEEPER-790","YES"
"9","12314846","3.3.1","3.3.1","ZooKeeperServer.java","ZOOKEEPER-790","YES"
"9","12314846","3.3.1","3.3.1","QuorumUtil.java","ZOOKEEPER-790","YES"
"9","12314846","3.3.1","3.3.1","LearnerHandler.java","ZOOKEEPER-790","YES"
"9","12314846","3.3.1","3.3.1","QuorumTest.java","ZOOKEEPER-790","YES"
"9","12314846","3.3.1","3.3.1","Leader.java","ZOOKEEPER-790","YES"
"9","12314846","3.3.1","3.3.1","QuorumBase.java","ZOOKEEPER-790","YES"
"9","12314846","3.3.1","3.3.1","ZooKeeperServer.java","ZOOKEEPER-790","YES"
"9","12314846","3.3.1","3.3.1","QuorumUtil.java","ZOOKEEPER-790","YES"
"9","12314846","3.3.1","3.3.1","ZKDatabase.java","ZOOKEEPER-783","YES"
"9","12314846","3.3.1","3.3.1","ZKDatabase.java","ZOOKEEPER-783","YES"
"9","12314846","3.3.1","3.3.1","Version.java","ZOOKEEPER-913","YES"
"9","12314846","3.3.1","3.3.1","Version.java","ZOOKEEPER-913","YES"
"10","12315108","3.3.2","3.3.2","QuorumUtil.java","ZOOKEEPER-962","YES"
"10","12315108","3.3.2","3.3.2","Follower.java","ZOOKEEPER-962","YES"
"10","12315108","3.3.2","3.3.2","FollowerResyncConcurrencyTest.java","ZOOKEEPER-962","YES"
"10","12315108","3.3.2","3.3.2","LearnerHandler.java","ZOOKEEPER-962","YES"
"10","12315108","3.3.2","3.3.2","ZKDatabase.java","ZOOKEEPER-962","YES"
"10","12315108","3.3.2","3.3.2","Learner.java","ZOOKEEPER-962","YES"
"10","12315108","3.3.2","3.3.2","Observer.java","ZOOKEEPER-962","YES"
"10","12315108","3.3.2","3.3.2","QuorumUtil.java","ZOOKEEPER-962","YES"
"10","12315108","3.3.2","3.3.2","Follower.java","ZOOKEEPER-962","YES"
"10","12315108","3.3.2","3.3.2","FollowerResyncConcurrencyTest.java","ZOOKEEPER-962","YES"
"10","12315108","3.3.2","3.3.2","LearnerHandler.java","ZOOKEEPER-962","YES"
"10","12315108","3.3.2","3.3.2","ZKDatabase.java","ZOOKEEPER-962","YES"
"10","12315108","3.3.2","3.3.2","Learner.java","ZOOKEEPER-962","YES"
"10","12315108","3.3.2","3.3.2","Observer.java","ZOOKEEPER-962","YES"
"9","12314846","3.3.1","3.3.1","DisconnectedWatcherTest.java","ZOOKEEPER-961","YES"
"9","12314846","3.3.1","3.3.1","ClientCnxn.java","ZOOKEEPER-961","YES"
"9","12314846","3.3.1","3.3.1","DisconnectedWatcherTest.java","ZOOKEEPER-961","YES"
"9","12314846","3.3.1","3.3.1","ClientCnxn.java","ZOOKEEPER-961","YES"
"10","12315108","3.3.2","3.3.2","NIOServerCnxn.java","ZOOKEEPER-1049","YES"
"10","12315108","3.3.2","3.3.2","NIOServerCnxn.java","ZOOKEEPER-1049","YES"
"10","12315108","3.3.2","3.3.2","DataTree.java","ZOOKEEPER-1046","YES"
"10","12315108","3.3.2","3.3.2","DataTreeTest.java","ZOOKEEPER-1046","YES"
"10","12315108","3.3.2","3.3.2","FileTxnSnapLog.java","ZOOKEEPER-1046","YES"
"10","12315108","3.3.2","3.3.2","LoadFromLogTest.java","ZOOKEEPER-1046","YES"
"10","12315108","3.3.2","3.3.2","SerializeUtils.java","ZOOKEEPER-1046","YES"
"10","12315108","3.3.2","3.3.2","DataNode.java","ZOOKEEPER-1046","YES"
"10","12315108","3.3.2","3.3.2","SerializationPerfTest.java","ZOOKEEPER-1046","YES"
"10","12315108","3.3.2","3.3.2","ReadOnlyModeTest.java","ZOOKEEPER-1046","YES"
"10","12315108","3.3.2","3.3.2","DataTree.java","ZOOKEEPER-1046","YES"
"10","12315108","3.3.2","3.3.2","DataTreeTest.java","ZOOKEEPER-1046","YES"
"10","12315108","3.3.2","3.3.2","FileTxnSnapLog.java","ZOOKEEPER-1046","YES"
"10","12315108","3.3.2","3.3.2","LoadFromLogTest.java","ZOOKEEPER-1046","YES"
"10","12315108","3.3.2","3.3.2","SerializeUtils.java","ZOOKEEPER-1046","YES"
"10","12315108","3.3.2","3.3.2","DataNode.java","ZOOKEEPER-1046","YES"
"10","12315108","3.3.2","3.3.2","SerializationPerfTest.java","ZOOKEEPER-1046","YES"
"10","12315108","3.3.2","3.3.2","ReadOnlyModeTest.java","ZOOKEEPER-1046","YES"
"11","12315482","3.3.3","3.3.3","Learner.java","ZOOKEEPER-1264","YES"
"11","12315482","3.3.3","3.3.3","Zab1_0Test.java","ZOOKEEPER-1264","YES"
"11","12315482","3.3.3","3.3.3","FollowerResyncConcurrencyTest.java","ZOOKEEPER-1264","YES"
"11","12315482","3.3.3","3.3.3","Learner.java","ZOOKEEPER-1264","YES"
"11","12315482","3.3.3","3.3.3","Zab1_0Test.java","ZOOKEEPER-1264","YES"
"11","12315482","3.3.3","3.3.3","FollowerResyncConcurrencyTest.java","ZOOKEEPER-1264","YES"
"11","12315482","3.3.3","3.3.3","Learner.java","ZOOKEEPER-1264","YES"
"11","12315482","3.3.3","3.3.3","Zab1_0Test.java","ZOOKEEPER-1264","YES"
"11","12315482","3.3.3","3.3.3","FollowerResyncConcurrencyTest.java","ZOOKEEPER-1264","YES"
"11","12315482","3.3.3","3.3.3","LearnerSessionTracker.java","ZOOKEEPER-1208","YES"
"11","12315482","3.3.3","3.3.3","SessionTrackerImpl.java","ZOOKEEPER-1208","YES"
"11","12315482","3.3.3","3.3.3","SessionTracker.java","ZOOKEEPER-1208","YES"
"11","12315482","3.3.3","3.3.3","PrepRequestProcessor.java","ZOOKEEPER-1208","YES"
"11","12315482","3.3.3","3.3.3","LearnerSessionTracker.java","ZOOKEEPER-1208","YES"
"11","12315482","3.3.3","3.3.3","SessionTrackerImpl.java","ZOOKEEPER-1208","YES"
"11","12315482","3.3.3","3.3.3","SessionTracker.java","ZOOKEEPER-1208","YES"
"11","12315482","3.3.3","3.3.3","PrepRequestProcessor.java","ZOOKEEPER-1208","YES"
"11","12315482","3.3.3","3.3.3","LearnerSessionTracker.java","ZOOKEEPER-1208","YES"
"11","12315482","3.3.3","3.3.3","SessionTrackerImpl.java","ZOOKEEPER-1208","YES"
"11","12315482","3.3.3","3.3.3","SessionTracker.java","ZOOKEEPER-1208","YES"
"11","12315482","3.3.3","3.3.3","PrepRequestProcessor.java","ZOOKEEPER-1208","YES"
"11","12315482","3.3.3","3.3.3","ZooKeeperServerTest.java","ZOOKEEPER-1189","YES"
"11","12315482","3.3.3","3.3.3","ZooKeeperServerTest.java","ZOOKEEPER-1189","YES"
"11","12315482","3.3.3","3.3.3","ZooKeeperServerTest.java","ZOOKEEPER-1189","YES"
"11","12315482","3.3.3","3.3.3","ClientCnxnSocketNIO.java","ZOOKEEPER-1174","YES"
"11","12315482","3.3.3","3.3.3","DataTree.java","ZOOKEEPER-1174","YES"
"11","12315482","3.3.3","3.3.3","ClientCnxn.java","ZOOKEEPER-1174","YES"
"11","12315482","3.3.3","3.3.3","ClientCnxnSocketNIO.java","ZOOKEEPER-1174","YES"
"11","12315482","3.3.3","3.3.3","DataTree.java","ZOOKEEPER-1174","YES"
"11","12315482","3.3.3","3.3.3","ClientCnxn.java","ZOOKEEPER-1174","YES"
"11","12315482","3.3.3","3.3.3","ClientCnxnSocketNIO.java","ZOOKEEPER-1174","YES"
"11","12315482","3.3.3","3.3.3","DataTree.java","ZOOKEEPER-1174","YES"
"11","12315482","3.3.3","3.3.3","ClientCnxn.java","ZOOKEEPER-1174","YES"
"11","12315482","3.3.3","3.3.3","DataTree.java","ZOOKEEPER-1097","YES"
"11","12315482","3.3.3","3.3.3","ZooKeeperQuotaTest.java","ZOOKEEPER-1097","YES"
"11","12315482","3.3.3","3.3.3","DataTree.java","ZOOKEEPER-1097","YES"
"11","12315482","3.3.3","3.3.3","ZooKeeperQuotaTest.java","ZOOKEEPER-1097","YES"
"11","12315482","3.3.3","3.3.3","FileTxnLog.java","ZOOKEEPER-1087","YES"
"11","12315482","3.3.3","3.3.3","ZooKeeperServerTest.java","ZOOKEEPER-1087","YES"
"11","12315482","3.3.3","3.3.3","FileTxnLog.java","ZOOKEEPER-1087","YES"
"11","12315482","3.3.3","3.3.3","ZooKeeperServerTest.java","ZOOKEEPER-1087","YES"
"11","12315482","3.3.3","3.3.3","LoadFromLogTest.java","ZOOKEEPER-1069","YES"
"11","12315482","3.3.3","3.3.3","LoadFromLogTest.java","ZOOKEEPER-1069","YES"
"13","12316276","3.3.4","3.3.4","ClientCnxnSocketNIO.java","ZOOKEEPER-1271","YES"
"13","12316276","3.3.4","3.3.4","ClientReconnectTest.java","ZOOKEEPER-1271","YES"
"13","12316276","3.3.4","3.3.4","ClientCnxnSocketNIO.java","ZOOKEEPER-1271","YES"
"13","12316276","3.3.4","3.3.4","ClientReconnectTest.java","ZOOKEEPER-1271","YES"
"13","12316276","3.3.4","3.3.4","ClientCnxnSocketNIO.java","ZOOKEEPER-1271","YES"
"13","12316276","3.3.4","3.3.4","ClientReconnectTest.java","ZOOKEEPER-1271","YES"
"3","12313381","3.1.0","3.1.0","StateSummary.java","ZOOKEEPER-335","YES"
"3","12313381","3.1.0","3.1.0","ReadOnlyModeTest.java","ZOOKEEPER-335","YES"
"3","12313381","3.1.0","3.1.0","Leader.java","ZOOKEEPER-335","YES"
"3","12313381","3.1.0","3.1.0","ZooKeeperServer.java","ZOOKEEPER-335","YES"
"3","12313381","3.1.0","3.1.0","Follower.java","ZOOKEEPER-335","YES"
"3","12313381","3.1.0","3.1.0","QuorumPeer.java","ZOOKEEPER-335","YES"
"3","12313381","3.1.0","3.1.0","Vote.java","ZOOKEEPER-335","YES"
"3","12313381","3.1.0","3.1.0","QuorumPeerTestBase.java","ZOOKEEPER-335","YES"
"3","12313381","3.1.0","3.1.0","ZxidUtils.java","ZOOKEEPER-335","YES"
"3","12313381","3.1.0","3.1.0","Learner.java","ZOOKEEPER-335","YES"
"3","12313381","3.1.0","3.1.0","QuorumPeerMainTest.java","ZOOKEEPER-335","YES"
"3","12313381","3.1.0","3.1.0","FastLeaderElection.java","ZOOKEEPER-335","YES"
"3","12313381","3.1.0","3.1.0","LearnerHandler.java","ZOOKEEPER-335","YES"
"8","12313976","3.3.0","3.3.0","WriteLockTest.java","ZOOKEEPER-774","YES"
"8","12313976","3.3.0","3.3.0","DistributedQueueTest.java","ZOOKEEPER-774","YES"
"8","12313976","3.3.0","3.3.0","ZNodeNameTest.java","ZOOKEEPER-774","YES"
"8","12313976","3.3.0","3.3.0","QuorumPeerMainTest.java","ZOOKEEPER-769","YES"
"8","12313976","3.3.0","3.3.0","ZooKeeper.java","ZOOKEEPER-731","YES"
"9","12314846","3.3.1","3.3.1","RestoreCommittedLogTest.java","ZOOKEEPER-874","YES"
"10","12315108","3.3.2","3.3.2","QuorumPeer.java","ZOOKEEPER-1052","YES"
"10","12315108","3.3.2","3.3.2","QuorumCnxManager.java","ZOOKEEPER-975","YES"
"10","12315108","3.3.2","3.3.2","QuorumPeer.java","ZOOKEEPER-975","YES"
"10","12315108","3.3.2","3.3.2","Follower.java","ZOOKEEPER-975","YES"
"10","12315108","3.3.2","3.3.2","CnxManagerTest.java","ZOOKEEPER-975","YES"
"10","12315108","3.3.2","3.3.2","Leader.java","ZOOKEEPER-975","YES"
"10","12315108","3.3.2","3.3.2","FLETest.java","ZOOKEEPER-975","YES"
"10","12315108","3.3.2","3.3.2","FastLeaderElection.java","ZOOKEEPER-975","YES"
"11","12315482","3.3.3","3.3.3","AuthTest.java","ZOOKEEPER-1152","YES"
"11","12315482","3.3.3","3.3.3","ZooKeeperServer.java","ZOOKEEPER-1152","YES"
"11","12315482","3.3.3","3.3.3","DataTree.java","ZOOKEEPER-1090","YES"
"11","12315482","3.3.3","3.3.3","LoadFromLogTest.java","ZOOKEEPER-1090","YES"
"12","12314469","3.4.0","3.4.0","ReadOnlyModeTest.java","ZOOKEEPER-1268","YES"
"12","12314469","3.4.0","3.4.0","QuorumPeer.java","ZOOKEEPER-1268","YES"
"12","12314469","3.4.0","3.4.0","ReadOnlyModeTest.java","ZOOKEEPER-1268","YES"
"12","12314469","3.4.0","3.4.0","QuorumPeer.java","ZOOKEEPER-1268","YES"
"12","12314469","3.4.0","3.4.0","ZooKeeperSaslClient.java","ZOOKEEPER-1185","YES"
"12","12314469","3.4.0","3.4.0","ZooKeeperSaslClient.java","ZOOKEEPER-1185","YES"
"12","12314469","3.4.0","3.4.0","Login.java","ZOOKEEPER-1181","YES"
"12","12314469","3.4.0","3.4.0","Login.java","ZOOKEEPER-1181","YES"
"12","12314469","3.4.0","3.4.0","JMXEnv.java","ZOOKEEPER-1168","YES"
"12","12314469","3.4.0","3.4.0","MBeanRegistry.java","ZOOKEEPER-1168","YES"
"12","12314469","3.4.0","3.4.0","BaseSysTest.java","ZOOKEEPER-1165","YES"
"12","12314469","3.4.0","3.4.0","FourLetterWordsTest.java","ZOOKEEPER-1142","YES"
"12","12314469","3.4.0","3.4.0","ServerCnxn.java","ZOOKEEPER-1142","YES"
"12","12314469","3.4.0","3.4.0","ReadOnlyZooKeeperServer.java","ZOOKEEPER-1140","YES"
"12","12314469","3.4.0","3.4.0","LearnerHandler.java","ZOOKEEPER-1140","YES"
"12","12314469","3.4.0","3.4.0","QuorumPeer.java","ZOOKEEPER-1140","YES"
"12","12314469","3.4.0","3.4.0","ClientWatchManager.java","ZOOKEEPER-1139","YES"
"12","12314469","3.4.0","3.4.0","LearnerTest.java","ZOOKEEPER-1138","YES"
"12","12314469","3.4.0","3.4.0","MultiOperationRecordTest.java","ZOOKEEPER-1138","YES"
"12","12314469","3.4.0","3.4.0","ClientCnxnSocket.java","ZOOKEEPER-1134","YES"
"12","12314469","3.4.0","3.4.0","WatchManager.java","ZOOKEEPER-1134","YES"
"12","12314469","3.4.0","3.4.0","QuorumTest.java","ZOOKEEPER-1124","YES"
"12","12314469","3.4.0","3.4.0","ObserverRequestProcessor.java","ZOOKEEPER-1124","YES"
"12","12314469","3.4.0","3.4.0","FollowerRequestProcessor.java","ZOOKEEPER-1124","YES"
"12","12314469","3.4.0","3.4.0","QuorumHammerTest.java","ZOOKEEPER-1076","YES"
"12","12314469","3.4.0","3.4.0","ZkDatabaseCorruptionTest.java","ZOOKEEPER-1076","YES"
"12","12314469","3.4.0","3.4.0","FollowerResyncConcurrencyTest.java","ZOOKEEPER-1076","YES"
"12","12314469","3.4.0","3.4.0","QuorumTest.java","ZOOKEEPER-1076","YES"
"12","12314469","3.4.0","3.4.0","ReadOnlyModeTest.java","ZOOKEEPER-1076","YES"
"12","12314469","3.4.0","3.4.0","QuorumPeerMainTest.java","ZOOKEEPER-1060","YES"
"12","12314469","3.4.0","3.4.0","QuorumPeer.java","ZOOKEEPER-1060","YES"
"12","12314469","3.4.0","3.4.0","PrepRequestProcessor.java","ZOOKEEPER-1055","YES"
"12","12314469","3.4.0","3.4.0","ACLCountTest.java","ZOOKEEPER-1055","YES"
"12","12314469","3.4.0","3.4.0","Follower.java","ZOOKEEPER-902","YES"
"12","12314469","3.4.0","3.4.0","Observer.java","ZOOKEEPER-902","YES"
"12","12314469","3.4.0","3.4.0","Learner.java","ZOOKEEPER-902","YES"
"12","12314469","3.4.0","3.4.0","CnxManagerTest.java","ZOOKEEPER-880","YES"
"12","12314469","3.4.0","3.4.0","QuorumPeer.java","ZOOKEEPER-880","YES"
"12","12314469","3.4.0","3.4.0","QuorumCnxManager.java","ZOOKEEPER-880","YES"
"12","12314469","3.4.0","3.4.0","FollowerResyncConcurrencyTest.java","ZOOKEEPER-1319","YES"
"12","12314469","3.4.0","3.4.0","Zab1_0Test.java","ZOOKEEPER-1319","YES"
"12","12314469","3.4.0","3.4.0","FollowerResyncConcurrencyTest.java","ZOOKEEPER-1319","YES"
"12","12314469","3.4.0","3.4.0","Zab1_0Test.java","ZOOKEEPER-1319","YES"
"12","12314469","3.4.0","3.4.0","FileTxnSnapLog.java","ZOOKEEPER-1333","YES"
"12","12314469","3.4.0","3.4.0","DataTree.java","ZOOKEEPER-1333","YES"
"12","12314469","3.4.0","3.4.0","LoadFromLogTest.java","ZOOKEEPER-1333","YES"
"12","12314469","3.4.0","3.4.0","FileTxnSnapLog.java","ZOOKEEPER-1333","YES"
"12","12314469","3.4.0","3.4.0","DataTree.java","ZOOKEEPER-1333","YES"
"12","12314469","3.4.0","3.4.0","LoadFromLogTest.java","ZOOKEEPER-1333","YES"
"13","12316276","3.3.4","3.3.4","ClientBase.java","ZOOKEEPER-1352","YES"
"13","12316276","3.3.4","3.3.4","InvalidSnapshotTest.java","ZOOKEEPER-1352","YES"
"13","12316276","3.3.4","3.3.4","ClientBase.java","ZOOKEEPER-1352","YES"
"13","12316276","3.3.4","3.3.4","InvalidSnapshotTest.java","ZOOKEEPER-1352","YES"
"13","12316276","3.3.4","3.3.4","ClientBase.java","ZOOKEEPER-1352","YES"
"13","12316276","3.3.4","3.3.4","InvalidSnapshotTest.java","ZOOKEEPER-1352","YES"
"13","12316276","3.3.4","3.3.4","ServerCnxnFactory.java","ZOOKEEPER-1089","YES"
"13","12316276","3.3.4","3.3.4","ServerStats.java","ZOOKEEPER-1089","YES"
"13","12316276","3.3.4","3.3.4","ZooKeeperServer.java","ZOOKEEPER-1089","YES"
"13","12316276","3.3.4","3.3.4","FourLetterWordMain.java","ZOOKEEPER-1089","YES"
"13","12316276","3.3.4","3.3.4","NIOServerCnxnFactory.java","ZOOKEEPER-1089","YES"
"13","12316276","3.3.4","3.3.4","ServerCnxnFactory.java","ZOOKEEPER-1089","YES"
"13","12316276","3.3.4","3.3.4","ServerStats.java","ZOOKEEPER-1089","YES"
"13","12316276","3.3.4","3.3.4","ZooKeeperServer.java","ZOOKEEPER-1089","YES"
"13","12316276","3.3.4","3.3.4","FourLetterWordMain.java","ZOOKEEPER-1089","YES"
"13","12316276","3.3.4","3.3.4","NIOServerCnxnFactory.java","ZOOKEEPER-1089","YES"
"13","12316276","3.3.4","3.3.4","ServerCnxnFactory.java","ZOOKEEPER-1089","YES"
"13","12316276","3.3.4","3.3.4","ServerStats.java","ZOOKEEPER-1089","YES"
"13","12316276","3.3.4","3.3.4","ZooKeeperServer.java","ZOOKEEPER-1089","YES"
"13","12316276","3.3.4","3.3.4","FourLetterWordMain.java","ZOOKEEPER-1089","YES"
"13","12316276","3.3.4","3.3.4","NIOServerCnxnFactory.java","ZOOKEEPER-1089","YES"
"12","12314469","3.4.0","3.4.0","MultiOperationTest.java","ZOOKEEPER-1351","YES"
"12","12314469","3.4.0","3.4.0","MultiOperationTest.java","ZOOKEEPER-1351","YES"
"12","12314469","3.4.0","3.4.0","Leader.java","ZOOKEEPER-1343","YES"
"12","12314469","3.4.0","3.4.0","Zab1_0Test.java","ZOOKEEPER-1343","YES"
"12","12314469","3.4.0","3.4.0","Leader.java","ZOOKEEPER-1343","YES"
"12","12314469","3.4.0","3.4.0","Zab1_0Test.java","ZOOKEEPER-1343","YES"
"12","12314469","3.4.0","3.4.0","PrepRequestProcessor.java","ZOOKEEPER-1340","YES"
"12","12314469","3.4.0","3.4.0","DataTree.java","ZOOKEEPER-1340","YES"
"12","12314469","3.4.0","3.4.0","PrepRequestProcessor.java","ZOOKEEPER-1340","YES"
"12","12314469","3.4.0","3.4.0","DataTree.java","ZOOKEEPER-1340","YES"
"12","12314469","3.4.0","3.4.0","OpResult.java","ZOOKEEPER-1338","YES"
"12","12314469","3.4.0","3.4.0","MultiOperationTest.java","ZOOKEEPER-1338","YES"
"12","12314469","3.4.0","3.4.0","OpResult.java","ZOOKEEPER-1338","YES"
"12","12314469","3.4.0","3.4.0","MultiOperationTest.java","ZOOKEEPER-1338","YES"
"14","12318650","3.4.1","3.4.1","ZooKeeper.java","ZOOKEEPER-1336","YES"
"14","12318650","3.4.1","3.4.1","KeeperException.java","ZOOKEEPER-1336","YES"
"14","12318650","3.4.1","3.4.1","Transaction.java","ZOOKEEPER-1336","YES"
"14","12318650","3.4.1","3.4.1","ZooKeeper.java","ZOOKEEPER-1336","YES"
"14","12318650","3.4.1","3.4.1","KeeperException.java","ZOOKEEPER-1336","YES"
"14","12318650","3.4.1","3.4.1","Transaction.java","ZOOKEEPER-1336","YES"
"15","12319196","3.4.2","3.4.2","SaslAuthDesignatedClientTest.java","ZOOKEEPER-1373","YES"
"15","12319196","3.4.2","3.4.2","SaslAuthMissingClientConfigTest.java","ZOOKEEPER-1373","YES"
"15","12319196","3.4.2","3.4.2","ZooKeeperSaslClient.java","ZOOKEEPER-1373","YES"
"15","12319196","3.4.2","3.4.2","SaslAuthFailDesignatedClientTest.java","ZOOKEEPER-1373","YES"
"15","12319196","3.4.2","3.4.2","SaslAuthDesignatedClientTest.java","ZOOKEEPER-1373","YES"
"15","12319196","3.4.2","3.4.2","SaslAuthMissingClientConfigTest.java","ZOOKEEPER-1373","YES"
"15","12319196","3.4.2","3.4.2","ZooKeeperSaslClient.java","ZOOKEEPER-1373","YES"
"15","12319196","3.4.2","3.4.2","SaslAuthFailDesignatedClientTest.java","ZOOKEEPER-1373","YES"
"15","12319196","3.4.2","3.4.2","LeaderZooKeeperServer.java","ZOOKEEPER-1367","YES"
"15","12319196","3.4.2","3.4.2","ZooKeeperServer.java","ZOOKEEPER-1367","YES"
"15","12319196","3.4.2","3.4.2","LearnerZooKeeperServer.java","ZOOKEEPER-1367","YES"
"15","12319196","3.4.2","3.4.2","Learner.java","ZOOKEEPER-1367","YES"
"15","12319196","3.4.2","3.4.2","Zab1_0Test.java","ZOOKEEPER-1367","YES"
"15","12319196","3.4.2","3.4.2","LearnerTest.java","ZOOKEEPER-1367","YES"
"15","12319196","3.4.2","3.4.2","LeaderZooKeeperServer.java","ZOOKEEPER-1367","YES"
"15","12319196","3.4.2","3.4.2","ZooKeeperServer.java","ZOOKEEPER-1367","YES"
"15","12319196","3.4.2","3.4.2","LearnerZooKeeperServer.java","ZOOKEEPER-1367","YES"
"15","12319196","3.4.2","3.4.2","Learner.java","ZOOKEEPER-1367","YES"
"15","12319196","3.4.2","3.4.2","Zab1_0Test.java","ZOOKEEPER-1367","YES"
"15","12319196","3.4.2","3.4.2","LearnerTest.java","ZOOKEEPER-1367","YES"
"15","12319196","3.4.2","3.4.2","LeaderZooKeeperServer.java","ZOOKEEPER-1367","YES"
"15","12319196","3.4.2","3.4.2","ZooKeeperServer.java","ZOOKEEPER-1367","YES"
"15","12319196","3.4.2","3.4.2","LearnerZooKeeperServer.java","ZOOKEEPER-1367","YES"
"15","12319196","3.4.2","3.4.2","Learner.java","ZOOKEEPER-1367","YES"
"15","12319196","3.4.2","3.4.2","Zab1_0Test.java","ZOOKEEPER-1367","YES"
"15","12319196","3.4.2","3.4.2","LearnerTest.java","ZOOKEEPER-1367","YES"
"11","12315482","3.3.3","3.3.3","FollowerResyncConcurrencyTest.java","ZOOKEEPER-1412","YES"
"11","12315482","3.3.3","3.3.3","ClientCnxn.java","ZOOKEEPER-1412","YES"
"11","12315482","3.3.3","3.3.3","TestableZooKeeper.java","ZOOKEEPER-1412","YES"
"11","12315482","3.3.3","3.3.3","FollowerResyncConcurrencyTest.java","ZOOKEEPER-1412","YES"
"11","12315482","3.3.3","3.3.3","ClientCnxn.java","ZOOKEEPER-1412","YES"
"11","12315482","3.3.3","3.3.3","TestableZooKeeper.java","ZOOKEEPER-1412","YES"
"11","12315482","3.3.3","3.3.3","FollowerResyncConcurrencyTest.java","ZOOKEEPER-1412","YES"
"11","12315482","3.3.3","3.3.3","ClientCnxn.java","ZOOKEEPER-1412","YES"
"11","12315482","3.3.3","3.3.3","TestableZooKeeper.java","ZOOKEEPER-1412","YES"
"11","12315482","3.3.3","3.3.3","ZxidRolloverTest.java","ZOOKEEPER-1277","YES"
"11","12315482","3.3.3","3.3.3","ReadOnlyRequestProcessor.java","ZOOKEEPER-1277","YES"
"11","12315482","3.3.3","3.3.3","Leader.java","ZOOKEEPER-1277","YES"
"11","12315482","3.3.3","3.3.3","RequestProcessor.java","ZOOKEEPER-1277","YES"
"11","12315482","3.3.3","3.3.3","ClientBase.java","ZOOKEEPER-1277","YES"
"11","12315482","3.3.3","3.3.3","PrepRequestProcessor.java","ZOOKEEPER-1277","YES"
"11","12315482","3.3.3","3.3.3","ZooKeeperServer.java","ZOOKEEPER-1277","YES"
"11","12315482","3.3.3","3.3.3","ProposalRequestProcessor.java","ZOOKEEPER-1277","YES"
"11","12315482","3.3.3","3.3.3","ZxidRolloverTest.java","ZOOKEEPER-1277","YES"
"11","12315482","3.3.3","3.3.3","ReadOnlyRequestProcessor.java","ZOOKEEPER-1277","YES"
"11","12315482","3.3.3","3.3.3","Leader.java","ZOOKEEPER-1277","YES"
"11","12315482","3.3.3","3.3.3","RequestProcessor.java","ZOOKEEPER-1277","YES"
"11","12315482","3.3.3","3.3.3","ClientBase.java","ZOOKEEPER-1277","YES"
"11","12315482","3.3.3","3.3.3","PrepRequestProcessor.java","ZOOKEEPER-1277","YES"
"11","12315482","3.3.3","3.3.3","ZooKeeperServer.java","ZOOKEEPER-1277","YES"
"11","12315482","3.3.3","3.3.3","ProposalRequestProcessor.java","ZOOKEEPER-1277","YES"
"11","12315482","3.3.3","3.3.3","ZxidRolloverTest.java","ZOOKEEPER-1277","YES"
"11","12315482","3.3.3","3.3.3","ReadOnlyRequestProcessor.java","ZOOKEEPER-1277","YES"
"11","12315482","3.3.3","3.3.3","Leader.java","ZOOKEEPER-1277","YES"
"11","12315482","3.3.3","3.3.3","RequestProcessor.java","ZOOKEEPER-1277","YES"
"11","12315482","3.3.3","3.3.3","ClientBase.java","ZOOKEEPER-1277","YES"
"11","12315482","3.3.3","3.3.3","PrepRequestProcessor.java","ZOOKEEPER-1277","YES"
"11","12315482","3.3.3","3.3.3","ZooKeeperServer.java","ZOOKEEPER-1277","YES"
"11","12315482","3.3.3","3.3.3","ProposalRequestProcessor.java","ZOOKEEPER-1277","YES"
"12","12314469","3.4.0","3.4.0","QuorumCnxManager.java","ZOOKEEPER-1466","YES"
"12","12314469","3.4.0","3.4.0","QuorumCnxManager.java","ZOOKEEPER-1466","YES"
"12","12314469","3.4.0","3.4.0","QuorumCnxManager.java","ZOOKEEPER-1466","YES"
"16","12319288","3.4.3","3.4.3","LearnerHandler.java","ZOOKEEPER-1521","YES"
"16","12319288","3.4.3","3.4.3","LearnerHandler.java","ZOOKEEPER-1521","YES"
"16","12319288","3.4.3","3.4.3","LearnerHandler.java","ZOOKEEPER-1521","YES"
"16","12319288","3.4.3","3.4.3","TruncateTest.java","ZOOKEEPER-1489","YES"
"16","12319288","3.4.3","3.4.3","ZKDatabase.java","ZOOKEEPER-1489","YES"
"16","12319288","3.4.3","3.4.3","FileTxnSnapLog.java","ZOOKEEPER-1489","YES"
"16","12319288","3.4.3","3.4.3","PortForwarder.java","ZOOKEEPER-1489","YES"
"16","12319288","3.4.3","3.4.3","QuorumPeerTestBase.java","ZOOKEEPER-1489","YES"
"16","12319288","3.4.3","3.4.3","TruncateTest.java","ZOOKEEPER-1489","YES"
"16","12319288","3.4.3","3.4.3","ZKDatabase.java","ZOOKEEPER-1489","YES"
"16","12319288","3.4.3","3.4.3","FileTxnSnapLog.java","ZOOKEEPER-1489","YES"
"16","12319288","3.4.3","3.4.3","PortForwarder.java","ZOOKEEPER-1489","YES"
"16","12319288","3.4.3","3.4.3","QuorumPeerTestBase.java","ZOOKEEPER-1489","YES"
"16","12319288","3.4.3","3.4.3","TruncateTest.java","ZOOKEEPER-1489","YES"
"16","12319288","3.4.3","3.4.3","ZKDatabase.java","ZOOKEEPER-1489","YES"
"16","12319288","3.4.3","3.4.3","FileTxnSnapLog.java","ZOOKEEPER-1489","YES"
"16","12319288","3.4.3","3.4.3","PortForwarder.java","ZOOKEEPER-1489","YES"
"16","12319288","3.4.3","3.4.3","QuorumPeerTestBase.java","ZOOKEEPER-1489","YES"
"13","12316276","3.3.4","3.3.4","FLETestUtils.java","ZOOKEEPER-1514","YES"
"13","12316276","3.3.4","3.3.4","FLEBackwardElectionRoundTest.java","ZOOKEEPER-1514","YES"
"13","12316276","3.3.4","3.3.4","FastLeaderElection.java","ZOOKEEPER-1514","YES"
"13","12316276","3.3.4","3.3.4","FLELostMessageTest.java","ZOOKEEPER-1514","YES"
"13","12316276","3.3.4","3.3.4","FLETestUtils.java","ZOOKEEPER-1514","YES"
"13","12316276","3.3.4","3.3.4","FLEBackwardElectionRoundTest.java","ZOOKEEPER-1514","YES"
"13","12316276","3.3.4","3.3.4","FastLeaderElection.java","ZOOKEEPER-1514","YES"
"13","12316276","3.3.4","3.3.4","FLELostMessageTest.java","ZOOKEEPER-1514","YES"
"12","12314469","3.4.0","3.4.0","AuthTest.java","ZOOKEEPER-1354","YES"
"12","12314469","3.4.0","3.4.0","AuthTest.java","ZOOKEEPER-1354","YES"
"12","12314469","3.4.0","3.4.0","ZooKeeper.java","ZOOKEEPER-1344","YES"
"12","12314469","3.4.0","3.4.0","Op.java","ZOOKEEPER-1344","YES"
"12","12314469","3.4.0","3.4.0","Transaction.java","ZOOKEEPER-1344","YES"
"12","12314469","3.4.0","3.4.0","MultiOperationTest.java","ZOOKEEPER-1344","YES"
"12","12314469","3.4.0","3.4.0","ZooKeeper.java","ZOOKEEPER-1344","YES"
"12","12314469","3.4.0","3.4.0","Op.java","ZOOKEEPER-1344","YES"
"12","12314469","3.4.0","3.4.0","Transaction.java","ZOOKEEPER-1344","YES"
"12","12314469","3.4.0","3.4.0","MultiOperationTest.java","ZOOKEEPER-1344","YES"
"12","12314469","3.4.0","3.4.0","KerberosName.java","ZOOKEEPER-1236","YES"
"12","12314469","3.4.0","3.4.0","KerberosUtil.java","ZOOKEEPER-1236","YES"
"12","12314469","3.4.0","3.4.0","KerberosName.java","ZOOKEEPER-1236","YES"
"12","12314469","3.4.0","3.4.0","KerberosUtil.java","ZOOKEEPER-1236","YES"
"15","12319196","3.4.2","3.4.2","QuorumPeer.java","ZOOKEEPER-1361","YES"
"15","12319196","3.4.2","3.4.2","Leader.java","ZOOKEEPER-1361","YES"
"15","12319196","3.4.2","3.4.2","LeaderBean.java","ZOOKEEPER-1361","YES"
"15","12319196","3.4.2","3.4.2","QuorumPeer.java","ZOOKEEPER-1361","YES"
"15","12319196","3.4.2","3.4.2","Leader.java","ZOOKEEPER-1361","YES"
"15","12319196","3.4.2","3.4.2","LeaderBean.java","ZOOKEEPER-1361","YES"
"16","12319288","3.4.3","3.4.3","Zab1_0Test.java","ZOOKEEPER-1522","YES"
"16","12319288","3.4.3","3.4.3","Zab1_0Test.java","ZOOKEEPER-1522","YES"
"16","12319288","3.4.3","3.4.3","SessionTrackerTest.java","ZOOKEEPER-1496","YES"
"16","12319288","3.4.3","3.4.3","SessionTrackerImpl.java","ZOOKEEPER-1496","YES"
"16","12319288","3.4.3","3.4.3","SessionTrackerTest.java","ZOOKEEPER-1496","YES"
"16","12319288","3.4.3","3.4.3","SessionTrackerImpl.java","ZOOKEEPER-1496","YES"
"16","12319288","3.4.3","3.4.3","Leader.java","ZOOKEEPER-1465","YES"
"16","12319288","3.4.3","3.4.3","Zab1_0Test.java","ZOOKEEPER-1465","YES"
"16","12319288","3.4.3","3.4.3","Leader.java","ZOOKEEPER-1465","YES"
"16","12319288","3.4.3","3.4.3","Zab1_0Test.java","ZOOKEEPER-1465","YES"
"16","12319288","3.4.3","3.4.3","ClientCnxn.java","ZOOKEEPER-1437","YES"
"16","12319288","3.4.3","3.4.3","ClientCnxnSocket.java","ZOOKEEPER-1437","YES"
"16","12319288","3.4.3","3.4.3","ZooKeeperSaslClient.java","ZOOKEEPER-1437","YES"
"16","12319288","3.4.3","3.4.3","ClientCnxnSocketNIO.java","ZOOKEEPER-1437","YES"
"16","12319288","3.4.3","3.4.3","ClientCnxn.java","ZOOKEEPER-1437","YES"
"16","12319288","3.4.3","3.4.3","ClientCnxnSocket.java","ZOOKEEPER-1437","YES"
"16","12319288","3.4.3","3.4.3","ZooKeeperSaslClient.java","ZOOKEEPER-1437","YES"
"16","12319288","3.4.3","3.4.3","ClientCnxnSocketNIO.java","ZOOKEEPER-1437","YES"
"16","12319288","3.4.3","3.4.3","ClientBase.java","ZOOKEEPER-1427","YES"
"16","12319288","3.4.3","3.4.3","QuorumPeer.java","ZOOKEEPER-1427","YES"
"16","12319288","3.4.3","3.4.3","AtomicFileOutputStream.java","ZOOKEEPER-1427","YES"
"16","12319288","3.4.3","3.4.3","AtomicFileOutputStreamTest.java","ZOOKEEPER-1427","YES"
"16","12319288","3.4.3","3.4.3","IOUtils.java","ZOOKEEPER-1427","YES"
"16","12319288","3.4.3","3.4.3","ClientBase.java","ZOOKEEPER-1427","YES"
"16","12319288","3.4.3","3.4.3","QuorumPeer.java","ZOOKEEPER-1427","YES"
"16","12319288","3.4.3","3.4.3","AtomicFileOutputStream.java","ZOOKEEPER-1427","YES"
"16","12319288","3.4.3","3.4.3","AtomicFileOutputStreamTest.java","ZOOKEEPER-1427","YES"
"16","12319288","3.4.3","3.4.3","IOUtils.java","ZOOKEEPER-1427","YES"
"16","12319288","3.4.3","3.4.3","FastLeaderElection.java","ZOOKEEPER-1419","YES"
"16","12319288","3.4.3","3.4.3","FastLeaderElection.java","ZOOKEEPER-1419","YES"
"19","12319841","3.4.4","3.4.4","ClientCnxnSocketNIO.java","ZOOKEEPER-1560","YES"
"19","12319841","3.4.4","3.4.4","ClientTest.java","ZOOKEEPER-1560","YES"
"19","12319841","3.4.4","3.4.4","ClientCnxnSocketNIO.java","ZOOKEEPER-1560","YES"
"19","12319841","3.4.4","3.4.4","ClientTest.java","ZOOKEEPER-1560","YES"
"19","12319841","3.4.4","3.4.4","SaslAuthDesignatedClientTest.java","ZOOKEEPER-1550","YES"
"19","12319841","3.4.4","3.4.4","ZooKeeper.java","ZOOKEEPER-1550","YES"
"19","12319841","3.4.4","3.4.4","ZooKeeperSaslClient.java","ZOOKEEPER-1550","YES"
"19","12319841","3.4.4","3.4.4","Login.java","ZOOKEEPER-1550","YES"
"13","12316276","3.3.4","3.3.4","BufferSizeTest.java","ZOOKEEPER-1513","YES"
"13","12316276","3.3.4","3.3.4","BinaryInputArchive.java","ZOOKEEPER-1513","YES"
"13","12316276","3.3.4","3.3.4","BufferSizeTest.java","ZOOKEEPER-1513","YES"
"13","12316276","3.3.4","3.3.4","BinaryInputArchive.java","ZOOKEEPER-1513","YES"
"12","12314469","3.4.0","3.4.0","OSMXBean.java","ZOOKEEPER-1474","YES"
"12","12314469","3.4.0","3.4.0","OSMXBeanTest.java","ZOOKEEPER-1474","YES"
"12","12314469","3.4.0","3.4.0","OSMXBean.java","ZOOKEEPER-1474","YES"
"12","12314469","3.4.0","3.4.0","OSMXBeanTest.java","ZOOKEEPER-1474","YES"
"12","12314469","3.4.0","3.4.0","ZooKeeper.java","ZOOKEEPER-1388","YES"
"12","12314469","3.4.0","3.4.0","CreateMode.java","ZOOKEEPER-1388","YES"
"12","12314469","3.4.0","3.4.0","Op.java","ZOOKEEPER-1388","YES"
"12","12314469","3.4.0","3.4.0","MultiOperationTest.java","ZOOKEEPER-1388","YES"
"12","12314469","3.4.0","3.4.0","ZooKeeper.java","ZOOKEEPER-1388","YES"
"12","12314469","3.4.0","3.4.0","CreateMode.java","ZOOKEEPER-1388","YES"
"12","12314469","3.4.0","3.4.0","Op.java","ZOOKEEPER-1388","YES"
"12","12314469","3.4.0","3.4.0","MultiOperationTest.java","ZOOKEEPER-1388","YES"
"12","12314469","3.4.0","3.4.0","ZooKeeperTest.java","ZOOKEEPER-1379","YES"
"12","12314469","3.4.0","3.4.0","ZooKeeperMain.java","ZOOKEEPER-1379","YES"
"12","12314469","3.4.0","3.4.0","ZooKeeperTest.java","ZOOKEEPER-1379","YES"
"12","12314469","3.4.0","3.4.0","ZooKeeperMain.java","ZOOKEEPER-1379","YES"
"12","12314469","3.4.0","3.4.0","NettyServerCnxnTest.java","ZOOKEEPER-1179","YES"
"12","12314469","3.4.0","3.4.0","NettyServerCnxnTest.java","ZOOKEEPER-1179","YES"
"15","12319196","3.4.2","3.4.2","ZooKeeperServer.java","ZOOKEEPER-1495","YES"
"15","12319196","3.4.2","3.4.2","TestableZooKeeper.java","ZOOKEEPER-1495","YES"
"15","12319196","3.4.2","3.4.2","UnimplementedRequestProcessor.java","ZOOKEEPER-1495","YES"
"15","12319196","3.4.2","3.4.2","ClientTest.java","ZOOKEEPER-1495","YES"
"15","12319196","3.4.2","3.4.2","ZooKeeperServer.java","ZOOKEEPER-1495","YES"
"15","12319196","3.4.2","3.4.2","TestableZooKeeper.java","ZOOKEEPER-1495","YES"
"15","12319196","3.4.2","3.4.2","UnimplementedRequestProcessor.java","ZOOKEEPER-1495","YES"
"15","12319196","3.4.2","3.4.2","ClientTest.java","ZOOKEEPER-1495","YES"
"15","12319196","3.4.2","3.4.2","Zab1_0Test.java","ZOOKEEPER-1387","YES"
"15","12319196","3.4.2","3.4.2","Zab1_0Test.java","ZOOKEEPER-1387","YES"
"16","12319288","3.4.3","3.4.3","LearnerHandler.java","ZOOKEEPER-1697","YES"
"16","12319288","3.4.3","3.4.3","LearnerHandler.java","ZOOKEEPER-1697","YES"
"16","12319288","3.4.3","3.4.3","LoadFromLogTest.java","ZOOKEEPER-1573","YES"
"16","12319288","3.4.3","3.4.3","FileTxnSnapLog.java","ZOOKEEPER-1573","YES"
"16","12319288","3.4.3","3.4.3","LoadFromLogTest.java","ZOOKEEPER-1573","YES"
"16","12319288","3.4.3","3.4.3","FileTxnSnapLog.java","ZOOKEEPER-1573","YES"
"16","12319288","3.4.3","3.4.3","Leader.java","ZOOKEEPER-1551","YES"
"16","12319288","3.4.3","3.4.3","QuorumPeer.java","ZOOKEEPER-1551","YES"
"16","12319288","3.4.3","3.4.3","Zab1_0Test.java","ZOOKEEPER-1551","YES"
"16","12319288","3.4.3","3.4.3","Learner.java","ZOOKEEPER-1551","YES"
"16","12319288","3.4.3","3.4.3","Leader.java","ZOOKEEPER-1551","YES"
"16","12319288","3.4.3","3.4.3","QuorumPeer.java","ZOOKEEPER-1551","YES"
"16","12319288","3.4.3","3.4.3","Zab1_0Test.java","ZOOKEEPER-1551","YES"
"16","12319288","3.4.3","3.4.3","Learner.java","ZOOKEEPER-1551","YES"
"16","12319288","3.4.3","3.4.3","QuorumTest.java","ZOOKEEPER-1478","YES"
"16","12319288","3.4.3","3.4.3","QuorumTest.java","ZOOKEEPER-1478","YES"
"17","12319081","3.3.5","3.3.5","ClientCnxn.java","ZOOKEEPER-1751","YES"
"17","12319081","3.3.5","3.3.5","ClientCnxn.java","ZOOKEEPER-1751","YES"
"17","12319081","3.3.5","3.3.5","DataTreeTest.java","ZOOKEEPER-1448","YES"
"17","12319081","3.3.5","3.3.5","DataTree.java","ZOOKEEPER-1448","YES"
"17","12319081","3.3.5","3.3.5","PathTrie.java","ZOOKEEPER-1448","YES"
"17","12319081","3.3.5","3.3.5","DataTreeTest.java","ZOOKEEPER-1448","YES"
"17","12319081","3.3.5","3.3.5","DataTree.java","ZOOKEEPER-1448","YES"
"17","12319081","3.3.5","3.3.5","PathTrie.java","ZOOKEEPER-1448","YES"
"18","12320172","3.3.6","3.3.6","DataTree.java","ZOOKEEPER-1667","YES"
"18","12320172","3.3.6","3.3.6","WatchEventWhenAutoResetTest.java","ZOOKEEPER-1667","YES"
"18","12320172","3.3.6","3.3.6","DataTree.java","ZOOKEEPER-1667","YES"
"18","12320172","3.3.6","3.3.6","WatchEventWhenAutoResetTest.java","ZOOKEEPER-1667","YES"
"6","12314068","3.2.1","3.2.1","ZooKeeperThreadTest.java","ZOOKEEPER-602","YES"
"6","12314068","3.2.1","3.2.1","LearnerHandler.java","ZOOKEEPER-602","YES"
"6","12314068","3.2.1","3.2.1","FastLeaderElection.java","ZOOKEEPER-602","YES"
"6","12314068","3.2.1","3.2.1","WorkerService.java","ZOOKEEPER-602","YES"
"6","12314068","3.2.1","3.2.1","ReadOnlyRequestProcessor.java","ZOOKEEPER-602","YES"
"6","12314068","3.2.1","3.2.1","QuorumPeer.java","ZOOKEEPER-602","YES"
"6","12314068","3.2.1","3.2.1","FollowerRequestProcessor.java","ZOOKEEPER-602","YES"
"6","12314068","3.2.1","3.2.1","QuorumCnxManager.java","ZOOKEEPER-602","YES"
"6","12314068","3.2.1","3.2.1","Leader.java","ZOOKEEPER-602","YES"
"6","12314068","3.2.1","3.2.1","ClientCnxn.java","ZOOKEEPER-602","YES"
"6","12314068","3.2.1","3.2.1","NIOServerCnxnFactory.java","ZOOKEEPER-602","YES"
"6","12314068","3.2.1","3.2.1","CommitProcessor.java","ZOOKEEPER-602","YES"
"6","12314068","3.2.1","3.2.1","ObserverRequestProcessor.java","ZOOKEEPER-602","YES"
"6","12314068","3.2.1","3.2.1","ZooKeeperThread.java","ZOOKEEPER-602","YES"
"6","12314068","3.2.1","3.2.1","ZooKeeperCriticalThread.java","ZOOKEEPER-602","YES"
"6","12314068","3.2.1","3.2.1","ZooKeeperThreadTest.java","ZOOKEEPER-602","YES"
"6","12314068","3.2.1","3.2.1","LearnerHandler.java","ZOOKEEPER-602","YES"
"6","12314068","3.2.1","3.2.1","FastLeaderElection.java","ZOOKEEPER-602","YES"
"6","12314068","3.2.1","3.2.1","WorkerService.java","ZOOKEEPER-602","YES"
"6","12314068","3.2.1","3.2.1","ReadOnlyRequestProcessor.java","ZOOKEEPER-602","YES"
"6","12314068","3.2.1","3.2.1","QuorumPeer.java","ZOOKEEPER-602","YES"
"6","12314068","3.2.1","3.2.1","FollowerRequestProcessor.java","ZOOKEEPER-602","YES"
"6","12314068","3.2.1","3.2.1","QuorumCnxManager.java","ZOOKEEPER-602","YES"
"6","12314068","3.2.1","3.2.1","Leader.java","ZOOKEEPER-602","YES"
"6","12314068","3.2.1","3.2.1","ClientCnxn.java","ZOOKEEPER-602","YES"
"6","12314068","3.2.1","3.2.1","NIOServerCnxnFactory.java","ZOOKEEPER-602","YES"
"6","12314068","3.2.1","3.2.1","CommitProcessor.java","ZOOKEEPER-602","YES"
"6","12314068","3.2.1","3.2.1","ObserverRequestProcessor.java","ZOOKEEPER-602","YES"
"6","12314068","3.2.1","3.2.1","ZooKeeperThread.java","ZOOKEEPER-602","YES"
"6","12314068","3.2.1","3.2.1","ZooKeeperCriticalThread.java","ZOOKEEPER-602","YES"
"8","12313976","3.3.0","3.3.0","NIOServerCnxn.java","ZOOKEEPER-2227","YES"
"8","12313976","3.3.0","3.3.0","FourLetterWordsTest.java","ZOOKEEPER-2227","YES"
"8","12313976","3.3.0","3.3.0","NettyServerCnxn.java","ZOOKEEPER-2227","YES"
"8","12313976","3.3.0","3.3.0","NIOServerCnxn.java","ZOOKEEPER-2227","YES"
"8","12313976","3.3.0","3.3.0","FourLetterWordsTest.java","ZOOKEEPER-2227","YES"
"8","12313976","3.3.0","3.3.0","NettyServerCnxn.java","ZOOKEEPER-2227","YES"
"8","12313976","3.3.0","3.3.0","NIOServerCnxn.java","ZOOKEEPER-2227","YES"
"8","12313976","3.3.0","3.3.0","FourLetterWordsTest.java","ZOOKEEPER-2227","YES"
"8","12313976","3.3.0","3.3.0","NettyServerCnxn.java","ZOOKEEPER-2227","YES"
"11","12315482","3.3.3","3.3.3","ClientTest.java","ZOOKEEPER-1222","YES"
"11","12315482","3.3.3","3.3.3","ZooKeeper.java","ZOOKEEPER-1222","YES"
"11","12315482","3.3.3","3.3.3","ClientTest.java","ZOOKEEPER-1222","YES"
"11","12315482","3.3.3","3.3.3","ZooKeeper.java","ZOOKEEPER-1222","YES"
"12","12314469","3.4.0","3.4.0","FourLetterCommands.java","ZOOKEEPER-2693","YES"
"12","12314469","3.4.0","3.4.0","NopCommand.java","ZOOKEEPER-2693","YES"
"12","12314469","3.4.0","3.4.0","NettyServerCnxn.java","ZOOKEEPER-2693","YES"
"12","12314469","3.4.0","3.4.0","ZKTestCase.java","ZOOKEEPER-2693","YES"
"12","12314469","3.4.0","3.4.0","NIOServerCnxn.java","ZOOKEEPER-2693","YES"
"12","12314469","3.4.0","3.4.0","FourLetterWordsWhiteListTest.java","ZOOKEEPER-2693","YES"
"12","12314469","3.4.0","3.4.0","FourLetterCommands.java","ZOOKEEPER-2693","YES"
"12","12314469","3.4.0","3.4.0","NopCommand.java","ZOOKEEPER-2693","YES"
"12","12314469","3.4.0","3.4.0","NettyServerCnxn.java","ZOOKEEPER-2693","YES"
"12","12314469","3.4.0","3.4.0","ZKTestCase.java","ZOOKEEPER-2693","YES"
"12","12314469","3.4.0","3.4.0","NIOServerCnxn.java","ZOOKEEPER-2693","YES"
"12","12314469","3.4.0","3.4.0","FourLetterWordsWhiteListTest.java","ZOOKEEPER-2693","YES"
"12","12314469","3.4.0","3.4.0","FourLetterCommands.java","ZOOKEEPER-2693","YES"
"12","12314469","3.4.0","3.4.0","NopCommand.java","ZOOKEEPER-2693","YES"
"12","12314469","3.4.0","3.4.0","NettyServerCnxn.java","ZOOKEEPER-2693","YES"
"12","12314469","3.4.0","3.4.0","ZKTestCase.java","ZOOKEEPER-2693","YES"
"12","12314469","3.4.0","3.4.0","NIOServerCnxn.java","ZOOKEEPER-2693","YES"
"12","12314469","3.4.0","3.4.0","FourLetterWordsWhiteListTest.java","ZOOKEEPER-2693","YES"
"9","12314846","3.3.1","3.3.1","ClientCnxnSocketNIO.java","ZOOKEEPER-786","YES"
"11","12315482","3.3.3","3.3.3","ZooKeeperTest.java","ZOOKEEPER-1220","YES"
"12","12314469","3.4.0","3.4.0","ManagedUtil.java","ZOOKEEPER-1371","YES"
"12","12314469","3.4.0","3.4.0","FourLetterWordMain.java","ZOOKEEPER-1371","YES"
"12","12314469","3.4.0","3.4.0","FollowerResyncConcurrencyTest.java","ZOOKEEPER-1371","YES"
"12","12314469","3.4.0","3.4.0","Login.java","ZOOKEEPER-1371","YES"
"12","12314469","3.4.0","3.4.0","MultiOperationTest.java","ZOOKEEPER-1371","YES"
"12","12314469","3.4.0","3.4.0","ZxidRolloverTest.java","ZOOKEEPER-1371","YES"
"12","12314469","3.4.0","3.4.0","RestoreCommittedLogTest.java","ZOOKEEPER-1371","YES"
"12","12314469","3.4.0","3.4.0","Shell.java","ZOOKEEPER-1371","YES"
"12","12314469","3.4.0","3.4.0","ManagedUtil.java","ZOOKEEPER-1371","YES"
"12","12314469","3.4.0","3.4.0","FourLetterWordMain.java","ZOOKEEPER-1371","YES"
"12","12314469","3.4.0","3.4.0","FollowerResyncConcurrencyTest.java","ZOOKEEPER-1371","YES"
"12","12314469","3.4.0","3.4.0","Login.java","ZOOKEEPER-1371","YES"
"12","12314469","3.4.0","3.4.0","MultiOperationTest.java","ZOOKEEPER-1371","YES"
"12","12314469","3.4.0","3.4.0","ZxidRolloverTest.java","ZOOKEEPER-1371","YES"
"12","12314469","3.4.0","3.4.0","RestoreCommittedLogTest.java","ZOOKEEPER-1371","YES"
"12","12314469","3.4.0","3.4.0","Shell.java","ZOOKEEPER-1371","YES"
"16","12319288","3.4.3","3.4.3","QuorumPeer.java","ZOOKEEPER-1460","YES"
"16","12319288","3.4.3","3.4.3","QuorumServerTest.java","ZOOKEEPER-1460","YES"
"16","12319288","3.4.3","3.4.3","QuorumPeer.java","ZOOKEEPER-1460","YES"
"16","12319288","3.4.3","3.4.3","QuorumServerTest.java","ZOOKEEPER-1460","YES"
"15","12319196","3.4.2","3.4.2","FinalRequestProcessorTest.java","ZOOKEEPER-1392","YES"
"15","12319196","3.4.2","3.4.2","FinalRequestProcessor.java","ZOOKEEPER-1392","YES"
"15","12319196","3.4.2","3.4.2","FinalRequestProcessorTest.java","ZOOKEEPER-1392","YES"
"15","12319196","3.4.2","3.4.2","FinalRequestProcessor.java","ZOOKEEPER-1392","YES"
"15","12319196","3.4.2","3.4.2","FinalRequestProcessorTest.java","ZOOKEEPER-1392","YES"
"15","12319196","3.4.2","3.4.2","FinalRequestProcessor.java","ZOOKEEPER-1392","YES"
