"Class","Ticket","Date","Tree","FixVersion","OpenVersion","PredictedIV"
"Zab1_0Test.java","ZOOKEEPER-1270","2011-11-05 07:29","tree 3dd4ce9655d544046c33e54aca028100fb2c8f1e ------","12","11","11.270605817226889"
"ClientBase.java","ZOOKEEPER-1270","2011-11-05 07:29","tree 3dd4ce9655d544046c33e54aca028100fb2c8f1e ------","12","11","11.270605817226889"
"Zab1_0Test.java","ZOOKEEPER-1270","2011-11-05 07:29","tree 3dd4ce9655d544046c33e54aca028100fb2c8f1e ------","22","11","13.976663989495773"
"ClientBase.java","ZOOKEEPER-1270","2011-11-05 07:29","tree 3dd4ce9655d544046c33e54aca028100fb2c8f1e ------","22","11","13.976663989495773"
"ByteBufferInputStream.java","ZOOKEEPER-1136","2011-09-14 08:56","tree d3251668433d33daf4fdec0f0359f017ec434ede ------","12","11","11.270605817226889"
"Learner.java","ZOOKEEPER-1136","2011-09-14 08:56","tree d3251668433d33daf4fdec0f0359f017ec434ede ------","12","11","11.270605817226889"
"Zab1_0Test.java","ZOOKEEPER-1136","2011-09-14 08:56","tree d3251668433d33daf4fdec0f0359f017ec434ede ------","12","11","11.270605817226889"
"LearnerHandler.java","ZOOKEEPER-1136","2011-09-14 08:56","tree d3251668433d33daf4fdec0f0359f017ec434ede ------","12","11","11.270605817226889"
"ZooKeeperServer.java","ZOOKEEPER-1136","2011-09-14 08:56","tree d3251668433d33daf4fdec0f0359f017ec434ede ------","12","11","11.270605817226889"
"ByteBufferOutputStream.java","ZOOKEEPER-1136","2011-09-14 08:56","tree d3251668433d33daf4fdec0f0359f017ec434ede ------","12","11","11.270605817226889"
"FinalRequestProcessor.java","ZOOKEEPER-1136","2011-09-14 08:56","tree d3251668433d33daf4fdec0f0359f017ec434ede ------","12","11","11.270605817226889"
"JMXEnv.java","ZOOKEEPER-1111","2011-07-19 23:38","tree e6d9c52bbe1c2e1a35ac1330f6edd09de166d034 ------","12","11","11.270605817226889"
"ClientCnxnSocketNIO.java","ZOOKEEPER-1063","2011-07-15 06:10","tree d69643a61e3d70bc086fd87d6bff4d3e3e06d27f ------","12","11","11.270605817226889"
"ZooKeeperTest.java","ZOOKEEPER-1059","2011-05-16 19:39","tree 5a4bbc26d66cb4d0a2a3a0be2a2191f1a90d3512 ------","12","11","11.270605817226889"
"ZooKeeperMain.java","ZOOKEEPER-1059","2011-05-16 19:39","tree 5a4bbc26d66cb4d0a2a3a0be2a2191f1a90d3512 ------","12","11","11.270605817226889"
"ClientTest.java","ZOOKEEPER-870","2010-09-15 07:51","tree 884ab0365358d12dc732af427e80d915a0a72eb1 ------","12","11","11.270605817226889"
"ClientBase.java","ZOOKEEPER-870","2010-09-15 07:51","tree 884ab0365358d12dc732af427e80d915a0a72eb1 ------","12","11","11.270605817226889"
"KerberosName.java","ZOOKEEPER-1327","2012-02-06 10:06","tree 7c58a4a1094f9f763da4ccab5a8bf06f76c1b875 ------","16","15","15.270605817226889"
"KerberosName.java","ZOOKEEPER-1327","2012-02-06 10:06","tree 7c58a4a1094f9f763da4ccab5a8bf06f76c1b875 ------","22","15","16.89424072058822"
"ZooKeeperTest.java","ZOOKEEPER-1307","2012-03-17 01:39","tree cff0c077c2db411e06a98b4c186a07977376ddf5 ------","19","16","16.811817451680664"
"ZooKeeperTest.java","ZOOKEEPER-1307","2012-03-17 01:39","tree cff0c077c2db411e06a98b4c186a07977376ddf5 ------","22","16","17.62363490336133"
"ObserverZooKeeperServer.java","ZOOKEEPER-1798","2013-11-14 05:34","tree 6c93fa560a4b929e61c864a9b4896743cae49fd0 ------","21","16","17.35302908613444"
"Zab1_0Test.java","ZOOKEEPER-1798","2013-10-24 20:41","tree b9d9b706606efc3d93945258e99bec2fb925b3fb ------","21","16","17.35302908613444"
"SyncRequestProcessor.java","ZOOKEEPER-1798","2013-10-24 20:41","tree b9d9b706606efc3d93945258e99bec2fb925b3fb ------","21","16","17.35302908613444"
"ObserverZooKeeperServer.java","ZOOKEEPER-1798","2013-11-14 05:34","tree 6c93fa560a4b929e61c864a9b4896743cae49fd0 ------","22","16","17.62363490336133"
"Zab1_0Test.java","ZOOKEEPER-1798","2013-10-24 20:41","tree b9d9b706606efc3d93945258e99bec2fb925b3fb ------","22","16","17.62363490336133"
"SyncRequestProcessor.java","ZOOKEEPER-1798","2013-10-24 20:41","tree b9d9b706606efc3d93945258e99bec2fb925b3fb ------","22","16","17.62363490336133"
"ClientCnxn.java","ZOOKEEPER-1753","2013-09-18 15:14","tree 4cc11af4c51495289e2ebf2545e4051f32e08c9b ------","21","16","17.35302908613444"
"ClientCnxn.java","ZOOKEEPER-1753","2013-09-18 15:14","tree 4cc11af4c51495289e2ebf2545e4051f32e08c9b ------","22","16","17.62363490336133"
"WatcherTest.java","ZOOKEEPER-1648","2013-02-19 08:55","tree 0a9ecfb93deb2baedc21ac234ce153f1c25857e1 ------","21","16","17.35302908613444"
"WatcherTest.java","ZOOKEEPER-1648","2013-02-19 08:55","tree 0a9ecfb93deb2baedc21ac234ce153f1c25857e1 ------","22","16","17.62363490336133"
"ZooKeeperServer.java","ZOOKEEPER-1642","2013-05-16 18:49","tree aeeabfe61cfeb4ff5a7cb1ddbaada49b28995e61 ------","21","16","17.35302908613444"
"ZooKeeperServer.java","ZOOKEEPER-1642","2013-05-16 18:49","tree aeeabfe61cfeb4ff5a7cb1ddbaada49b28995e61 ------","22","16","17.62363490336133"
"MultiAsyncTransactionTest.java","ZOOKEEPER-1624","2013-10-10 20:06","tree 90d1a7448c287751b015ac9791c1d7a6f4dc4663 ------","21","16","17.35302908613444"
"MultiAsyncTransactionTest.java","ZOOKEEPER-1624","2013-10-10 20:06","tree 90d1a7448c287751b015ac9791c1d7a6f4dc4663 ------","22","16","17.62363490336133"
"Leader.java","ZOOKEEPER-1535","2012-12-31 02:38","tree 1b5844bab850800ddf87920fa799b09bfac7416c ------","21","16","17.35302908613444"
"Zab1_0Test.java","ZOOKEEPER-1535","2012-12-31 02:38","tree 1b5844bab850800ddf87920fa799b09bfac7416c ------","21","16","17.35302908613444"
"Leader.java","ZOOKEEPER-1535","2012-12-31 02:38","tree 1b5844bab850800ddf87920fa799b09bfac7416c ------","22","16","17.62363490336133"
"Zab1_0Test.java","ZOOKEEPER-1535","2012-12-31 02:38","tree 1b5844bab850800ddf87920fa799b09bfac7416c ------","22","16","17.62363490336133"
"FourLetterWordsTest.java","ZOOKEEPER-2224","2015-07-05 06:05","tree 07b9f987355a608d23a47b3dfefe082ac0e67af0 ------","24","16","18.16484653781511"
"FourLetterWordMain.java","ZOOKEEPER-2224","2015-07-05 06:05","tree 07b9f987355a608d23a47b3dfefe082ac0e67af0 ------","24","16","18.16484653781511"
"FourLetterWordsTest.java","ZOOKEEPER-2224","2015-07-05 06:05","tree 07b9f987355a608d23a47b3dfefe082ac0e67af0 ------","23","16","17.89424072058822"
"FourLetterWordMain.java","ZOOKEEPER-2224","2015-07-05 06:05","tree 07b9f987355a608d23a47b3dfefe082ac0e67af0 ------","23","16","17.89424072058822"
"FourLetterWordsTest.java","ZOOKEEPER-2224","2015-07-05 06:05","tree 07b9f987355a608d23a47b3dfefe082ac0e67af0 ------","23","16","17.89424072058822"
"FourLetterWordMain.java","ZOOKEEPER-2224","2015-07-05 06:05","tree 07b9f987355a608d23a47b3dfefe082ac0e67af0 ------","23","16","17.89424072058822"
"JUnit4ZKTestRunner.java","ZOOKEEPER-2174","2015-05-03 19:55","tree 2c3b69b06d589e317aa68fc56408925c10936715 ------","24","16","18.16484653781511"
"JUnit4ZKTestRunner.java","ZOOKEEPER-2174","2015-05-03 19:55","tree 2c3b69b06d589e317aa68fc56408925c10936715 ------","26","16","18.706058172268886"
"JUnit4ZKTestRunner.java","ZOOKEEPER-2174","2015-05-03 19:55","tree 2c3b69b06d589e317aa68fc56408925c10936715 ------","26","16","18.706058172268886"
"BinaryInputArchiveTest.java","ZOOKEEPER-2146","2015-03-25 08:38","tree ba2a4610a6908ee21a9d11a80da2b37bbe479387 ------","24","16","18.16484653781511"
"BinaryInputArchive.java","ZOOKEEPER-2146","2015-03-25 08:38","tree ba2a4610a6908ee21a9d11a80da2b37bbe479387 ------","24","16","18.16484653781511"
"BinaryInputArchiveTest.java","ZOOKEEPER-2146","2015-03-25 08:38","tree ba2a4610a6908ee21a9d11a80da2b37bbe479387 ------","23","16","17.89424072058822"
"BinaryInputArchive.java","ZOOKEEPER-2146","2015-03-25 08:38","tree ba2a4610a6908ee21a9d11a80da2b37bbe479387 ------","23","16","17.89424072058822"
"BinaryInputArchiveTest.java","ZOOKEEPER-2146","2015-03-25 08:38","tree ba2a4610a6908ee21a9d11a80da2b37bbe479387 ------","23","16","17.89424072058822"
"BinaryInputArchive.java","ZOOKEEPER-2146","2015-03-25 08:38","tree ba2a4610a6908ee21a9d11a80da2b37bbe479387 ------","23","16","17.89424072058822"
"Log4JSource.java","ZOOKEEPER-2064","2014-11-29 16:53","tree a958838f635e39433362ad652778ba478e8e54d8 ------","24","16","18.16484653781511"
"NumEvents.java","ZOOKEEPER-2064","2014-11-29 16:53","tree a958838f635e39433362ad652778ba478e8e54d8 ------","24","16","18.16484653781511"
"RestCfg.java","ZOOKEEPER-2064","2014-11-29 16:53","tree a958838f635e39433362ad652778ba478e8e54d8 ------","24","16","18.16484653781511"
"StaticContent.java","ZOOKEEPER-2064","2014-11-29 16:53","tree a958838f635e39433362ad652778ba478e8e54d8 ------","24","16","18.16484653781511"
"QuorumPeerInstance.java","ZOOKEEPER-2064","2014-11-29 16:53","tree a958838f635e39433362ad652778ba478e8e54d8 ------","24","16","18.16484653781511"
"GenerateLoad.java","ZOOKEEPER-2064","2014-11-29 16:53","tree a958838f635e39433362ad652778ba478e8e54d8 ------","24","16","18.16484653781511"
"RandomAccessFileReader.java","ZOOKEEPER-2064","2014-11-29 16:53","tree a958838f635e39433362ad652778ba478e8e54d8 ------","24","16","18.16484653781511"
"Log4JSource.java","ZOOKEEPER-2064","2014-11-29 16:53","tree a958838f635e39433362ad652778ba478e8e54d8 ------","23","16","17.89424072058822"
"NumEvents.java","ZOOKEEPER-2064","2014-11-29 16:53","tree a958838f635e39433362ad652778ba478e8e54d8 ------","23","16","17.89424072058822"
"RestCfg.java","ZOOKEEPER-2064","2014-11-29 16:53","tree a958838f635e39433362ad652778ba478e8e54d8 ------","23","16","17.89424072058822"
"StaticContent.java","ZOOKEEPER-2064","2014-11-29 16:53","tree a958838f635e39433362ad652778ba478e8e54d8 ------","23","16","17.89424072058822"
"QuorumPeerInstance.java","ZOOKEEPER-2064","2014-11-29 16:53","tree a958838f635e39433362ad652778ba478e8e54d8 ------","23","16","17.89424072058822"
"GenerateLoad.java","ZOOKEEPER-2064","2014-11-29 16:53","tree a958838f635e39433362ad652778ba478e8e54d8 ------","23","16","17.89424072058822"
"RandomAccessFileReader.java","ZOOKEEPER-2064","2014-11-29 16:53","tree a958838f635e39433362ad652778ba478e8e54d8 ------","23","16","17.89424072058822"
"Log4JSource.java","ZOOKEEPER-2064","2014-11-29 16:53","tree a958838f635e39433362ad652778ba478e8e54d8 ------","23","16","17.89424072058822"
"NumEvents.java","ZOOKEEPER-2064","2014-11-29 16:53","tree a958838f635e39433362ad652778ba478e8e54d8 ------","23","16","17.89424072058822"
"RestCfg.java","ZOOKEEPER-2064","2014-11-29 16:53","tree a958838f635e39433362ad652778ba478e8e54d8 ------","23","16","17.89424072058822"
"StaticContent.java","ZOOKEEPER-2064","2014-11-29 16:53","tree a958838f635e39433362ad652778ba478e8e54d8 ------","23","16","17.89424072058822"
"QuorumPeerInstance.java","ZOOKEEPER-2064","2014-11-29 16:53","tree a958838f635e39433362ad652778ba478e8e54d8 ------","23","16","17.89424072058822"
"GenerateLoad.java","ZOOKEEPER-2064","2014-11-29 16:53","tree a958838f635e39433362ad652778ba478e8e54d8 ------","23","16","17.89424072058822"
"RandomAccessFileReader.java","ZOOKEEPER-2064","2014-11-29 16:53","tree a958838f635e39433362ad652778ba478e8e54d8 ------","23","16","17.89424072058822"
"QuorumBase.java","ZOOKEEPER-1939","2014-06-25 19:25","tree 81901bf465670dc5ee991d2c6b4d0b4fcb6eee43 ------","24","16","18.16484653781511"
"QuorumBase.java","ZOOKEEPER-1939","2014-06-25 19:25","tree 81901bf465670dc5ee991d2c6b4d0b4fcb6eee43 ------","22","16","17.62363490336133"
"QuorumPeerInstance.java","ZOOKEEPER-1926","2014-05-09 23:37","tree 15a04574dc15764bcded7e5610be5186fe3dca5a ------","24","16","18.16484653781511"
"LearnerTest.java","ZOOKEEPER-1926","2014-05-09 23:37","tree 15a04574dc15764bcded7e5610be5186fe3dca5a ------","24","16","18.16484653781511"
"Zab1_0Test.java","ZOOKEEPER-1926","2014-05-09 23:37","tree 15a04574dc15764bcded7e5610be5186fe3dca5a ------","24","16","18.16484653781511"
"BaseSysTest.java","ZOOKEEPER-1926","2014-05-09 23:37","tree 15a04574dc15764bcded7e5610be5186fe3dca5a ------","24","16","18.16484653781511"
"QuorumPeerInstance.java","ZOOKEEPER-1926","2014-05-09 23:37","tree 15a04574dc15764bcded7e5610be5186fe3dca5a ------","22","16","17.62363490336133"
"LearnerTest.java","ZOOKEEPER-1926","2014-05-09 23:37","tree 15a04574dc15764bcded7e5610be5186fe3dca5a ------","22","16","17.62363490336133"
"Zab1_0Test.java","ZOOKEEPER-1926","2014-05-09 23:37","tree 15a04574dc15764bcded7e5610be5186fe3dca5a ------","22","16","17.62363490336133"
"BaseSysTest.java","ZOOKEEPER-1926","2014-05-09 23:37","tree 15a04574dc15764bcded7e5610be5186fe3dca5a ------","22","16","17.62363490336133"
"ZooTrace.java","ZOOKEEPER-2622","2017-01-28 06:43","tree d38d8cdbe401b24745d6f4c86abc4a088b1fbdbc ------","28","16","19.247269806722663"
"ZooTrace.java","ZOOKEEPER-2622","2017-01-28 06:43","tree d38d8cdbe401b24745d6f4c86abc4a088b1fbdbc ------","29","16","19.51787562394955"
"ZooTrace.java","ZOOKEEPER-2622","2017-01-28 06:43","tree d38d8cdbe401b24745d6f4c86abc4a088b1fbdbc ------","29","16","19.51787562394955"
"SaslServerCallbackHandler.java","ZOOKEEPER-2606","2016-10-17 10:27","tree 3be16c56c017c7dc86785c014f9072df51546735 ------","28","16","19.247269806722663"
"SaslServerCallbackHandler.java","ZOOKEEPER-2606","2016-10-17 10:27","tree 3be16c56c017c7dc86785c014f9072df51546735 ------","29","16","19.51787562394955"
"SaslServerCallbackHandler.java","ZOOKEEPER-2606","2016-10-17 10:27","tree 3be16c56c017c7dc86785c014f9072df51546735 ------","29","16","19.51787562394955"
"JettyAdminServerTest.java","ZOOKEEPER-1969","2014-07-18 19:04","tree 237577680d2d6704961ffc8a73e585482fc22e6a ------","22","16","17.62363490336133"
"ReconfigTest.java","ZOOKEEPER-1964","2014-07-14 19:45","tree 8075eb8447420a3964bdf6e7b0b87c3864a57537 ------","22","16","17.62363490336133"
"RemoveWatchesCommand.java","ZOOKEEPER-1910","2014-04-29 02:23","tree 08f14a2bcb068303c63b50b67d92f12a7e434778 ------","22","16","17.62363490336133"
"RemoveWatchesTest.java","ZOOKEEPER-1910","2014-04-29 02:23","tree 08f14a2bcb068303c63b50b67d92f12a7e434778 ------","22","16","17.62363490336133"
"DataTree.java","ZOOKEEPER-1910","2014-04-29 02:23","tree 08f14a2bcb068303c63b50b67d92f12a7e434778 ------","22","16","17.62363490336133"
"ZKDatabase.java","ZOOKEEPER-1910","2014-04-29 02:23","tree 08f14a2bcb068303c63b50b67d92f12a7e434778 ------","22","16","17.62363490336133"
"ZooDefs.java","ZOOKEEPER-1910","2014-04-29 02:23","tree 08f14a2bcb068303c63b50b67d92f12a7e434778 ------","22","16","17.62363490336133"
"PrepRequestProcessor.java","ZOOKEEPER-1910","2014-04-29 02:23","tree 08f14a2bcb068303c63b50b67d92f12a7e434778 ------","22","16","17.62363490336133"
"WatchManager.java","ZOOKEEPER-1910","2014-04-29 02:23","tree 08f14a2bcb068303c63b50b67d92f12a7e434778 ------","22","16","17.62363490336133"
"Request.java","ZOOKEEPER-1910","2014-04-29 02:23","tree 08f14a2bcb068303c63b50b67d92f12a7e434778 ------","22","16","17.62363490336133"
"FinalRequestProcessor.java","ZOOKEEPER-1910","2014-04-29 02:23","tree 08f14a2bcb068303c63b50b67d92f12a7e434778 ------","22","16","17.62363490336133"
"ZooKeeper.java","ZOOKEEPER-1910","2014-04-29 02:23","tree 08f14a2bcb068303c63b50b67d92f12a7e434778 ------","22","16","17.62363490336133"
"QuorumPeerConfig.java","ZOOKEEPER-1864","2014-05-17 13:23","tree 0ed7af045630ee6b83faf0f229fe4f5f71732303 ------","22","16","17.62363490336133"
"ByteBufferInputStreamTest.java","ZOOKEEPER-1843","2014-04-26 23:16","tree c1948f25bbbd27fe4e3e3a038bcd066f75af80f4 ------","22","16","17.62363490336133"
"ByteBufferInputStream.java","ZOOKEEPER-1843","2014-04-26 23:16","tree c1948f25bbbd27fe4e3e3a038bcd066f75af80f4 ------","22","16","17.62363490336133"
"PathUtilsTest.java","ZOOKEEPER-1628","2013-01-25 08:08","tree 80d9b4d4cbe52625ef77486c14c7403266fad59b ------","22","16","17.62363490336133"
"StaticHostProviderTest.java","ZOOKEEPER-1358","2012-01-16 03:19","tree 366876c558a68bfb1aec2ae3c9f3c37a75e14629 ------","22","15","16.89424072058822"
"ObserverLETest.java","ZOOKEEPER-1294","2012-01-14 00:28","tree c619b64b2f2960938e76ecc669bd7f1a560d1823 ------","22","15","16.89424072058822"
"Leader.java","ZOOKEEPER-1294","2012-01-14 00:28","tree c619b64b2f2960938e76ecc669bd7f1a560d1823 ------","22","15","16.89424072058822"
"ClientBase.java","ZOOKEEPER-1294","2012-01-14 00:28","tree c619b64b2f2960938e76ecc669bd7f1a560d1823 ------","22","15","16.89424072058822"
"QuorumUtilTest.java","ZOOKEEPER-1214","2014-05-18 05:49","tree 5558bc14cb836834d9191a015920bf72efcb331d ------","22","15","16.89424072058822"
"QuorumPeer.java","ZOOKEEPER-1214","2014-05-18 05:49","tree 5558bc14cb836834d9191a015920bf72efcb331d ------","22","15","16.89424072058822"
"QuorumUtil.java","ZOOKEEPER-1214","2014-05-18 05:49","tree 5558bc14cb836834d9191a015920bf72efcb331d ------","22","15","16.89424072058822"
"MBeanRegistry.java","ZOOKEEPER-1214","2014-05-18 05:49","tree 5558bc14cb836834d9191a015920bf72efcb331d ------","22","15","16.89424072058822"
"CnxManagerTest.java","ZOOKEEPER-1125","2011-09-14 06:32","tree 886dbcc3eefbb8275b4b752ad4968272bac8998e ------","22","11","13.976663989495773"
"StandaloneDisabledTest.java","ZOOKEEPER-2190","2015-05-14 21:53","tree ed80dc47885434c6db86e8163593422c745b07c1 ------","23","11","14.247269806722661"
"StandaloneDisabledTest.java","ZOOKEEPER-2190","2015-05-14 21:53","tree ed80dc47885434c6db86e8163593422c745b07c1 ------","23","11","14.247269806722661"
"PrepRequestProcessor.java","ZOOKEEPER-2187","2015-05-29 19:45","tree c717e06bad991f1e783203208bc9192c747baff6 ------","23","11","14.247269806722661"
"PrepRequestProcessor.java","ZOOKEEPER-2187","2015-05-29 19:45","tree c717e06bad991f1e783203208bc9192c747baff6 ------","23","11","14.247269806722661"
"ClientCnxn.java","ZOOKEEPER-2171","2015-05-10 00:27","tree 53e51672a73c769436c7befb1d899db5c840b670 ------","23","11","14.247269806722661"
"StaticHostProviderTest.java","ZOOKEEPER-2171","2015-05-10 00:27","tree 53e51672a73c769436c7befb1d899db5c840b670 ------","23","11","14.247269806722661"
"QuorumPeerInstance.java","ZOOKEEPER-2171","2015-05-10 00:27","tree 53e51672a73c769436c7befb1d899db5c840b670 ------","23","11","14.247269806722661"
"ClientCnxn.java","ZOOKEEPER-2171","2015-05-10 00:27","tree 53e51672a73c769436c7befb1d899db5c840b670 ------","23","11","14.247269806722661"
"StaticHostProviderTest.java","ZOOKEEPER-2171","2015-05-10 00:27","tree 53e51672a73c769436c7befb1d899db5c840b670 ------","23","11","14.247269806722661"
"QuorumPeerInstance.java","ZOOKEEPER-2171","2015-05-10 00:27","tree 53e51672a73c769436c7befb1d899db5c840b670 ------","23","11","14.247269806722661"
"ClientCnxn.java","ZOOKEEPER-2111","2015-01-31 08:05","tree fea22e69549737cbc7c906ffd3b82bcec0fe545e ------","23","11","14.247269806722661"
"ClientCnxn.java","ZOOKEEPER-2111","2015-01-31 08:05","tree fea22e69549737cbc7c906ffd3b82bcec0fe545e ------","23","11","14.247269806722661"
"NettyServerCnxnTest.java","ZOOKEEPER-2072","2015-01-30 03:23","tree f1ba289a0d573a162a17f7881771010f1a81199b ------","23","11","14.247269806722661"
"NettyServerCnxnFactory.java","ZOOKEEPER-2072","2015-01-30 03:23","tree f1ba289a0d573a162a17f7881771010f1a81199b ------","23","11","14.247269806722661"
"NettyServerCnxnTest.java","ZOOKEEPER-2072","2015-01-30 03:23","tree f1ba289a0d573a162a17f7881771010f1a81199b ------","23","11","14.247269806722661"
"NettyServerCnxnFactory.java","ZOOKEEPER-2072","2015-01-30 03:23","tree f1ba289a0d573a162a17f7881771010f1a81199b ------","23","11","14.247269806722661"
"PrepRequestProcessor.java","ZOOKEEPER-1366","2015-02-06 06:17","tree 77b8527a1d957078681b7f42d91ba5f74cb7539e ------","23","11","14.247269806722661"
"StaticHostProviderTest.java","ZOOKEEPER-1366","2015-02-06 06:17","tree 77b8527a1d957078681b7f42d91ba5f74cb7539e ------","23","11","14.247269806722661"
"Follower.java","ZOOKEEPER-1366","2015-02-06 06:17","tree 77b8527a1d957078681b7f42d91ba5f74cb7539e ------","23","11","14.247269806722661"
"ClientBase.java","ZOOKEEPER-1366","2015-02-06 06:17","tree 77b8527a1d957078681b7f42d91ba5f74cb7539e ------","23","11","14.247269806722661"
"ConnectionBean.java","ZOOKEEPER-1366","2015-02-06 06:17","tree 77b8527a1d957078681b7f42d91ba5f74cb7539e ------","23","11","14.247269806722661"
"ServerStats.java","ZOOKEEPER-1366","2015-02-06 06:17","tree 77b8527a1d957078681b7f42d91ba5f74cb7539e ------","23","11","14.247269806722661"
"SimpleSysTest.java","ZOOKEEPER-1366","2015-02-06 06:17","tree 77b8527a1d957078681b7f42d91ba5f74cb7539e ------","23","11","14.247269806722661"
"Request.java","ZOOKEEPER-1366","2015-02-06 06:17","tree 77b8527a1d957078681b7f42d91ba5f74cb7539e ------","23","11","14.247269806722661"
"RateLogger.java","ZOOKEEPER-1366","2015-02-06 06:17","tree 77b8527a1d957078681b7f42d91ba5f74cb7539e ------","23","11","14.247269806722661"
"ReadOnlyModeTest.java","ZOOKEEPER-1366","2015-02-06 06:17","tree 77b8527a1d957078681b7f42d91ba5f74cb7539e ------","23","11","14.247269806722661"
"Time.java","ZOOKEEPER-1366","2015-02-06 06:17","tree 77b8527a1d957078681b7f42d91ba5f74cb7539e ------","23","11","14.247269806722661"
"ZooKeeperTestClient.java","ZOOKEEPER-1366","2015-02-06 06:17","tree 77b8527a1d957078681b7f42d91ba5f74cb7539e ------","23","11","14.247269806722661"
"Leader.java","ZOOKEEPER-1366","2015-02-06 06:17","tree 77b8527a1d957078681b7f42d91ba5f74cb7539e ------","23","11","14.247269806722661"
"CnxManagerTest.java","ZOOKEEPER-1366","2015-02-06 06:17","tree 77b8527a1d957078681b7f42d91ba5f74cb7539e ------","23","11","14.247269806722661"
"ClientCnxn.java","ZOOKEEPER-1366","2015-02-06 06:17","tree 77b8527a1d957078681b7f42d91ba5f74cb7539e ------","23","11","14.247269806722661"
"WorkerService.java","ZOOKEEPER-1366","2015-02-06 06:17","tree 77b8527a1d957078681b7f42d91ba5f74cb7539e ------","23","11","14.247269806722661"
"ExpiryQueue.java","ZOOKEEPER-1366","2015-02-06 06:17","tree 77b8527a1d957078681b7f42d91ba5f74cb7539e ------","23","11","14.247269806722661"
"ClientCnxnSocket.java","ZOOKEEPER-1366","2015-02-06 06:17","tree 77b8527a1d957078681b7f42d91ba5f74cb7539e ------","23","11","14.247269806722661"
"SessionTrackerImpl.java","ZOOKEEPER-1366","2015-02-06 06:17","tree 77b8527a1d957078681b7f42d91ba5f74cb7539e ------","23","11","14.247269806722661"
"TimeTest.java","ZOOKEEPER-1366","2015-02-06 06:17","tree 77b8527a1d957078681b7f42d91ba5f74cb7539e ------","23","11","14.247269806722661"
"ClientHammerTest.java","ZOOKEEPER-1366","2015-02-06 06:17","tree 77b8527a1d957078681b7f42d91ba5f74cb7539e ------","23","11","14.247269806722661"
"Login.java","ZOOKEEPER-1366","2015-02-06 06:17","tree 77b8527a1d957078681b7f42d91ba5f74cb7539e ------","23","11","14.247269806722661"
"InstanceManager.java","ZOOKEEPER-1366","2015-02-06 06:17","tree 77b8527a1d957078681b7f42d91ba5f74cb7539e ------","23","11","14.247269806722661"
"FastLeaderElection.java","ZOOKEEPER-1366","2015-02-06 06:17","tree 77b8527a1d957078681b7f42d91ba5f74cb7539e ------","23","11","14.247269806722661"
"ZKDatabase.java","ZOOKEEPER-1366","2015-02-06 06:17","tree 77b8527a1d957078681b7f42d91ba5f74cb7539e ------","23","11","14.247269806722661"
"Shell.java","ZOOKEEPER-1366","2015-02-06 06:17","tree 77b8527a1d957078681b7f42d91ba5f74cb7539e ------","23","11","14.247269806722661"
"TestHammer.java","ZOOKEEPER-1366","2015-02-06 06:17","tree 77b8527a1d957078681b7f42d91ba5f74cb7539e ------","23","11","14.247269806722661"
"QuorumPeerMainTest.java","ZOOKEEPER-1366","2015-02-06 06:17","tree 77b8527a1d957078681b7f42d91ba5f74cb7539e ------","23","11","14.247269806722661"
"GenerateLoad.java","ZOOKEEPER-1366","2015-02-06 06:17","tree 77b8527a1d957078681b7f42d91ba5f74cb7539e ------","23","11","14.247269806722661"
"PrepRequestProcessor.java","ZOOKEEPER-1366","2015-02-06 06:17","tree 77b8527a1d957078681b7f42d91ba5f74cb7539e ------","23","11","14.247269806722661"
"StaticHostProviderTest.java","ZOOKEEPER-1366","2015-02-06 06:17","tree 77b8527a1d957078681b7f42d91ba5f74cb7539e ------","23","11","14.247269806722661"
"Follower.java","ZOOKEEPER-1366","2015-02-06 06:17","tree 77b8527a1d957078681b7f42d91ba5f74cb7539e ------","23","11","14.247269806722661"
"ClientBase.java","ZOOKEEPER-1366","2015-02-06 06:17","tree 77b8527a1d957078681b7f42d91ba5f74cb7539e ------","23","11","14.247269806722661"
"ConnectionBean.java","ZOOKEEPER-1366","2015-02-06 06:17","tree 77b8527a1d957078681b7f42d91ba5f74cb7539e ------","23","11","14.247269806722661"
"ServerStats.java","ZOOKEEPER-1366","2015-02-06 06:17","tree 77b8527a1d957078681b7f42d91ba5f74cb7539e ------","23","11","14.247269806722661"
"SimpleSysTest.java","ZOOKEEPER-1366","2015-02-06 06:17","tree 77b8527a1d957078681b7f42d91ba5f74cb7539e ------","23","11","14.247269806722661"
"Request.java","ZOOKEEPER-1366","2015-02-06 06:17","tree 77b8527a1d957078681b7f42d91ba5f74cb7539e ------","23","11","14.247269806722661"
"RateLogger.java","ZOOKEEPER-1366","2015-02-06 06:17","tree 77b8527a1d957078681b7f42d91ba5f74cb7539e ------","23","11","14.247269806722661"
"ReadOnlyModeTest.java","ZOOKEEPER-1366","2015-02-06 06:17","tree 77b8527a1d957078681b7f42d91ba5f74cb7539e ------","23","11","14.247269806722661"
"Time.java","ZOOKEEPER-1366","2015-02-06 06:17","tree 77b8527a1d957078681b7f42d91ba5f74cb7539e ------","23","11","14.247269806722661"
"ZooKeeperTestClient.java","ZOOKEEPER-1366","2015-02-06 06:17","tree 77b8527a1d957078681b7f42d91ba5f74cb7539e ------","23","11","14.247269806722661"
"Leader.java","ZOOKEEPER-1366","2015-02-06 06:17","tree 77b8527a1d957078681b7f42d91ba5f74cb7539e ------","23","11","14.247269806722661"
"CnxManagerTest.java","ZOOKEEPER-1366","2015-02-06 06:17","tree 77b8527a1d957078681b7f42d91ba5f74cb7539e ------","23","11","14.247269806722661"
"ClientCnxn.java","ZOOKEEPER-1366","2015-02-06 06:17","tree 77b8527a1d957078681b7f42d91ba5f74cb7539e ------","23","11","14.247269806722661"
"WorkerService.java","ZOOKEEPER-1366","2015-02-06 06:17","tree 77b8527a1d957078681b7f42d91ba5f74cb7539e ------","23","11","14.247269806722661"
"ExpiryQueue.java","ZOOKEEPER-1366","2015-02-06 06:17","tree 77b8527a1d957078681b7f42d91ba5f74cb7539e ------","23","11","14.247269806722661"
"ClientCnxnSocket.java","ZOOKEEPER-1366","2015-02-06 06:17","tree 77b8527a1d957078681b7f42d91ba5f74cb7539e ------","23","11","14.247269806722661"
"SessionTrackerImpl.java","ZOOKEEPER-1366","2015-02-06 06:17","tree 77b8527a1d957078681b7f42d91ba5f74cb7539e ------","23","11","14.247269806722661"
"TimeTest.java","ZOOKEEPER-1366","2015-02-06 06:17","tree 77b8527a1d957078681b7f42d91ba5f74cb7539e ------","23","11","14.247269806722661"
"ClientHammerTest.java","ZOOKEEPER-1366","2015-02-06 06:17","tree 77b8527a1d957078681b7f42d91ba5f74cb7539e ------","23","11","14.247269806722661"
"Login.java","ZOOKEEPER-1366","2015-02-06 06:17","tree 77b8527a1d957078681b7f42d91ba5f74cb7539e ------","23","11","14.247269806722661"
"InstanceManager.java","ZOOKEEPER-1366","2015-02-06 06:17","tree 77b8527a1d957078681b7f42d91ba5f74cb7539e ------","23","11","14.247269806722661"
"FastLeaderElection.java","ZOOKEEPER-1366","2015-02-06 06:17","tree 77b8527a1d957078681b7f42d91ba5f74cb7539e ------","23","11","14.247269806722661"
"ZKDatabase.java","ZOOKEEPER-1366","2015-02-06 06:17","tree 77b8527a1d957078681b7f42d91ba5f74cb7539e ------","23","11","14.247269806722661"
"Shell.java","ZOOKEEPER-1366","2015-02-06 06:17","tree 77b8527a1d957078681b7f42d91ba5f74cb7539e ------","23","11","14.247269806722661"
"TestHammer.java","ZOOKEEPER-1366","2015-02-06 06:17","tree 77b8527a1d957078681b7f42d91ba5f74cb7539e ------","23","11","14.247269806722661"
"QuorumPeerMainTest.java","ZOOKEEPER-1366","2015-02-06 06:17","tree 77b8527a1d957078681b7f42d91ba5f74cb7539e ------","23","11","14.247269806722661"
"GenerateLoad.java","ZOOKEEPER-1366","2015-02-06 06:17","tree 77b8527a1d957078681b7f42d91ba5f74cb7539e ------","23","11","14.247269806722661"
"QuorumPeerTestBase.java","ZOOKEEPER-2380","2016-06-23 23:25","tree 1c94efc7eb19e306f72e4bd61aa2bd4a8dc68cd9 ------","26","11","15.059087258403327"
"RaceConditionTest.java","ZOOKEEPER-2380","2016-06-23 23:25","tree 1c94efc7eb19e306f72e4bd61aa2bd4a8dc68cd9 ------","26","11","15.059087258403327"
"QuorumPeer.java","ZOOKEEPER-2380","2016-06-23 23:25","tree 1c94efc7eb19e306f72e4bd61aa2bd4a8dc68cd9 ------","26","11","15.059087258403327"
"ClientBase.java","ZOOKEEPER-2380","2016-06-23 23:25","tree 1c94efc7eb19e306f72e4bd61aa2bd4a8dc68cd9 ------","26","11","15.059087258403327"
"Leader.java","ZOOKEEPER-2380","2016-06-23 23:25","tree 1c94efc7eb19e306f72e4bd61aa2bd4a8dc68cd9 ------","26","11","15.059087258403327"
"QuorumPeerTestBase.java","ZOOKEEPER-2380","2016-06-23 23:25","tree 1c94efc7eb19e306f72e4bd61aa2bd4a8dc68cd9 ------","26","11","15.059087258403327"
"RaceConditionTest.java","ZOOKEEPER-2380","2016-06-23 23:25","tree 1c94efc7eb19e306f72e4bd61aa2bd4a8dc68cd9 ------","26","11","15.059087258403327"
"QuorumPeer.java","ZOOKEEPER-2380","2016-06-23 23:25","tree 1c94efc7eb19e306f72e4bd61aa2bd4a8dc68cd9 ------","26","11","15.059087258403327"
"ClientBase.java","ZOOKEEPER-2380","2016-06-23 23:25","tree 1c94efc7eb19e306f72e4bd61aa2bd4a8dc68cd9 ------","26","11","15.059087258403327"
"Leader.java","ZOOKEEPER-2380","2016-06-23 23:25","tree 1c94efc7eb19e306f72e4bd61aa2bd4a8dc68cd9 ------","26","11","15.059087258403327"
"ClientCnxn.java","ZOOKEEPER-2335","2015-12-06 19:58","tree 7c691392d83f0800a6aec839600ea8c1c9c3c925 ------","26","11","15.059087258403327"
"ClientCnxn.java","ZOOKEEPER-2335","2015-12-06 19:58","tree 7c691392d83f0800a6aec839600ea8c1c9c3c925 ------","26","11","15.059087258403327"
"ZooKeeperMain.java","ZOOKEEPER-2329","2015-11-22 00:33","tree 640439e690d8643d8ecd83851ba8325557dd1007 ------","26","11","15.059087258403327"
"PurgeTxnLog.java","ZOOKEEPER-2329","2015-11-22 00:33","tree 640439e690d8643d8ecd83851ba8325557dd1007 ------","26","11","15.059087258403327"
"AdminServer.java","ZOOKEEPER-2329","2015-11-22 00:33","tree 640439e690d8643d8ecd83851ba8325557dd1007 ------","26","11","15.059087258403327"
"JettyAdminServer.java","ZOOKEEPER-2329","2015-11-22 00:33","tree 640439e690d8643d8ecd83851ba8325557dd1007 ------","26","11","15.059087258403327"
"ZooKeeperServerBean.java","ZOOKEEPER-2304","2015-12-06 21:37","tree 673e53796ed91c6d030bf5a287146c6ab9ad76c4 ------","26","11","15.059087258403327"
"RemotePeerBeanTest.java","ZOOKEEPER-2302","2015-10-28 22:54","tree d3cf00581fc215fc1a9f538fbd36f3cc2fed11ad ------","26","11","15.059087258403327"
"QuorumPeerConfigTest.java","ZOOKEEPER-2302","2015-10-28 22:54","tree d3cf00581fc215fc1a9f538fbd36f3cc2fed11ad ------","26","11","15.059087258403327"
"RemotePeerBeanTest.java","ZOOKEEPER-2302","2015-10-28 22:54","tree d3cf00581fc215fc1a9f538fbd36f3cc2fed11ad ------","26","11","15.059087258403327"
"QuorumPeerConfigTest.java","ZOOKEEPER-2302","2015-10-28 22:54","tree d3cf00581fc215fc1a9f538fbd36f3cc2fed11ad ------","26","11","15.059087258403327"
"QuorumPeerTest.java","ZOOKEEPER-2301","2015-12-07 05:59","tree 78120d56503a4f1ffbe57cb56244d7d73e9cf476 ------","26","11","15.059087258403327"
"QuorumPeer.java","ZOOKEEPER-2301","2015-12-07 05:59","tree 78120d56503a4f1ffbe57cb56244d7d73e9cf476 ------","26","11","15.059087258403327"
"LocalPeerBeanTest.java","ZOOKEEPER-2299","2015-12-07 06:06","tree 0ecbeca424111e909d1e4752a3089198187e601c ------","26","11","15.059087258403327"
"LocalPeerBean.java","ZOOKEEPER-2299","2015-12-07 06:06","tree 0ecbeca424111e909d1e4752a3089198187e601c ------","26","11","15.059087258403327"
"LocalPeerBeanTest.java","ZOOKEEPER-2299","2015-12-07 06:06","tree 0ecbeca424111e909d1e4752a3089198187e601c ------","26","11","15.059087258403327"
"LocalPeerBean.java","ZOOKEEPER-2299","2015-12-07 06:06","tree 0ecbeca424111e909d1e4752a3089198187e601c ------","26","11","15.059087258403327"
"QuorumPeerConfig.java","ZOOKEEPER-2264","2015-09-06 20:02","tree 832257b27d1762302c8a46ce6762a0b6f61f837f ------","26","11","15.059087258403327"
"QuorumPeerConfigTest.java","ZOOKEEPER-2264","2015-09-06 20:02","tree 832257b27d1762302c8a46ce6762a0b6f61f837f ------","26","11","15.059087258403327"
"QuorumPeerConfig.java","ZOOKEEPER-2264","2015-09-06 20:02","tree 832257b27d1762302c8a46ce6762a0b6f61f837f ------","26","11","15.059087258403327"
"QuorumPeerConfigTest.java","ZOOKEEPER-2264","2015-09-06 20:02","tree 832257b27d1762302c8a46ce6762a0b6f61f837f ------","26","11","15.059087258403327"
"ClientPortBindTest.java","ZOOKEEPER-1256","2016-07-30 01:02","tree 8225531e882c0ab4c435859f684e58f65d15bb44 ------","29","11","15.870904710083993"
"ClientPortBindTest.java","ZOOKEEPER-1256","2016-07-30 01:02","tree 8225531e882c0ab4c435859f684e58f65d15bb44 ------","29","11","15.870904710083993"
"ZooKeeperRetry.java","ZOOKEEPER-2818","2017-07-04 07:56","tree 33ea8953953d1f4f63d56b19229b58a9614cca05 ------","30","11","16.14151052731088"
"ZooKeeper.java","ZOOKEEPER-2818","2017-07-04 07:56","tree 33ea8953953d1f4f63d56b19229b58a9614cca05 ------","30","11","16.14151052731088"
"ZooKeeperRetry.java","ZOOKEEPER-2818","2017-07-04 07:56","tree 33ea8953953d1f4f63d56b19229b58a9614cca05 ------","32","11","16.68272216176466"
"ZooKeeper.java","ZOOKEEPER-2818","2017-07-04 07:56","tree 33ea8953953d1f4f63d56b19229b58a9614cca05 ------","32","11","16.68272216176466"
"ZooKeeperRetry.java","ZOOKEEPER-2818","2017-07-04 07:56","tree 33ea8953953d1f4f63d56b19229b58a9614cca05 ------","32","11","16.68272216176466"
"ZooKeeper.java","ZOOKEEPER-2818","2017-07-04 07:56","tree 33ea8953953d1f4f63d56b19229b58a9614cca05 ------","32","11","16.68272216176466"
"ClientBase.java","ZOOKEEPER-2722","2017-04-18 01:37","tree 578a6b457e8accb5078aeb97694fc3ec0a1aba99 ------","30","11","16.14151052731088"
"ReadOnlyModeTest.java","ZOOKEEPER-2722","2017-04-18 01:37","tree 578a6b457e8accb5078aeb97694fc3ec0a1aba99 ------","30","11","16.14151052731088"
"ClientBase.java","ZOOKEEPER-2722","2017-04-18 01:37","tree 578a6b457e8accb5078aeb97694fc3ec0a1aba99 ------","32","11","16.68272216176466"
"ReadOnlyModeTest.java","ZOOKEEPER-2722","2017-04-18 01:37","tree 578a6b457e8accb5078aeb97694fc3ec0a1aba99 ------","32","11","16.68272216176466"
"ClientBase.java","ZOOKEEPER-2722","2017-04-18 01:37","tree 578a6b457e8accb5078aeb97694fc3ec0a1aba99 ------","32","11","16.68272216176466"
"ReadOnlyModeTest.java","ZOOKEEPER-2722","2017-04-18 01:37","tree 578a6b457e8accb5078aeb97694fc3ec0a1aba99 ------","32","11","16.68272216176466"
"FileTxnLog.java","ZOOKEEPER-2853","2017-08-03 20:41","tree 6544a2a7e853b7d1d3c4490dd5fd544c296375ba ------","32","11","16.68272216176466"
"FileTxnLog.java","ZOOKEEPER-2853","2017-08-03 20:41","tree 6544a2a7e853b7d1d3c4490dd5fd544c296375ba ------","32","11","16.68272216176466"
"FastLeaderElection.java","ZOOKEEPER-1807","2014-07-18 20:48","tree cb61bd5970cfea5c4c526000d80714a2a213eeb6 ------","32","11","16.68272216176466"
"ReconfigRecoveryTest.java","ZOOKEEPER-1807","2014-07-18 20:48","tree cb61bd5970cfea5c4c526000d80714a2a213eeb6 ------","32","11","16.68272216176466"
"QuorumPeerTestBase.java","ZOOKEEPER-1807","2014-07-18 20:48","tree cb61bd5970cfea5c4c526000d80714a2a213eeb6 ------","32","11","16.68272216176466"
"QuorumPeer.java","ZOOKEEPER-1807","2014-07-18 20:48","tree cb61bd5970cfea5c4c526000d80714a2a213eeb6 ------","32","11","16.68272216176466"
"FastLeaderElection.java","ZOOKEEPER-1807","2014-07-18 20:48","tree cb61bd5970cfea5c4c526000d80714a2a213eeb6 ------","32","11","16.68272216176466"
"ReconfigRecoveryTest.java","ZOOKEEPER-1807","2014-07-18 20:48","tree cb61bd5970cfea5c4c526000d80714a2a213eeb6 ------","32","11","16.68272216176466"
"QuorumPeerTestBase.java","ZOOKEEPER-1807","2014-07-18 20:48","tree cb61bd5970cfea5c4c526000d80714a2a213eeb6 ------","32","11","16.68272216176466"
"QuorumPeer.java","ZOOKEEPER-1807","2014-07-18 20:48","tree cb61bd5970cfea5c4c526000d80714a2a213eeb6 ------","32","11","16.68272216176466"
"MultipleAddressesTest.java","ZOOKEEPER-3698","2020-01-23 13:43","tree df910b5380cea98718ca5815060b865cf2d7ad24 ------","32","11","16.68272216176466"
"QuorumPeerMain.java","ZOOKEEPER-3698","2020-01-23 13:43","tree df910b5380cea98718ca5815060b865cf2d7ad24 ------","32","11","16.68272216176466"
"Learner.java","ZOOKEEPER-3698","2020-01-23 13:43","tree df910b5380cea98718ca5815060b865cf2d7ad24 ------","32","11","16.68272216176466"
"QuorumPeerMainTest.java","ZOOKEEPER-3698","2020-01-23 13:43","tree df910b5380cea98718ca5815060b865cf2d7ad24 ------","32","11","16.68272216176466"
"QuorumPeer.java","ZOOKEEPER-3698","2020-01-23 13:43","tree df910b5380cea98718ca5815060b865cf2d7ad24 ------","32","11","16.68272216176466"
"QuorumPeerConfig.java","ZOOKEEPER-3698","2020-01-23 13:43","tree df910b5380cea98718ca5815060b865cf2d7ad24 ------","32","11","16.68272216176466"
"QuorumCnxManager.java","ZOOKEEPER-3698","2020-01-23 13:43","tree df910b5380cea98718ca5815060b865cf2d7ad24 ------","32","11","16.68272216176466"
"MultipleAddresses.java","ZOOKEEPER-3698","2020-01-23 13:43","tree df910b5380cea98718ca5815060b865cf2d7ad24 ------","32","11","16.68272216176466"
"MultipleAddressesTest.java","ZOOKEEPER-3698","2020-01-23 13:43","tree df910b5380cea98718ca5815060b865cf2d7ad24 ------","32","11","16.68272216176466"
"QuorumPeerMain.java","ZOOKEEPER-3698","2020-01-23 13:43","tree df910b5380cea98718ca5815060b865cf2d7ad24 ------","32","11","16.68272216176466"
"Learner.java","ZOOKEEPER-3698","2020-01-23 13:43","tree df910b5380cea98718ca5815060b865cf2d7ad24 ------","32","11","16.68272216176466"
"QuorumPeerMainTest.java","ZOOKEEPER-3698","2020-01-23 13:43","tree df910b5380cea98718ca5815060b865cf2d7ad24 ------","32","11","16.68272216176466"
"QuorumPeer.java","ZOOKEEPER-3698","2020-01-23 13:43","tree df910b5380cea98718ca5815060b865cf2d7ad24 ------","32","11","16.68272216176466"
"QuorumPeerConfig.java","ZOOKEEPER-3698","2020-01-23 13:43","tree df910b5380cea98718ca5815060b865cf2d7ad24 ------","32","11","16.68272216176466"
"QuorumCnxManager.java","ZOOKEEPER-3698","2020-01-23 13:43","tree df910b5380cea98718ca5815060b865cf2d7ad24 ------","32","11","16.68272216176466"
"MultipleAddresses.java","ZOOKEEPER-3698","2020-01-23 13:43","tree df910b5380cea98718ca5815060b865cf2d7ad24 ------","32","11","16.68272216176466"
"StandaloneServerAuditTest.java","ZOOKEEPER-3653","2019-12-19 09:51","tree 1d3abf9013cb99f134b5170d395acbc7b300a1f2 ------","32","11","16.68272216176466"
"AuditHelper.java","ZOOKEEPER-3653","2019-12-19 09:51","tree 1d3abf9013cb99f134b5170d395acbc7b300a1f2 ------","32","11","16.68272216176466"
"StandaloneServerAuditTest.java","ZOOKEEPER-3653","2019-12-19 09:51","tree 1d3abf9013cb99f134b5170d395acbc7b300a1f2 ------","32","11","16.68272216176466"
"AuditHelper.java","ZOOKEEPER-3653","2019-12-19 09:51","tree 1d3abf9013cb99f134b5170d395acbc7b300a1f2 ------","32","11","16.68272216176466"
"FastLeaderElection.java","ZOOKEEPER-3218","2019-01-18 03:42","tree 945f54da255f5dc1cbc25b36d958d6b50a1f018a ------","32","11","16.68272216176466"
"DataTreeTest.java","ZOOKEEPER-3125","2018-12-20 15:17","tree e45b36581e0b2f45c18dec3c179cb0e543c5d546 ------","32","11","16.68272216176466"
"DataTree.java","ZOOKEEPER-3125","2018-12-20 15:17","tree e45b36581e0b2f45c18dec3c179cb0e543c5d546 ------","32","11","16.68272216176466"
"FuzzySnapshotRelatedTest.java","ZOOKEEPER-3125","2018-09-12 13:29","tree cc3840187730b10ceb5df30f03f50558193ff35d ------","32","11","16.68272216176466"
"DataTreeTest.java","ZOOKEEPER-3125","2018-12-20 15:17","tree e45b36581e0b2f45c18dec3c179cb0e543c5d546 ------","35","11","17.494539613445323"
"DataTree.java","ZOOKEEPER-3125","2018-12-20 15:17","tree e45b36581e0b2f45c18dec3c179cb0e543c5d546 ------","35","11","17.494539613445323"
"FuzzySnapshotRelatedTest.java","ZOOKEEPER-3125","2018-09-12 13:29","tree cc3840187730b10ceb5df30f03f50558193ff35d ------","35","11","17.494539613445323"
"Leader.java","ZOOKEEPER-3117","2018-08-17 14:40","tree 43fd4db138c1e5d6636e00eaf00137ae9b47bc70 ------","35","11","17.494539613445323"
"LeaderBean.java","ZOOKEEPER-3117","2018-08-17 14:40","tree 43fd4db138c1e5d6636e00eaf00137ae9b47bc70 ------","35","11","17.494539613445323"
"LeaderBeanTest.java","ZOOKEEPER-3117","2018-08-17 14:40","tree 43fd4db138c1e5d6636e00eaf00137ae9b47bc70 ------","35","11","17.494539613445323"
"ZooKeeper.java","ZOOKEEPER-2804","2017-08-18 23:35","tree f1ff9f2c03f9268cb65c3348ae2db3e980fc4c0a ------","35","11","17.494539613445323"
"ACLTest.java","ZOOKEEPER-2804","2017-08-18 23:35","tree f1ff9f2c03f9268cb65c3348ae2db3e980fc4c0a ------","35","11","17.494539613445323"
"Zab1_0Test.java","ZOOKEEPER-2307","2019-12-17 13:48","tree 0acbc7af7b77c97975009921902848aed2c2d976 ------","35","11","17.494539613445323"
"QuorumPeer.java","ZOOKEEPER-2307","2019-12-17 13:48","tree 0acbc7af7b77c97975009921902848aed2c2d976 ------","35","11","17.494539613445323"
"EpochWriteFailureTest.java","ZOOKEEPER-2307","2019-12-17 13:48","tree 0acbc7af7b77c97975009921902848aed2c2d976 ------","35","11","17.494539613445323"
"Zab1_0Test.java","ZOOKEEPER-2307","2019-12-17 13:48","tree 0acbc7af7b77c97975009921902848aed2c2d976 ------","39","11","18.576962882352877"
"QuorumPeer.java","ZOOKEEPER-2307","2019-12-17 13:48","tree 0acbc7af7b77c97975009921902848aed2c2d976 ------","39","11","18.576962882352877"
"EpochWriteFailureTest.java","ZOOKEEPER-2307","2019-12-17 13:48","tree 0acbc7af7b77c97975009921902848aed2c2d976 ------","39","11","18.576962882352877"
"TxnLogToolkit.java","ZOOKEEPER-1823","2018-09-12 13:32","tree 0953366b2a09f3c61ba9a13419e907d36008221c ------","39","11","18.576962882352877"
"TxnLogToolkit.java","ZOOKEEPER-1823","2018-09-12 13:32","tree 0953366b2a09f3c61ba9a13419e907d36008221c ------","35","11","17.494539613445323"
"FileChangeWatcher.java","ZOOKEEPER-3739","2020-03-20 11:00","tree a6c869dc06ea066babbd3cdac55e9a02eae27a55 ------","35","11","17.494539613445323"
"FileChangeWatcher.java","ZOOKEEPER-3739","2020-03-20 11:00","tree a6c869dc06ea066babbd3cdac55e9a02eae27a55 ------","38","11","18.30635706512599"
"FileChangeWatcher.java","ZOOKEEPER-3739","2020-03-20 11:00","tree a6c869dc06ea066babbd3cdac55e9a02eae27a55 ------","39","11","18.576962882352877"
"PurgeTxnTest.java","ZOOKEEPER-3710","2020-01-31 12:01","tree 79c4a0fd2f5cf0aaba413b068e6dff52850f0d93 ------","39","11","18.576962882352877"
"SyncRequestProcessor.java","ZOOKEEPER-3656","2020-01-07 20:39","tree c81882ffedaf6c7d8f0902293b8555f864350a4b ------","39","11","18.576962882352877"
"ZooKeeper.java","ZOOKEEPER-3579","2020-04-16 12:50","tree 49c735dfbfd9e975ff82afea88695fc5388a1a5d ------","39","11","18.576962882352877"
"ClientCnxn.java","ZOOKEEPER-3579","2020-04-16 12:50","tree 49c735dfbfd9e975ff82afea88695fc5388a1a5d ------","39","11","18.576962882352877"
