"1","FileSnap.java","YES"
"1","FileTxnLog.java","YES"
"1","FileSnap.java","YES"
"1","FileTxnLog.java","YES"
"1","FileTxnSnapLog.java","YES"
"1","LearnerSyncRequest.java","YES"
"1","ClientCnxn.java","YES"
"1","ToStringOutputArchive.java","YES"
"1","Request.java","YES"
"1","FinalRequestProcessor.java","YES"
"1","LearnerSyncRequest.java","YES"
"1","QuorumPeer.java","YES"
"1","ProposalRequestProcessor.java","YES"
"1","ProviderRegistry.java","YES"
"1","ZooKeeperServer.java","YES"
"1","FollowerZooKeeperServer.java","YES"
"1","ClientCnxn.java","YES"
"1","CommitProcessor.java","YES"
"1","Leader.java","YES"
"1","AsyncOpsTest.java","YES"
"1","AsyncOps.java","YES"
"1","LearnerHandler.java","YES"
"1","QuorumTest.java","YES"
"1","ClientTest.java","YES"
"1","QuorumPeer.java","YES"
"1","Election.java","YES"
"1","QuorumCnxManager.java","YES"
"1","FastLeaderElection.java","YES"
"1","FLETest.java","YES"
"1","Leader.java","YES"
"1","DataNode.java","YES"
"1","NullDataTest.java","YES"
"1","DataNode.java","YES"
"1","NullDataTest.java","YES"
"1","WatcherTest.java","YES"
"1","WatcherTest.java","YES"
"1","ClientBase.java","YES"
"1","WatcherTest.java","YES"
"1","ClientCnxn.java","YES"
"1","TestableZooKeeper.java","YES"
"1","ClientBase.java","YES"
"1","WatcherTest.java","YES"
"1","ClientCnxn.java","YES"
"1","TestableZooKeeper.java","YES"
"1","Utils.java","YES"
"1","ToStringTest.java","YES"
"1","SessionTest.java","YES"
"1","ClientCnxn.java","YES"
"1","PurgeTxnLog.java","YES"
"1","FileSnap.java","YES"
"1","FileTxnSnapLog.java","YES"
"1","FileTxnSnapLog.java","YES"
"1","RepeatStartupTest.java","YES"
"1","FileTxnLog.java","YES"
"1","InvalidSnapshotTest.java","YES"
"1","ClientTest.java","YES"
"1","PrepRequestProcessor.java","YES"
"1","ZooKeeper.java","YES"
"3","ZooKeeperServer.java","YES"
"3","LeaderZooKeeperServer.java","YES"
"3","MBeanRegistry.java","YES"
"3","ConnectionBean.java","YES"
"3","QuorumPeer.java","YES"
"4","ZooKeeperServer.java","YES"
"4","ServerConfig.java","YES"
"4","ZooKeeperServer.java","YES"
"4","ServerConfig.java","YES"
"4","NIOServerCnxn.java","YES"
"4","ClientBase.java","YES"
"4","CommitProcessor.java","YES"
"4","NIOServerCnxn.java","YES"
"4","ClientBase.java","YES"
"4","CommitProcessor.java","YES"
"4","NIOServerCnxn.java","YES"
"4","ClientBase.java","YES"
"4","CommitProcessor.java","YES"
"4","QuorumZxidSyncTest.java","YES"
"4","QuorumBase.java","YES"
"4","ClientBase.java","YES"
"4","Follower.java","YES"
"4","QuorumPeer.java","YES"
"4","QuorumZxidSyncTest.java","YES"
"4","QuorumBase.java","YES"
"4","ClientBase.java","YES"
"4","Follower.java","YES"
"4","QuorumPeer.java","YES"
"4","QuorumZxidSyncTest.java","YES"
"4","QuorumBase.java","YES"
"4","ClientBase.java","YES"
"4","Follower.java","YES"
"4","QuorumPeer.java","YES"
"1","QuorumPeerConfig.java","YES"
"3","ZooKeeper.java","YES"
"3","ClientTest.java","YES"
"3","ClientTest.java","YES"
"3","JMXEnv.java","YES"
"3","QuorumBase.java","YES"
"3","ClientBase.java","YES"
"4","ZooDefs.java","YES"
"4","ACLRootTest.java","YES"
"4","QuorumCnxManager.java","YES"
"4","FLENewEpochTest.java","YES"
"5","SessionTest.java","YES"
"5","ClientBase.java","YES"
"5","CRCTest.java","YES"
"5","CRCTest.java","YES"
"5","SerializeUtils.java","YES"
"5","FileSnap.java","YES"
"5","InvalidSnapshotTest.java","YES"
"4","ZooKeeper.java","YES"
"4","ZooKeeper.java","YES"
"4","QuorumQuotaTest.java","YES"
"4","ZooKeeperQuotaTest.java","YES"
"4","QuorumQuotaTest.java","YES"
"4","ZooKeeperQuotaTest.java","YES"
"4","QuorumTest.java","YES"
"4","QuorumTest.java","YES"
"4","QuorumCnxManager.java","YES"
"4","CnxManagerTest.java","YES"
"4","QuorumCnxManager.java","YES"
"4","CnxManagerTest.java","YES"
"4","ZooKeeperMain.java","YES"
"4","ZooKeeperMain.java","YES"
"5","QuorumPeerMainTest.java","YES"
"5","QuorumCnxManager.java","YES"
"5","QuorumPeerConfig.java","YES"
"5","QuorumPeerMainTest.java","YES"
"5","QuorumCnxManager.java","YES"
"5","QuorumPeerConfig.java","YES"
"5","FLEZeroWeightTest.java","YES"
"5","FastLeaderElection.java","YES"
"5","QuorumHierarchical.java","YES"
"5","HierarchicalQuorumTest.java","YES"
"5","FLEZeroWeightTest.java","YES"
"5","FastLeaderElection.java","YES"
"5","QuorumHierarchical.java","YES"
"5","HierarchicalQuorumTest.java","YES"
"5","FLEZeroWeightTest.java","YES"
"5","FLEZeroWeightTest.java","YES"
"5","ZooKeeperServer.java","YES"
"5","LeaderZooKeeperServer.java","YES"
"5","ServerCnxn.java","YES"
"5","QuorumTest.java","YES"
"5","SessionTest.java","YES"
"5","ZooKeeperServer.java","YES"
"5","LeaderZooKeeperServer.java","YES"
"5","ServerCnxn.java","YES"
"5","QuorumTest.java","YES"
"5","SessionTest.java","YES"
"5","FastLeaderElection.java","YES"
"5","FLELostMessageTest.java","YES"
"5","FastLeaderElection.java","YES"
"5","FLELostMessageTest.java","YES"
"5","QuorumPeerMainTest.java","YES"
"5","QuorumPeerMainTest.java","YES"
"7","LearnerHandler.java","YES"
"7","QuorumTest.java","YES"
"7","FinalRequestProcessor.java","YES"
"7","QuorumTest.java","YES"
"7","FinalRequestProcessor.java","YES"
"5","QuorumCnxManager.java","YES"
"5","LearnerHandler.java","YES"
"6","MaxCnxnsTest.java","YES"
"6","ZKDatabase.java","YES"
"6","ObserverZooKeeperServer.java","YES"
"6","Learner.java","YES"
"6","ZkDatabaseCorruptionTest.java","YES"
"6","LeaderZooKeeperServer.java","YES"
"6","ZooKeeperServer.java","YES"
"6","PrepRequestProcessor.java","YES"
"6","LearnerZooKeeperServer.java","YES"
"6","QuorumPeer.java","YES"
"6","FollowerZooKeeperServer.java","YES"
"6","PrepRequestProcessor.java","YES"
"6","KeeperException.java","YES"
"6","Request.java","YES"
"6","AsyncHammerTest.java","YES"
"6","FileTxnSnapLog.java","YES"
"6","TxnLog.java","YES"
"6","SyncRequestProcessor.java","YES"
"6","NIOServerCnxn.java","YES"
"6","ConnectionMXBean.java","YES"
"6","FourLetterWordsTest.java","YES"
"6","ServerCnxn.java","YES"
"6","ConnectionBean.java","YES"
"6","ClientBase.java","YES"
"6","FinalRequestProcessor.java","YES"
"6","FourLetterWordsQuorumTest.java","YES"
"6","ClientTest.java","YES"
"6","NIOServerCnxn.java","YES"
"6","SessionTracker.java","YES"
"6","SessionTrackerImpl.java","YES"
"6","QuorumBase.java","YES"
"6","ZooKeeperServer.java","YES"
"6","ServerCnxn.java","YES"
"6","PrepRequestProcessor.java","YES"
"6","ConnectionBean.java","YES"
"6","ZooKeeper.java","YES"
"6","FinalRequestProcessor.java","YES"
"6","HierarchicalQuorumTest.java","YES"
"6","ClientCnxn.java","YES"
"7","FileTxnLog.java","YES"
"7","InvalidSnapshotTest.java","YES"
"7","ClientCnxn.java","YES"
"7","ChrootTest.java","YES"
"8","QuorumPeer.java","YES"
"8","GetTest.java","YES"
"8","RuntimeExceptionMapper.java","YES"
"8","DeleteTest.java","YES"
"8","GetChildrenTest.java","YES"
"8","RootTest.java","YES"
"8","CreateTest.java","YES"
"8","ExistsTest.java","YES"
"8","ZNodeResource.java","YES"
"8","SetTest.java","YES"
"8","GetTest.java","YES"
"8","RuntimeExceptionMapper.java","YES"
"8","DeleteTest.java","YES"
"8","GetChildrenTest.java","YES"
"8","RootTest.java","YES"
"8","CreateTest.java","YES"
"8","ExistsTest.java","YES"
"8","ZNodeResource.java","YES"
"8","SetTest.java","YES"
"8","NIOServerCnxn.java","YES"
"8","NIOServerCnxn.java","YES"
"8","QuorumPeerTestBase.java","YES"
"8","QuorumPeerTestBase.java","YES"
"8","CnxManagerTest.java","YES"
"8","QuorumCnxManager.java","YES"
"8","CnxManagerTest.java","YES"
"8","QuorumCnxManager.java","YES"
"9","QuorumTest.java","YES"
"9","SessionTest.java","YES"
"9","LearnerHandler.java","YES"
"9","QuorumTest.java","YES"
"9","SessionTest.java","YES"
"9","LearnerHandler.java","YES"
"9","AuthTest.java","YES"
"9","AuthTest.java","YES"
"9","CnxManagerTest.java","YES"
"9","QuorumCnxManager.java","YES"
"9","CnxManagerTest.java","YES"
"9","QuorumCnxManager.java","YES"
"9","AuthTest.java","YES"
"9","ClientCnxn.java","YES"
"9","AuthTest.java","YES"
"9","ClientCnxn.java","YES"
"9","SessionTest.java","YES"
"9","ClientCnxn.java","YES"
"9","SessionTest.java","YES"
"9","ClientCnxn.java","YES"
"9","SessionTest.java","YES"
"9","ClientCnxn.java","YES"
"9","SessionTest.java","YES"
"9","ClientCnxn.java","YES"
"9","LearnerHandler.java","YES"
"9","QuorumTest.java","YES"
"9","Leader.java","YES"
"9","QuorumBase.java","YES"
"9","ZooKeeperServer.java","YES"
"9","QuorumUtil.java","YES"
"9","LearnerHandler.java","YES"
"9","QuorumTest.java","YES"
"9","Leader.java","YES"
"9","QuorumBase.java","YES"
"9","ZooKeeperServer.java","YES"
"9","QuorumUtil.java","YES"
"9","ZKDatabase.java","YES"
"9","ZKDatabase.java","YES"
"9","Version.java","YES"
"9","Version.java","YES"
"10","QuorumUtil.java","YES"
"10","Follower.java","YES"
"10","FollowerResyncConcurrencyTest.java","YES"
"10","LearnerHandler.java","YES"
"10","ZKDatabase.java","YES"
"10","Learner.java","YES"
"10","Observer.java","YES"
"10","QuorumUtil.java","YES"
"10","Follower.java","YES"
"10","FollowerResyncConcurrencyTest.java","YES"
"10","LearnerHandler.java","YES"
"10","ZKDatabase.java","YES"
"10","Learner.java","YES"
"10","Observer.java","YES"
"9","DisconnectedWatcherTest.java","YES"
"9","ClientCnxn.java","YES"
"9","DisconnectedWatcherTest.java","YES"
"9","ClientCnxn.java","YES"
"10","NIOServerCnxn.java","YES"
"10","NIOServerCnxn.java","YES"
"10","DataTree.java","YES"
"10","DataTreeTest.java","YES"
"10","FileTxnSnapLog.java","YES"
"10","LoadFromLogTest.java","YES"
"10","SerializeUtils.java","YES"
"10","DataNode.java","YES"
"10","SerializationPerfTest.java","YES"
"10","ReadOnlyModeTest.java","YES"
"10","DataTree.java","YES"
"10","DataTreeTest.java","YES"
"10","FileTxnSnapLog.java","YES"
"10","LoadFromLogTest.java","YES"
"10","SerializeUtils.java","YES"
"10","DataNode.java","YES"
"10","SerializationPerfTest.java","YES"
"10","ReadOnlyModeTest.java","YES"
"11","Learner.java","YES"
"11","Zab1_0Test.java","YES"
"11","FollowerResyncConcurrencyTest.java","YES"
"11","Learner.java","YES"
"11","Zab1_0Test.java","YES"
"11","FollowerResyncConcurrencyTest.java","YES"
"11","Learner.java","YES"
"11","Zab1_0Test.java","YES"
"11","FollowerResyncConcurrencyTest.java","YES"
"11","LearnerSessionTracker.java","YES"
"11","SessionTrackerImpl.java","YES"
"11","SessionTracker.java","YES"
"11","PrepRequestProcessor.java","YES"
"11","LearnerSessionTracker.java","YES"
"11","SessionTrackerImpl.java","YES"
"11","SessionTracker.java","YES"
"11","PrepRequestProcessor.java","YES"
"11","LearnerSessionTracker.java","YES"
"11","SessionTrackerImpl.java","YES"
"11","SessionTracker.java","YES"
"11","PrepRequestProcessor.java","YES"
"11","ZooKeeperServerTest.java","YES"
"11","ZooKeeperServerTest.java","YES"
"11","ZooKeeperServerTest.java","YES"
"11","ClientCnxnSocketNIO.java","YES"
"11","DataTree.java","YES"
"11","ClientCnxn.java","YES"
"11","ClientCnxnSocketNIO.java","YES"
"11","DataTree.java","YES"
"11","ClientCnxn.java","YES"
"11","ClientCnxnSocketNIO.java","YES"
"11","DataTree.java","YES"
"11","ClientCnxn.java","YES"
"11","DataTree.java","YES"
"11","ZooKeeperQuotaTest.java","YES"
"11","DataTree.java","YES"
"11","ZooKeeperQuotaTest.java","YES"
"11","FileTxnLog.java","YES"
"11","ZooKeeperServerTest.java","YES"
"11","FileTxnLog.java","YES"
"11","ZooKeeperServerTest.java","YES"
"11","LoadFromLogTest.java","YES"
"11","LoadFromLogTest.java","YES"
"13","ClientCnxnSocketNIO.java","YES"
"13","ClientReconnectTest.java","YES"
"13","ClientCnxnSocketNIO.java","YES"
"13","ClientReconnectTest.java","YES"
"13","ClientCnxnSocketNIO.java","YES"
"13","ClientReconnectTest.java","YES"
"3","StateSummary.java","YES"
"3","ReadOnlyModeTest.java","YES"
"3","Leader.java","YES"
"3","ZooKeeperServer.java","YES"
"3","Follower.java","YES"
"3","QuorumPeer.java","YES"
"3","Vote.java","YES"
"3","QuorumPeerTestBase.java","YES"
"3","ZxidUtils.java","YES"
"3","Learner.java","YES"
"3","QuorumPeerMainTest.java","YES"
"3","FastLeaderElection.java","YES"
"3","LearnerHandler.java","YES"
"8","WriteLockTest.java","YES"
"8","DistributedQueueTest.java","YES"
"8","ZNodeNameTest.java","YES"
"8","QuorumPeerMainTest.java","YES"
"8","ZooKeeper.java","YES"
"9","RestoreCommittedLogTest.java","YES"
"10","QuorumPeer.java","YES"
"10","QuorumCnxManager.java","YES"
"10","QuorumPeer.java","YES"
"10","Follower.java","YES"
"10","CnxManagerTest.java","YES"
"10","Leader.java","YES"
"10","FLETest.java","YES"
"10","FastLeaderElection.java","YES"
"11","AuthTest.java","YES"
"11","ZooKeeperServer.java","YES"
"11","DataTree.java","YES"
"11","LoadFromLogTest.java","YES"
"12","ReadOnlyModeTest.java","YES"
"12","QuorumPeer.java","YES"
"12","ReadOnlyModeTest.java","YES"
"12","QuorumPeer.java","YES"
"12","ZooKeeperSaslClient.java","YES"
"12","ZooKeeperSaslClient.java","YES"
"12","Login.java","YES"
"12","Login.java","YES"
"12","JMXEnv.java","YES"
"12","MBeanRegistry.java","YES"
"12","BaseSysTest.java","YES"
"12","FourLetterWordsTest.java","YES"
"12","ServerCnxn.java","YES"
"12","ReadOnlyZooKeeperServer.java","YES"
"12","LearnerHandler.java","YES"
"12","QuorumPeer.java","YES"
"12","ClientWatchManager.java","YES"
"12","LearnerTest.java","YES"
"12","MultiOperationRecordTest.java","YES"
"12","ClientCnxnSocket.java","YES"
"12","WatchManager.java","YES"
"12","QuorumTest.java","YES"
"12","ObserverRequestProcessor.java","YES"
"12","FollowerRequestProcessor.java","YES"
"12","QuorumHammerTest.java","YES"
"12","ZkDatabaseCorruptionTest.java","YES"
"12","FollowerResyncConcurrencyTest.java","YES"
"12","QuorumTest.java","YES"
"12","ReadOnlyModeTest.java","YES"
"12","QuorumPeerMainTest.java","YES"
"12","QuorumPeer.java","YES"
"12","PrepRequestProcessor.java","YES"
"12","ACLCountTest.java","YES"
"12","Follower.java","YES"
"12","Observer.java","YES"
"12","Learner.java","YES"
"12","CnxManagerTest.java","YES"
"12","QuorumPeer.java","YES"
"12","QuorumCnxManager.java","YES"
"12","FollowerResyncConcurrencyTest.java","YES"
"12","Zab1_0Test.java","YES"
"12","FollowerResyncConcurrencyTest.java","YES"
"12","Zab1_0Test.java","YES"
"12","FileTxnSnapLog.java","YES"
"12","DataTree.java","YES"
"12","LoadFromLogTest.java","YES"
"12","FileTxnSnapLog.java","YES"
"12","DataTree.java","YES"
"12","LoadFromLogTest.java","YES"
"13","ClientBase.java","YES"
"13","InvalidSnapshotTest.java","YES"
"13","ClientBase.java","YES"
"13","InvalidSnapshotTest.java","YES"
"13","ClientBase.java","YES"
"13","InvalidSnapshotTest.java","YES"
"13","ServerCnxnFactory.java","YES"
"13","ServerStats.java","YES"
"13","ZooKeeperServer.java","YES"
"13","FourLetterWordMain.java","YES"
"13","NIOServerCnxnFactory.java","YES"
"13","ServerCnxnFactory.java","YES"
"13","ServerStats.java","YES"
"13","ZooKeeperServer.java","YES"
"13","FourLetterWordMain.java","YES"
"13","NIOServerCnxnFactory.java","YES"
"13","ServerCnxnFactory.java","YES"
"13","ServerStats.java","YES"
"13","ZooKeeperServer.java","YES"
"13","FourLetterWordMain.java","YES"
"13","NIOServerCnxnFactory.java","YES"
"12","MultiOperationTest.java","YES"
"12","MultiOperationTest.java","YES"
"12","Leader.java","YES"
"12","Zab1_0Test.java","YES"
"12","Leader.java","YES"
"12","Zab1_0Test.java","YES"
"12","PrepRequestProcessor.java","YES"
"12","DataTree.java","YES"
"12","PrepRequestProcessor.java","YES"
"12","DataTree.java","YES"
"12","OpResult.java","YES"
"12","MultiOperationTest.java","YES"
"12","OpResult.java","YES"
"12","MultiOperationTest.java","YES"
"14","ZooKeeper.java","YES"
"14","KeeperException.java","YES"
"14","Transaction.java","YES"
"14","ZooKeeper.java","YES"
"14","KeeperException.java","YES"
"14","Transaction.java","YES"
"15","SaslAuthDesignatedClientTest.java","YES"
"15","SaslAuthMissingClientConfigTest.java","YES"
"15","ZooKeeperSaslClient.java","YES"
"15","SaslAuthFailDesignatedClientTest.java","YES"
"15","SaslAuthDesignatedClientTest.java","YES"
"15","SaslAuthMissingClientConfigTest.java","YES"
"15","ZooKeeperSaslClient.java","YES"
"15","SaslAuthFailDesignatedClientTest.java","YES"
"15","LeaderZooKeeperServer.java","YES"
"15","ZooKeeperServer.java","YES"
"15","LearnerZooKeeperServer.java","YES"
"15","Learner.java","YES"
"15","Zab1_0Test.java","YES"
"15","LearnerTest.java","YES"
"15","LeaderZooKeeperServer.java","YES"
"15","ZooKeeperServer.java","YES"
"15","LearnerZooKeeperServer.java","YES"
"15","Learner.java","YES"
"15","Zab1_0Test.java","YES"
"15","LearnerTest.java","YES"
"15","LeaderZooKeeperServer.java","YES"
"15","ZooKeeperServer.java","YES"
"15","LearnerZooKeeperServer.java","YES"
"15","Learner.java","YES"
"15","Zab1_0Test.java","YES"
"15","LearnerTest.java","YES"
"11","FollowerResyncConcurrencyTest.java","YES"
"11","ClientCnxn.java","YES"
"11","TestableZooKeeper.java","YES"
"11","FollowerResyncConcurrencyTest.java","YES"
"11","ClientCnxn.java","YES"
"11","TestableZooKeeper.java","YES"
"11","FollowerResyncConcurrencyTest.java","YES"
"11","ClientCnxn.java","YES"
"11","TestableZooKeeper.java","YES"
"11","ZxidRolloverTest.java","YES"
"11","ReadOnlyRequestProcessor.java","YES"
"11","Leader.java","YES"
"11","RequestProcessor.java","YES"
"11","ClientBase.java","YES"
"11","PrepRequestProcessor.java","YES"
"11","ZooKeeperServer.java","YES"
"11","ProposalRequestProcessor.java","YES"
"11","ZxidRolloverTest.java","YES"
"11","ReadOnlyRequestProcessor.java","YES"
"11","Leader.java","YES"
"11","RequestProcessor.java","YES"
"11","ClientBase.java","YES"
"11","PrepRequestProcessor.java","YES"
"11","ZooKeeperServer.java","YES"
"11","ProposalRequestProcessor.java","YES"
"11","ZxidRolloverTest.java","YES"
"11","ReadOnlyRequestProcessor.java","YES"
"11","Leader.java","YES"
"11","RequestProcessor.java","YES"
"11","ClientBase.java","YES"
"11","PrepRequestProcessor.java","YES"
"11","ZooKeeperServer.java","YES"
"11","ProposalRequestProcessor.java","YES"
"12","QuorumCnxManager.java","YES"
"12","QuorumCnxManager.java","YES"
"12","QuorumCnxManager.java","YES"
"16","LearnerHandler.java","YES"
"16","LearnerHandler.java","YES"
"16","LearnerHandler.java","YES"
"16","TruncateTest.java","YES"
"16","ZKDatabase.java","YES"
"16","FileTxnSnapLog.java","YES"
"16","PortForwarder.java","YES"
"16","QuorumPeerTestBase.java","YES"
"16","TruncateTest.java","YES"
"16","ZKDatabase.java","YES"
"16","FileTxnSnapLog.java","YES"
"16","PortForwarder.java","YES"
"16","QuorumPeerTestBase.java","YES"
"16","TruncateTest.java","YES"
"16","ZKDatabase.java","YES"
"16","FileTxnSnapLog.java","YES"
"16","PortForwarder.java","YES"
"16","QuorumPeerTestBase.java","YES"
"13","FLETestUtils.java","YES"
"13","FLEBackwardElectionRoundTest.java","YES"
"13","FastLeaderElection.java","YES"
"13","FLELostMessageTest.java","YES"
"13","FLETestUtils.java","YES"
"13","FLEBackwardElectionRoundTest.java","YES"
"13","FastLeaderElection.java","YES"
"13","FLELostMessageTest.java","YES"
"12","AuthTest.java","YES"
"12","AuthTest.java","YES"
"12","ZooKeeper.java","YES"
"12","Op.java","YES"
"12","Transaction.java","YES"
"12","MultiOperationTest.java","YES"
"12","ZooKeeper.java","YES"
"12","Op.java","YES"
"12","Transaction.java","YES"
"12","MultiOperationTest.java","YES"
"12","KerberosName.java","YES"
"12","KerberosUtil.java","YES"
"12","KerberosName.java","YES"
"12","KerberosUtil.java","YES"
"15","QuorumPeer.java","YES"
"15","Leader.java","YES"
"15","LeaderBean.java","YES"
"15","QuorumPeer.java","YES"
"15","Leader.java","YES"
"15","LeaderBean.java","YES"
"16","Zab1_0Test.java","YES"
"16","Zab1_0Test.java","YES"
"16","SessionTrackerTest.java","YES"
"16","SessionTrackerImpl.java","YES"
"16","SessionTrackerTest.java","YES"
"16","SessionTrackerImpl.java","YES"
"16","Leader.java","YES"
"16","Zab1_0Test.java","YES"
"16","Leader.java","YES"
"16","Zab1_0Test.java","YES"
"16","ClientCnxn.java","YES"
"16","ClientCnxnSocket.java","YES"
"16","ZooKeeperSaslClient.java","YES"
"16","ClientCnxnSocketNIO.java","YES"
"16","ClientCnxn.java","YES"
"16","ClientCnxnSocket.java","YES"
"16","ZooKeeperSaslClient.java","YES"
"16","ClientCnxnSocketNIO.java","YES"
"16","ClientBase.java","YES"
"16","QuorumPeer.java","YES"
"16","AtomicFileOutputStream.java","YES"
"16","AtomicFileOutputStreamTest.java","YES"
"16","IOUtils.java","YES"
"16","ClientBase.java","YES"
"16","QuorumPeer.java","YES"
"16","AtomicFileOutputStream.java","YES"
"16","AtomicFileOutputStreamTest.java","YES"
"16","IOUtils.java","YES"
"16","FastLeaderElection.java","YES"
"16","FastLeaderElection.java","YES"
"19","ClientCnxnSocketNIO.java","YES"
"19","ClientTest.java","YES"
"19","ClientCnxnSocketNIO.java","YES"
"19","ClientTest.java","YES"
"19","SaslAuthDesignatedClientTest.java","YES"
"19","ZooKeeper.java","YES"
"19","ZooKeeperSaslClient.java","YES"
"19","Login.java","YES"
"13","BufferSizeTest.java","YES"
"13","BinaryInputArchive.java","YES"
"13","BufferSizeTest.java","YES"
"13","BinaryInputArchive.java","YES"
"12","OSMXBean.java","YES"
"12","OSMXBeanTest.java","YES"
"12","OSMXBean.java","YES"
"12","OSMXBeanTest.java","YES"
"12","ZooKeeper.java","YES"
"12","CreateMode.java","YES"
"12","Op.java","YES"
"12","MultiOperationTest.java","YES"
"12","ZooKeeper.java","YES"
"12","CreateMode.java","YES"
"12","Op.java","YES"
"12","MultiOperationTest.java","YES"
"12","ZooKeeperTest.java","YES"
"12","ZooKeeperMain.java","YES"
"12","ZooKeeperTest.java","YES"
"12","ZooKeeperMain.java","YES"
"12","NettyServerCnxnTest.java","YES"
"12","NettyServerCnxnTest.java","YES"
"15","ZooKeeperServer.java","YES"
"15","TestableZooKeeper.java","YES"
"15","UnimplementedRequestProcessor.java","YES"
"15","ClientTest.java","YES"
"15","ZooKeeperServer.java","YES"
"15","TestableZooKeeper.java","YES"
"15","UnimplementedRequestProcessor.java","YES"
"15","ClientTest.java","YES"
"15","Zab1_0Test.java","YES"
"15","Zab1_0Test.java","YES"
"16","LearnerHandler.java","YES"
"16","LearnerHandler.java","YES"
"16","LoadFromLogTest.java","YES"
"16","FileTxnSnapLog.java","YES"
"16","LoadFromLogTest.java","YES"
"16","FileTxnSnapLog.java","YES"
"16","Leader.java","YES"
"16","QuorumPeer.java","YES"
"16","Zab1_0Test.java","YES"
"16","Learner.java","YES"
"16","Leader.java","YES"
"16","QuorumPeer.java","YES"
"16","Zab1_0Test.java","YES"
"16","Learner.java","YES"
"16","QuorumTest.java","YES"
"16","QuorumTest.java","YES"
"17","ClientCnxn.java","YES"
"17","ClientCnxn.java","YES"
"17","DataTreeTest.java","YES"
"17","DataTree.java","YES"
"17","PathTrie.java","YES"
"17","DataTreeTest.java","YES"
"17","DataTree.java","YES"
"17","PathTrie.java","YES"
"18","DataTree.java","YES"
"18","WatchEventWhenAutoResetTest.java","YES"
"18","DataTree.java","YES"
"18","WatchEventWhenAutoResetTest.java","YES"
"6","ZooKeeperThreadTest.java","YES"
"6","LearnerHandler.java","YES"
"6","FastLeaderElection.java","YES"
"6","WorkerService.java","YES"
"6","ReadOnlyRequestProcessor.java","YES"
"6","QuorumPeer.java","YES"
"6","FollowerRequestProcessor.java","YES"
"6","QuorumCnxManager.java","YES"
"6","Leader.java","YES"
"6","ClientCnxn.java","YES"
"6","NIOServerCnxnFactory.java","YES"
"6","CommitProcessor.java","YES"
"6","ObserverRequestProcessor.java","YES"
"6","ZooKeeperThread.java","YES"
"6","ZooKeeperCriticalThread.java","YES"
"6","ZooKeeperThreadTest.java","YES"
"6","LearnerHandler.java","YES"
"6","FastLeaderElection.java","YES"
"6","WorkerService.java","YES"
"6","ReadOnlyRequestProcessor.java","YES"
"6","QuorumPeer.java","YES"
"6","FollowerRequestProcessor.java","YES"
"6","QuorumCnxManager.java","YES"
"6","Leader.java","YES"
"6","ClientCnxn.java","YES"
"6","NIOServerCnxnFactory.java","YES"
"6","CommitProcessor.java","YES"
"6","ObserverRequestProcessor.java","YES"
"6","ZooKeeperThread.java","YES"
"6","ZooKeeperCriticalThread.java","YES"
"8","NIOServerCnxn.java","YES"
"8","FourLetterWordsTest.java","YES"
"8","NettyServerCnxn.java","YES"
"8","NIOServerCnxn.java","YES"
"8","FourLetterWordsTest.java","YES"
"8","NettyServerCnxn.java","YES"
"8","NIOServerCnxn.java","YES"
"8","FourLetterWordsTest.java","YES"
"8","NettyServerCnxn.java","YES"
"11","ClientTest.java","YES"
"11","ZooKeeper.java","YES"
"11","ClientTest.java","YES"
"11","ZooKeeper.java","YES"
"12","FourLetterCommands.java","YES"
"12","NopCommand.java","YES"
"12","NettyServerCnxn.java","YES"
"12","ZKTestCase.java","YES"
"12","NIOServerCnxn.java","YES"
"12","FourLetterWordsWhiteListTest.java","YES"
"12","FourLetterCommands.java","YES"
"12","NopCommand.java","YES"
"12","NettyServerCnxn.java","YES"
"12","ZKTestCase.java","YES"
"12","NIOServerCnxn.java","YES"
"12","FourLetterWordsWhiteListTest.java","YES"
"12","FourLetterCommands.java","YES"
"12","NopCommand.java","YES"
"12","NettyServerCnxn.java","YES"
"12","ZKTestCase.java","YES"
"12","NIOServerCnxn.java","YES"
"12","FourLetterWordsWhiteListTest.java","YES"
"9","ClientCnxnSocketNIO.java","YES"
"11","ZooKeeperTest.java","YES"
"12","ManagedUtil.java","YES"
"12","FourLetterWordMain.java","YES"
"12","FollowerResyncConcurrencyTest.java","YES"
"12","Login.java","YES"
"12","MultiOperationTest.java","YES"
"12","ZxidRolloverTest.java","YES"
"12","RestoreCommittedLogTest.java","YES"
"12","Shell.java","YES"
"12","ManagedUtil.java","YES"
"12","FourLetterWordMain.java","YES"
"12","FollowerResyncConcurrencyTest.java","YES"
"12","Login.java","YES"
"12","MultiOperationTest.java","YES"
"12","ZxidRolloverTest.java","YES"
"12","RestoreCommittedLogTest.java","YES"
"12","Shell.java","YES"
"16","QuorumPeer.java","YES"
"16","QuorumServerTest.java","YES"
"16","QuorumPeer.java","YES"
"16","QuorumServerTest.java","YES"
"15","FinalRequestProcessorTest.java","YES"
"15","FinalRequestProcessor.java","YES"
"15","FinalRequestProcessorTest.java","YES"
"15","FinalRequestProcessor.java","YES"
"15","FinalRequestProcessorTest.java","YES"
"15","FinalRequestProcessor.java","YES"
"11","Zab1_0Test.java","YES"
"11","ClientBase.java","YES"
"13","Zab1_0Test.java","YES"
"13","ClientBase.java","YES"
"11","ByteBufferInputStream.java","YES"
"11","Learner.java","YES"
"11","Zab1_0Test.java","YES"
"11","LearnerHandler.java","YES"
"11","ZooKeeperServer.java","YES"
"11","ByteBufferOutputStream.java","YES"
"11","FinalRequestProcessor.java","YES"
"11","JMXEnv.java","YES"
"11","ClientCnxnSocketNIO.java","YES"
"11","ZooKeeperTest.java","YES"
"11","ZooKeeperMain.java","YES"
"11","ClientTest.java","YES"
"11","ClientBase.java","YES"
"15","KerberosName.java","YES"
"16","KerberosName.java","YES"
"16","ZooKeeperTest.java","YES"
"17","ZooKeeperTest.java","YES"
"17","ObserverZooKeeperServer.java","YES"
"17","Zab1_0Test.java","YES"
"17","SyncRequestProcessor.java","YES"
"17","ObserverZooKeeperServer.java","YES"
"17","Zab1_0Test.java","YES"
"17","SyncRequestProcessor.java","YES"
"17","ClientCnxn.java","YES"
"17","ClientCnxn.java","YES"
"17","WatcherTest.java","YES"
"17","WatcherTest.java","YES"
"17","ZooKeeperServer.java","YES"
"17","ZooKeeperServer.java","YES"
"17","MultiAsyncTransactionTest.java","YES"
"17","MultiAsyncTransactionTest.java","YES"
"17","Leader.java","YES"
"17","Zab1_0Test.java","YES"
"17","Leader.java","YES"
"17","Zab1_0Test.java","YES"
"18","FourLetterWordsTest.java","YES"
"18","FourLetterWordMain.java","YES"
"17","FourLetterWordsTest.java","YES"
"17","FourLetterWordMain.java","YES"
"17","FourLetterWordsTest.java","YES"
"17","FourLetterWordMain.java","YES"
"18","JUnit4ZKTestRunner.java","YES"
"18","JUnit4ZKTestRunner.java","YES"
"18","JUnit4ZKTestRunner.java","YES"
"18","BinaryInputArchiveTest.java","YES"
"18","BinaryInputArchive.java","YES"
"17","BinaryInputArchiveTest.java","YES"
"17","BinaryInputArchive.java","YES"
"17","BinaryInputArchiveTest.java","YES"
"17","BinaryInputArchive.java","YES"
"18","Log4JSource.java","YES"
"18","NumEvents.java","YES"
"18","RestCfg.java","YES"
"18","StaticContent.java","YES"
"18","QuorumPeerInstance.java","YES"
"18","GenerateLoad.java","YES"
"18","RandomAccessFileReader.java","YES"
"17","Log4JSource.java","YES"
"17","NumEvents.java","YES"
"17","RestCfg.java","YES"
"17","StaticContent.java","YES"
"17","QuorumPeerInstance.java","YES"
"17","GenerateLoad.java","YES"
"17","RandomAccessFileReader.java","YES"
"17","Log4JSource.java","YES"
"17","NumEvents.java","YES"
"17","RestCfg.java","YES"
"17","StaticContent.java","YES"
"17","QuorumPeerInstance.java","YES"
"17","GenerateLoad.java","YES"
"17","RandomAccessFileReader.java","YES"
"18","QuorumBase.java","YES"
"17","QuorumBase.java","YES"
"18","QuorumPeerInstance.java","YES"
"18","LearnerTest.java","YES"
"18","Zab1_0Test.java","YES"
"18","BaseSysTest.java","YES"
"17","QuorumPeerInstance.java","YES"
"17","LearnerTest.java","YES"
"17","Zab1_0Test.java","YES"
"17","BaseSysTest.java","YES"
"19","ZooTrace.java","YES"
"19","ZooTrace.java","YES"
"19","ZooTrace.java","YES"
"19","SaslServerCallbackHandler.java","YES"
"19","SaslServerCallbackHandler.java","YES"
"19","SaslServerCallbackHandler.java","YES"
"17","JettyAdminServerTest.java","YES"
"17","ReconfigTest.java","YES"
"17","RemoveWatchesCommand.java","YES"
"17","RemoveWatchesTest.java","YES"
"17","DataTree.java","YES"
"17","ZKDatabase.java","YES"
"17","ZooDefs.java","YES"
"17","PrepRequestProcessor.java","YES"
"17","WatchManager.java","YES"
"17","Request.java","YES"
"17","FinalRequestProcessor.java","YES"
"17","ZooKeeper.java","YES"
"17","QuorumPeerConfig.java","YES"
"17","ByteBufferInputStreamTest.java","YES"
"17","ByteBufferInputStream.java","YES"
"17","PathUtilsTest.java","YES"
"16","StaticHostProviderTest.java","YES"
"16","ObserverLETest.java","YES"
"16","Leader.java","YES"
"16","ClientBase.java","YES"
"16","QuorumUtilTest.java","YES"
"16","QuorumPeer.java","YES"
"16","QuorumUtil.java","YES"
"16","MBeanRegistry.java","YES"
"13","CnxManagerTest.java","YES"
"14","StandaloneDisabledTest.java","YES"
"14","StandaloneDisabledTest.java","YES"
"14","PrepRequestProcessor.java","YES"
"14","PrepRequestProcessor.java","YES"
"14","ClientCnxn.java","YES"
"14","StaticHostProviderTest.java","YES"
"14","QuorumPeerInstance.java","YES"
"14","ClientCnxn.java","YES"
"14","StaticHostProviderTest.java","YES"
"14","QuorumPeerInstance.java","YES"
"14","ClientCnxn.java","YES"
"14","ClientCnxn.java","YES"
"14","NettyServerCnxnTest.java","YES"
"14","NettyServerCnxnFactory.java","YES"
"14","NettyServerCnxnTest.java","YES"
"14","NettyServerCnxnFactory.java","YES"
"14","PrepRequestProcessor.java","YES"
"14","StaticHostProviderTest.java","YES"
"14","Follower.java","YES"
"14","ClientBase.java","YES"
"14","ConnectionBean.java","YES"
"14","ServerStats.java","YES"
"14","SimpleSysTest.java","YES"
"14","Request.java","YES"
"14","RateLogger.java","YES"
"14","ReadOnlyModeTest.java","YES"
"14","Time.java","YES"
"14","ZooKeeperTestClient.java","YES"
"14","Leader.java","YES"
"14","CnxManagerTest.java","YES"
"14","ClientCnxn.java","YES"
"14","WorkerService.java","YES"
"14","ExpiryQueue.java","YES"
"14","ClientCnxnSocket.java","YES"
"14","SessionTrackerImpl.java","YES"
"14","TimeTest.java","YES"
"14","ClientHammerTest.java","YES"
"14","Login.java","YES"
"14","InstanceManager.java","YES"
"14","FastLeaderElection.java","YES"
"14","ZKDatabase.java","YES"
"14","Shell.java","YES"
"14","TestHammer.java","YES"
"14","QuorumPeerMainTest.java","YES"
"14","GenerateLoad.java","YES"
"14","PrepRequestProcessor.java","YES"
"14","StaticHostProviderTest.java","YES"
"14","Follower.java","YES"
"14","ClientBase.java","YES"
"14","ConnectionBean.java","YES"
"14","ServerStats.java","YES"
"14","SimpleSysTest.java","YES"
"14","Request.java","YES"
"14","RateLogger.java","YES"
"14","ReadOnlyModeTest.java","YES"
"14","Time.java","YES"
"14","ZooKeeperTestClient.java","YES"
"14","Leader.java","YES"
"14","CnxManagerTest.java","YES"
"14","ClientCnxn.java","YES"
"14","WorkerService.java","YES"
"14","ExpiryQueue.java","YES"
"14","ClientCnxnSocket.java","YES"
"14","SessionTrackerImpl.java","YES"
"14","TimeTest.java","YES"
"14","ClientHammerTest.java","YES"
"14","Login.java","YES"
"14","InstanceManager.java","YES"
"14","FastLeaderElection.java","YES"
"14","ZKDatabase.java","YES"
"14","Shell.java","YES"
"14","TestHammer.java","YES"
"14","QuorumPeerMainTest.java","YES"
"14","GenerateLoad.java","YES"
"15","QuorumPeerTestBase.java","YES"
"15","RaceConditionTest.java","YES"
"15","QuorumPeer.java","YES"
"15","ClientBase.java","YES"
"15","Leader.java","YES"
"15","QuorumPeerTestBase.java","YES"
"15","RaceConditionTest.java","YES"
"15","QuorumPeer.java","YES"
"15","ClientBase.java","YES"
"15","Leader.java","YES"
"15","ClientCnxn.java","YES"
"15","ClientCnxn.java","YES"
"15","ZooKeeperMain.java","YES"
"15","PurgeTxnLog.java","YES"
"15","AdminServer.java","YES"
"15","JettyAdminServer.java","YES"
"15","ZooKeeperServerBean.java","YES"
"15","RemotePeerBeanTest.java","YES"
"15","QuorumPeerConfigTest.java","YES"
"15","RemotePeerBeanTest.java","YES"
"15","QuorumPeerConfigTest.java","YES"
"15","QuorumPeerTest.java","YES"
"15","QuorumPeer.java","YES"
"15","LocalPeerBeanTest.java","YES"
"15","LocalPeerBean.java","YES"
"15","LocalPeerBeanTest.java","YES"
"15","LocalPeerBean.java","YES"
"15","QuorumPeerConfig.java","YES"
"15","QuorumPeerConfigTest.java","YES"
"15","QuorumPeerConfig.java","YES"
"15","QuorumPeerConfigTest.java","YES"
"15","ClientPortBindTest.java","YES"
"15","ClientPortBindTest.java","YES"
"16","ZooKeeperRetry.java","YES"
"16","ZooKeeper.java","YES"
"16","ZooKeeperRetry.java","YES"
"16","ZooKeeper.java","YES"
"16","ZooKeeperRetry.java","YES"
"16","ZooKeeper.java","YES"
"16","ClientBase.java","YES"
"16","ReadOnlyModeTest.java","YES"
"16","ClientBase.java","YES"
"16","ReadOnlyModeTest.java","YES"
"16","ClientBase.java","YES"
"16","ReadOnlyModeTest.java","YES"
"16","FileTxnLog.java","YES"
"16","FileTxnLog.java","YES"
"16","FastLeaderElection.java","YES"
"16","ReconfigRecoveryTest.java","YES"
"16","QuorumPeerTestBase.java","YES"
"16","QuorumPeer.java","YES"
"16","FastLeaderElection.java","YES"
"16","ReconfigRecoveryTest.java","YES"
"16","QuorumPeerTestBase.java","YES"
"16","QuorumPeer.java","YES"
"16","MultipleAddressesTest.java","YES"
"16","QuorumPeerMain.java","YES"
"16","Learner.java","YES"
"16","QuorumPeerMainTest.java","YES"
"16","QuorumPeer.java","YES"
"16","QuorumPeerConfig.java","YES"
"16","QuorumCnxManager.java","YES"
"16","MultipleAddresses.java","YES"
"16","MultipleAddressesTest.java","YES"
"16","QuorumPeerMain.java","YES"
"16","Learner.java","YES"
"16","QuorumPeerMainTest.java","YES"
"16","QuorumPeer.java","YES"
"16","QuorumPeerConfig.java","YES"
"16","QuorumCnxManager.java","YES"
"16","MultipleAddresses.java","YES"
"16","StandaloneServerAuditTest.java","YES"
"16","AuditHelper.java","YES"
"16","StandaloneServerAuditTest.java","YES"
"16","AuditHelper.java","YES"
"16","FastLeaderElection.java","YES"
"16","DataTreeTest.java","YES"
"16","DataTree.java","YES"
"16","FuzzySnapshotRelatedTest.java","YES"
"17","DataTreeTest.java","YES"
"17","DataTree.java","YES"
"17","FuzzySnapshotRelatedTest.java","YES"
"17","Leader.java","YES"
"17","LeaderBean.java","YES"
"17","LeaderBeanTest.java","YES"
"17","ZooKeeper.java","YES"
"17","ACLTest.java","YES"
"17","Zab1_0Test.java","YES"
"17","QuorumPeer.java","YES"
"17","EpochWriteFailureTest.java","YES"
"18","Zab1_0Test.java","YES"
"18","QuorumPeer.java","YES"
"18","EpochWriteFailureTest.java","YES"
"18","TxnLogToolkit.java","YES"
"17","TxnLogToolkit.java","YES"
"17","FileChangeWatcher.java","YES"
"18","FileChangeWatcher.java","YES"
"18","FileChangeWatcher.java","YES"
"18","PurgeTxnTest.java","YES"
"18","SyncRequestProcessor.java","YES"
"18","ZooKeeper.java","YES"
"18","ClientCnxn.java","YES"
