"Class","Index","ChgSetSize"
"ObserverMaster.java","9","6"
"Version.java","17","0"
"ZNodeName.java","9","1"
"PurgeTxnLog.java","1","3"
"FileTxnSnapLog.java","4","1"
"SnapshotComparer.java","2","0"
"ClientCnxn.java","11","0"
"ZKClientConfigTest.java","11","1"
"ReconfigDuringLeaderSyncTest.java","4","1"
"ClientCnxn.java","5","0"
"PrepRequestProcessor.java","11","0"
"QuorumPeerTestBase.java","17","4"
"PrepRequestProcessor.java","11","0"
"ZKUtil.java","11","1"
"StaticHostProviderTest.java","10","6"
"RequestPathMetricsCollector.java","2","4"
"ClientReconnectTest.java","1","7"
"X509AuthenticationProvider.java","1","0"
"AuditHelper.java","11","1"
"TxnLogToolkit.java","9","0"
"OSMXBeanTest.java","9","1"
"SetQuotaCommand.java","11","2"
"NettyServerCnxnFactoryTest.java","10","0"
"NettyServerCnxnTest.java","7","6"
"ClientCnxn.java","2","0"
"SyncRequestProcessor.java","6","0"
"TruncateTest.java","11","3"
"KerberosUtil.java","17","1"
"QuorumTest.java","8","0"
"ClientCnxnLimitException.java","4","0"
"DataTree.java","1","8"
"FileTxnLog.java","11","0"
"JettyAdminServer.java","11","3"
"QuorumCnxManager.java","9","1"
"ClientCnxn.java","8","1"
"ZooKeeper.java","14","1"
"AckRequestProcessor.java","8","0"
"Zab1_0Test.java","17","1"
"ZooKeeperTest.java","11","0"
"ZooKeeperTest.java","11","0"
"ProposalRequestProcessor.java","11","9"
"ClientCnxn.java","2","0"
"PrepRequestProcessor.java","11","0"
"ExistsTest.java","9","20"
"CreateTTLTest.java","4","1"
"QuorumCnxManager.java","17","0"
"Op.java","11","12"
"SecurityUtils.java","15","3"
"ReadOnlyModeTest.java","8","1"
"EmptiedSnapshotRecoveryTest.java","4","1"
"QuorumPeerConfig.java","8","2"
"JMXEnv.java","7","49"
"LsCommand.java","11","0"
"ZooKeeperServerBeanTest.java","8","2"
"KeeperException.java","4","0"
"QuorumPeer.java","5","1"
"ZooKeeperSaslClient.java","11","0"
"ZooKeeperServerBean.java","4","0"
"ReconfigTest.java","11","2"
"QuorumPeer.java","11","9"
"ClientTest.java","6","1"
"QuorumPeerConfigTest.java","11","1"
"LearnerHandler.java","2","0"
"ZooKeeperServer.java","6","2"
"MBeanRegistry.java","7","3"
"LeaderElectionSupportTest.java","9","0"
"TestUtils.java","9","3"
"ZooKeeperServerMainTest.java","6","1"
"EpochWriteFailureTest.java","6","2"
"QuorumServerTest.java","8","1"
"ReadOnlyModeTest.java","11","7"
"LeaderOffer.java","7","11"
"ZooKeeperSaslClient.java","8","0"
"ClientCnxnSocketNetty.java","4","0"
"ZooKeeperSaslClient.java","11","22"
"X509Util.java","7","0"
"ZooKeeperSaslClient.java","8","0"
"ReconfigTest.java","6","0"
"Record.java","11","32"
"NIOServerCnxn.java","11","0"
"FileTxnLog.java","11","1"
"ClientPortBindTest.java","7","5"
"RestoreCommittedLogTest.java","11","0"
"ClientBase.java","9","1"
"LearnerMetricsTest.java","8","4"
"Leader.java","11","4"
"FLETest.java","14","0"
"ObserverBean.java","4","0"
"PrometheusMetricsProvider.java","9","2"
"FileTxnSnapLog.java","9","3"
"CommandsTest.java","7","5"
"CommandExecutor.java","9","19"
"Leader.java","15","0"
"ZKDatabase.java","9","4"
"NettyServerCnxn.java","4","2"
"ZooKeeperServer.java","16","1"
"ClientBase.java","15","2"
"QuorumPeer.java","11","0"
"MultipleAddresses.java","11","7"
"NIOServerCnxnFactory.java","11","4"
"ProposalRequestProcessor.java","16","7"
"QuorumPeerMain.java","11","18"
"UnifiedServerSocketTest.java","7","0"
"ServerCnxnFactory.java","8","13"
"FastLeaderElection.java","11","0"
"Observer.java","9","6"
"LocalPeerMXBean.java","8","4"
"QuorumCnxManager.java","11","0"
"FileChangeWatcherTest.java","4","0"
"LeaderBeanTest.java","11","3"
"EphemeralNodeDeletionTest.java","10","1"
"ZooKeeperMain.java","11","1"
"JBuffer.java","5","0"
"ClientSSLTest.java","11","0"
"FinalRequestProcessor.java","11","0"
"X509TestContext.java","9","8"
"FollowerResyncConcurrencyTest.java","11","2"
"ClientCnxn.java","5","0"
"JBuffer.java","5","0"
"FollowerRequestProcessor.java","11","3"
"LearnerHandler.java","5","7"
"TestReader.java","7","3"
"ZooKeeperAdmin.java","9","1"
"QuorumPeer.java","11","1"
"AsyncCallback.java","8","8"
"ObserverQuorumHammerTest.java","11","126"
"ClientBase.java","11","1"
"AvgMinMaxCounterSet.java","4","0"
"ClientReconnectTest.java","11","1"
"MaxCnxnsTest.java","6","0"
"ZooKeeper.java","6","0"
"NIOServerCnxnFactory.java","11","1"
"SaslAuthDesignatedServerTest.java","18","8"
"ClientPortBindTest.java","8","0"
"ClientTest.java","3","3"
"SessionTrackerImpl.java","18","1"
"MultiOperationTest.java","11","0"
"ObserverMaster.java","4","11"
"CustomHostProviderTest.java","2","1"
"NettyServerCnxnFactory.java","8","12"
"SessionTest.java","7","13"
"ZooKeeperCriticalThread.java","9","14"
"ClientCnxn.java","9","1"
"ObserverRequestProcessor.java","13","20"
"ZooKeeperServer.java","15","5"
"ServerCnxn.java","6","2"
"AuthUtilTest.java","11","23"
"ZooKeeperTestable.java","7","3"
"FileTxnLogTest.java","11","2"
"Watcher.java","14","0"
"ServerMetrics.java","6","3"
"WatcherCleanerTest.java","15","5"
"NIOServerCnxnFactory.java","14","4"
"ZKClientConfigTest.java","7","5"
"ZooKeeper.java","4","0"
"ZooKeeperMain.java","4","0"
"ZooKeeperMain.java","4","0"
"AuthTest.java","4","1"
"LoadFromLogTest.java","11","1"
"ACLRootTest.java","4","0"
"QuorumPeerMain.java","4","3"
"NettyServerCnxnTest.java","9","4"
"ClientRetryTest.java","8","1"
"ZooInspectorManagerImpl.java","11","0"
"WatchEventWhenAutoResetTest.java","18","8"
"Vote.java","11","2"
"QuorumCnxManager.java","7","1"
"X509UtilTest.java","10","0"
"ZooKeeperQuotaTest.java","11","1"
"PrepRequestProcessor.java","7","0"
"NettyServerCnxn.java","2","0"
"QuorumPeerMainTest.java","10","0"
"ACLTest.java","4","1"
"HostProvider.java","2","2"
"LeaderElectionSupport.java","11","3"
"QuorumPeer.java","7","1"
"ReadOnlyRequestProcessor.java","4","16"
"DataTree.java","18","0"
"ZookeeperBanner.java","9","1"
"FileTxnLogTest.java","1","10"
"QuorumPeerInstance.java","8","2"
"Learner.java","7","1"
"ZooKeeperServerTest.java","11","1"
"QuorumPeerMainTest.java","2","9"
"SyncRequestProcessor.java","9","0"
"JUnit4ZKTestRunner.java","1","0"
"LoadFromLogTest.java","11","0"
"RestoreCommittedLogTest.java","13","6"
"NIOServerCnxnFactory.java","11","0"
"ReferenceCountedACLCache.java","6","1"
"DataTree.java","17","1"
"ZkDatabaseCorruptionTest.java","2","1"
"SledgeHammer.java","7","0"
"ZkDatabaseCorruptionTest.java","6","0"
"JRecord.java","7","13"
"SessionTrackerImpl.java","4","5"
"QuorumCnxManager.java","9","1"
"QuorumCnxManager.java","7","0"
"BlueThrottle.java","11","6"
"ZKDatabase.java","5","0"
"QuorumRestartTest.java","8","3"
"QuorumPeerMainTest.java","9","0"
"BinaryInputArchive.java","11","1"
"DataTree.java","7","7"
"ClientTest.java","2","2"
"ReadOnlyModeTest.java","11","4"
"ReadOnlyRequestProcessor.java","11","18"
"LearnerHandler.java","4","10"
"AvgMinMaxPercentileCounterSetTest.java","11","7"
"BinaryInputArchive.java","11","1"
"LocalPeerBeanTest.java","11","1"
"PrepRequestProcessor.java","9","14"
"ACLCountTest.java","11","1"
"FileTxnSnapLogMetricsTest.java","5","623"
"EnsembleAuthenticationProvider.java","4","4"
"ZooKeeperMain.java","11","1"
"QuorumServerTest.java","2","1"
"FastLeaderElection.java","6","0"
"QuorumCnxManager.java","11","2"
"FollowerRequestProcessor.java","4","0"
"FileTxnLog.java","10","1"
"QuorumPeer.java","11","1"
"CommitProcessorMetricsTest.java","4","0"
"CGenerator.java","4","9"
"AckRequestProcessor.java","4","4"
"ZooKeeperServerMXBean.java","17","10"
"ZooKeeperServerMXBean.java","17","8"
"ClientTest.java","4","21"
"ZooKeeperServer.java","9","1"
"QuorumCnxManager.java","7","0"
"Observer.java","9","3"
"JRecord.java","7","2"
"ClientCnxnSocketNIO.java","11","0"
"QuorumKerberosAuthTest.java","11","5"
"FLETest.java","4","0"
"DataTree.java","6","2"
"FastLeaderElection.java","2","1"
"FLETest.java","5","27"
"ZooKeeperMain.java","2","11"
"ClientX509Util.java","7","26"
"ChrootAsyncTest.java","4","6"
"QuorumVerifier.java","5","2"
"ZooKeeperServerMXBean.java","2","38"
"TestableZooKeeper.java","1","0"
"ServerStatsTest.java","11","0"
"OutputArchive.java","4","4"
"ZooKeeperServer.java","17","0"
"FileTxnLogTest.java","1","1"
"SaslAuthTest.java","11","1"
"QuorumCnxManager.java","5","9"
"ZooKeeper.java","2","0"
"NullDataTest.java","1","1"
"PrepRequestProcessor.java","11","1"
"FileTxnLog.java","4","0"
"LocalPeerBean.java","5","8"
"DisconnectedWatcherTest.java","11","1"
"ClientBase.java","4","1"
"QuorumPeer.java","7","0"
"ZooKeeperServerMain.java","1","2"
"QuorumTest.java","7","11"
"ServerStats.java","2","0"
"ZooDefs.java","7","0"
"InstanceContainer.java","2","9"
"ZooKeeperMain.java","5","0"
"ConnectionBean.java","7","1"
"FastLeaderElection.java","4","2"
"JsonOutputter.java","7","0"
"FileTxnSnapLog.java","11","1"
"CnxManagerTest.java","11","2"
"WatcherTest.java","1","0"
"EphemeralType.java","9","2"
"ServerConfig.java","13","9"
"QuorumCnxManager.java","14","0"
"NettyServerCnxnFactory.java","11","0"
"TxnLogToolkitTest.java","4","1"
"ChrootTest.java","7","1"
"QuorumPeerMainTest.java","7","0"
"TestableZooKeeper.java","1","3"
"FileTxnLog.java","7","1"
"FileTxnSnapLog.java","4","10"
"ZooDefs.java","4","0"
"StandaloneDisabledTest.java","4","0"
"InvalidSnapshotTest.java","7","1"
"DataTree.java","4","12"
"FileSnap.java","11","0"
"QuorumPeer.java","7","0"
"QuorumPeer.java","3","0"
"DataNode.java","15","0"
"FileTxnLog.java","11","0"
"QuorumPeerMainTest.java","7","0"
"QuorumPeer.java","8","3"
"FastLeaderElection.java","6","1"
"CRCTest.java","4","0"
"WatchedEvent.java","9","1"
"JLineZNodeCompleter.java","4","1"
"QuorumPeer.java","4","1"
"Leader.java","11","0"
"ClientCnxn.java","2","0"
"FatJarMain.java","2","0"
"LearnerHandler.java","18","14"
"ClientTest.java","7","1"
"SessionTrackerImpl.java","3","19"
"FLENewEpochTest.java","4","1"
"FileTxnSnapLog.java","7","8"
"AsyncOps.java","18","1"
"ObserverHierarchicalQuorumTest.java","6","18"
"FLETest.java","11","4"
"InvalidSnapshotTest.java","4","3"
"ZNodeNameTest.java","11","1"
"ByteBufferInputStream.java","11","1"
"QuorumDigestAuthTest.java","6","41"
"CRCTest.java","8","2"
"LearnerSyncRequest.java","2","0"
"LearnerHandlerTest.java","11","6"
"QuorumPeerConfig.java","8","0"
"StaticHostProviderTest.java","4","1"
"SerializeUtilsTest.java","11","14"
"ZkDatabaseCorruptionTest.java","2","0"
"QuorumPeerConfig.java","4","0"
"CRCTest.java","4","11"
"FileTxnSnapLog.java","6","1"
"RemoveWatchesCmdTest.java","11","1"
"AtomicFileWritingIdiomTest.java","11","4"
"LoadFromLogNoServerTest.java","11","1"
"CommitProcessor.java","6","0"
"FileTxnLog.java","4","0"
"NettyServerCnxn.java","5","1"
"LocalSessionTracker.java","4","15"
"QuorumUtil.java","5","1"
"EphemeralNodeDeletionTest.java","2","0"
"ServerCnxnFactory.java","8","0"
"TxnLogToolkit.java","4","0"
"QuorumCnxManager.java","3","6"
"CreateCommand.java","6","14"
"QuorumPeer.java","11","3"
"ClientReconnectTest.java","16","3"
"DeserializationPerfTest.java","11","0"
"ZooKeeperServer.java","6","0"
"WatcherTest.java","4","0"
"CreateCommand.java","4","4"
"QuorumTest.java","9","3"
"QuorumPeerMainTest.java","8","0"
"CnxManagerTest.java","11","4"
"ReadOnlyModeTest.java","18","1"
"ZooKeeperServer.java","8","0"
"SaslAuthRequiredFailNoSASLTest.java","6","5"
"RequestThrottler.java","11","1"
"Learner.java","11","0"
"PrepRequestProcessor.java","15","2"
"FileTxnSnapLogTest.java","7","4"
"MultiOpSessionUpgradeTest.java","11","1"
"FileChangeWatcherTest.java","6","0"
"QuorumPeerTestBase.java","9","1"
"QuorumPeerConfig.java","9","0"
"Learner.java","9","1"
"NIOConnectionFactoryFdLeakTest.java","5","1"
"ServerCnxnTest.java","5","0"
"CommitProcessorConcurrencyTest.java","11","1"
"SessionTrackerTest.java","9","0"
"MultiAsyncTransactionTest.java","6","0"
"ZkDatabaseCorruptionTest.java","8","0"
"LeaderWithObserverTest.java","11","3"
"PathUtilsTest.java","16","0"
"StandaloneDisabledTest.java","8","0"
"ZooKeeperMain.java","4","1"
"StatCommand.java","15","15"
"ObserverRequestProcessor.java","4","3"
"TruncateTest.java","4","1"
"ZooKeeperSaslClient.java","15","0"
"GetProposalFromTxnTest.java","11","0"
"FourLetterWordsQuorumTest.java","5","3"
"StringUtils.java","6","2"
"ClientCnxnSocketNetty.java","2","0"
"QuorumPeer.java","11","1"
"ZKTestCase.java","4","16"
"SaslServerCallbackHandler.java","11","0"
"NIOServerCnxnFactory.java","11","1"
"ClientCnxnSocketNIO.java","9","2"
"LeaderBeanTest.java","4","1"
"TruncateTest.java","11","2"
"ClientCnxn.java","2","1"
"PrepRequestProcessor.java","11","3"
"ConfigUtils.java","2","0"
"PathTrie.java","9","2"
"StandaloneDisabledTest.java","3","4"
"ACLTest.java","6","1"
"PrepRequestProcessor.java","17","0"
"ReconfigCommand.java","7","0"
"ZKConfigTest.java","11","1"
"ZxidRolloverTest.java","17","0"
"ClientCnxnSocketNIO.java","18","3"
"FileTxnLog.java","2","4"
"UnifiedServerSocket.java","9","1"
"StaticHostProviderTest.java","5","0"
"WatchEventWhenAutoResetTest.java","9","1"
"VersionCommand.java","16","0"
"ZooKeeper.java","11","1"
"ZooKeeperServerMXBean.java","15","9"
"ZKClientConfigTest.java","4","4"
"SetCommand.java","11","14"
"ZooKeeperServerCreationTest.java","2","1"
"IOUtils.java","17","4"
"Learner.java","11","0"
"QuorumPeer.java","18","0"
"ZooKeeper.java","5","0"
"LoadFromLogTest.java","13","9"
"ZooKeeperMain.java","6","0"
"DeleteCommand.java","11","25"
"QuorumPeerMainTest.java","17","0"
"QuorumPeerMainTest.java","17","11"
"CliWrapperException.java","5","4"
"ZooKeeperTest.java","7","0"
"ZKHostnameVerifierTest.java","11","2"
"NettyServerCnxn.java","11","0"
"TestableZooKeeper.java","16","2"
"JMXEnv.java","11","7"
"QuorumPeerInstance.java","6","0"
"ZooKeeperSaslClient.java","3","2"
"FastLeaderElection.java","5","1"
"AddWatchCommand.java","6","22"
"ZooKeeperAdmin.java","2","0"
"SledgeHammer.java","9","18"
"FastLeaderElection.java","7","0"
"VersionInfoMain.java","7","1"
"GenerateLoad.java","9","28"
"AsyncHammerTest.java","6","2"
"PrepRequestProcessorTest.java","11","1"
"FollowerRequestProcessor.java","11","2"
"JRecord.java","11","0"
"ZooKeeperTest.java","15","1"
"X509UtilTest.java","9","0"
"PurgeTxnTest.java","4","1"
"DataTree.java","1","1"
"SnapStream.java","5","0"
"LearnerHandler.java","13","3"
"LearnerTest.java","15","5"
"LearnerHandler.java","11","0"
"CreateContainerTest.java","6","3"
"CnxManagerTest.java","11","0"
"ServerMetrics.java","11","3"
"FinalRequestProcessor.java","7","1"
"InstanceManager.java","7","0"
"RequestThrottlerTest.java","3","1"
"SaslAuthFailDesignatedClientTest.java","15","3"
"Environment.java","4","0"
"Shell.java","11","7"
"DataTreeTest.java","11","1"
"AuthTest.java","16","0"
"HostProvider.java","8","3"
"QuorumPeerMain.java","6","1"
"InvalidSnapshotTest.java","15","1"
"ReferenceCountedACLCache.java","11","1"
"JMXEnv.java","11","0"
"JettyAdminServer.java","8","1"
"QuorumCnxManager.java","11","0"
"StaticHostProviderTest.java","15","0"
"LearnerHandler.java","2","0"
"FastLeaderElection.java","9","0"
"LearnerHandler.java","2","0"
"Leader.java","11","0"
"Follower.java","17","0"
"Observer.java","2","0"
"ClientCnxn.java","11","1"
"LeaderBean.java","16","2"
"NettyServerCnxnFactoryTest.java","11","1"
"WatcherTest.java","5","0"
"FourLetterWordsWhiteListTest.java","11","5"
"Version.java","15","0"
"Zab1_0Test.java","15","1"
"MultiOperationTest.java","16","3"
"ZKUtil.java","11","0"
"Leader.java","14","1"
"ZooKeeperServerMain.java","4","3"
"SessionTrackerImpl.java","4","0"
"QuorumTest.java","11","0"
"ZooKeeperServerMain.java","4","44"
"ObserverMasterTest.java","4","15"
"AsyncCallback.java","11","0"
"QuorumPeerConfig.java","11","3"
"FastLeaderElection.java","4","1"
"Shell.java","11","18"
"MultiOperationTest.java","15","0"
"ContainerManager.java","4","3"
"ClientPortBindTest.java","2","0"
"LoadFromLogTest.java","14","2"
"MultiOperationTest.java","1","4"
"ZooKeeperServerMXBean.java","16","7"
"FileTxnSnapLog.java","4","1"
"Transaction.java","15","2"
"QuorumCnxManager.java","11","1"
"MultiOperationTest.java","15","0"
"WatchBench.java","11","2"
"StaticHostProvider.java","2","1"
"QuorumBean.java","7","42"
"MultiOperationTest.java","15","1"
"ZNodeName.java","16","12"
"MultipleAddresses.java","4","2"
"Toolbar.java","3","1"
"ZooKeeperMain.java","2","0"
"DataTree.java","15","1"
"QuorumPeer.java","11","0"
"DataTreeTest.java","5","20"
"QuorumPeerMainTest.java","11","2"
"MetricsProviderLifeCycleException.java","11","5"
"MBeanRegistry.java","11","1"
"SnapshotFormatter.java","9","0"
"BaseSysTest.java","11","0"
"ClientPortBindTest.java","6","4"
"JRecord.java","11","0"
"TxnLog.java","4","0"
"DataTree.java","4","2"
"StandaloneDisabledTest.java","11","3"
"SyncedLearnerTracker.java","9","3"
"IconResource.java","13","2"
"LearnerHandler.java","7","0"
"QuorumCnxManager.java","6","0"
"JRecord.java","11","0"
"ToStringOutputArchive.java","11","3"
"ZKClientConfig.java","6","0"
"ClientCnxn.java","11","2"
"CommandBase.java","4","7"
"SnapStream.java","7","2"
"DataTree.java","11","0"
"QuorumPeerConfigTest.java","9","1"
"Leader.java","5","0"
"Commands.java","2","2"
"ZKClientConfig.java","6","0"
"Version.java","9","0"
"SessionTest.java","6","13"
"ReconfigTest.java","18","3"
"ZKDatabase.java","4","11"
"SimpleClient.java","2","1"
"ReconfigDuringLeaderSyncTest.java","11","3"
"ServerMetrics.java","4","1"
"TxnLogToolkit.java","11","0"
"ReconfigLegacyTest.java","9","1"
"NettyServerCnxnFactory.java","7","24"
"FileTxnLogTest.java","2","1"
"BaseSysTest.java","11","2"
"Leader.java","15","12"
"ClientCnxn.java","11","1"
"JettyAdminServer.java","9","0"
"StandaloneTest.java","4","2"
"ClientBase.java","9","6"
"CnxManagerTest.java","5","0"
"SetTest.java","8","8"
"Leader.java","5","6"
"QuorumCnxManager.java","8","0"
"QuorumPeerMain.java","16","3"
"FollowerResyncConcurrencyTest.java","2","14"
"TestCircularBlockingQueue.java","9","2"
"JBuffer.java","8","15"
"CommandFactoryTest.java","11","2"
"ClientRequestTimeoutTest.java","3","4"
"Zab1_0Test.java","11","0"
"DataTreeTest.java","8","1"
"MultiOperationTest.java","6","3"
"FileTxnSnapLogMetricsTest.java","11","2"
"ZooKeeper.java","5","1"
"QuorumCnxManager.java","11","0"
"ServerMetrics.java","17","2"
"NIOServerCnxnFactory.java","1","8"
"LocalPeerBean.java","11","0"
"ZooKeeperCriticalThreadMetricsTest.java","8","0"
"FinalRequestProcessor.java","11","33"
"LearnerHandler.java","11","6"
"Follower.java","15","7"
"FastLeaderElection.java","11","6"
"FinalRequestProcessor.java","9","41"
"QuorumPeerTestBase.java","8","0"
"ZooKeeper.java","11","0"
"LearnerTest.java","13","14"
"ZooKeeperServer.java","11","1"
"ACLTest.java","7","1"
"NIOServerCnxn.java","8","0"
"LoadFromLogTest.java","5","0"
"ReconfigTest.java","6","0"
"QuorumPeer.java","11","0"
"FinalRequestProcessor.java","9","1"
"ZKTestCase.java","9","1"
"ClientCnxn.java","13","4"
"QuorumRequestPipelineTest.java","5","40"
"WatchManager.java","11","1"
"FollowerRequestProcessorTest.java","9","5"
"FourLetterWordMain.java","6","1"
"InvalidSnapshotTest.java","16","0"
"ZooKeeperServerBean.java","4","3"
"JettyAdminServer.java","11","0"
"ServerMetrics.java","11","3"
"NettyServerCnxn.java","11","2"
"MultiOperationRecordTest.java","11","1"
"ClientWatchManager.java","11","0"
"FinalRequestProcessor.java","11","6"
"ZooKeeperTest.java","11","1"
"ZooKeeperMain.java","16","1"
"SendAckRequestProcessor.java","4","6"
"LearnerTest.java","11","16"
"Observer.java","10","6"
"ClientCnxn.java","11","1"
"ZooKeeperTest.java","8","0"
"QuorumCnxManager.java","8","1"
"ServerCnxn.java","11","1"
"QuorumHammerTest.java","8","53"
"FinalRequestProcessor.java","15","9"
"ServerConfig.java","4","1"
"MockNIOServerCnxn.java","4","5"
"QuorumPeer.java","11","2"
"NettyServerCnxnFactory.java","11","4"
"NettyServerCnxnFactory.java","11","1"
"FuzzySnapshotRelatedTest.java","8","6"
"LocalPeerBean.java","17","1"
"DistributedQueue.java","6","1"
"QuorumUtil.java","9","5"
"ClientCnxn.java","6","12"
"ClientCnxn.java","6","13"
"VerifyingFileFactoryTest.java","11","5"
"JsonGenerator.java","9","0"
"ClientCnxn.java","9","1"
"ClientCnxn.java","9","1"
"ServerMetrics.java","17","23"
"CommandsTest.java","10","5"
"RemoveWatchesTest.java","4","0"
"ToStringOutputArchive.java","2","1"
"RestoreCommittedLogTest.java","16","0"
"Commands.java","11","0"
"RandomAccessFileReader.java","11","6"
"ClientCnxnSocketNIO.java","11","14"
"TruncateTest.java","6","0"
"LearnerHandlerMetricsTest.java","9","0"
"LogChopperTest.java","4","2"
"ClientBase.java","11","0"
"QuorumPeer.java","18","1"
"FastLeaderElection.java","9","0"
"QuorumPeerMainTest.java","6","0"
"FLENewEpochTest.java","4","0"
"ClientCnxnSocketNIO.java","11","0"
"ClientCnxn.java","7","3"
"QuorumPeer.java","2","4"
"ReadOnlyBean.java","11","14"
"ClientTest.java","7","0"
"ZKDatabase.java","9","0"
"Observer.java","7","24"
"FuzzySnapshotRelatedTest.java","11","1"
"TxnLog.java","3","13"
"Commands.java","5","0"
"WatcherCleaner.java","17","44"
"Observer.java","15","4"
"QuorumPeerConfigTest.java","4","2"
"SnapshotFormatter.java","5","0"
"MultiOperationTest.java","7","2"
"Request.java","2","2"
"FollowerZooKeeperServer.java","6","9"
"Login.java","11","0"
"ZooKeeperServerTest.java","11","0"
"FuzzySnapshotRelatedTest.java","11","2"
"CommandsTest.java","11","13"
"DataTree.java","11","0"
"MetricsProviderBootstrap.java","2","9"
"NettyServerCnxnFactory.java","4","2"
"Utils.java","8","0"
"FuzzySnapshotRelatedTest.java","11","2"
"Log4JSource.java","9","0"
"JsonGenerator.java","9","33"
"ZNodeNameTest.java","8","2"
"X509Util.java","9","4"
"DataTree.java","11","0"
"Version.java","8","0"
"Leader.java","11","1"
"NettyServerCnxnTest.java","10","1"
"ZKUtilTest.java","10","2"
"NettyServerCnxnFactory.java","11","4"
"NettyServerCnxnFactory.java","11","2"
"NettyServerCnxnTest.java","2","0"
"CommitProcessor.java","11","1"
"PrepRequestProcessor.java","11","6"
"EphemeralTypeTest.java","11","1"
"CommitProcessorTest.java","4","2"
"BitHashSetTest.java","7","27"
"ZooKeeperTest.java","15","2"
"Leader.java","2","0"
"CommitProcessorMetricsTest.java","13","4"
"LeaderBeanTest.java","14","2"
"RemotePeerBean.java","1","1"
"DataTree.java","7","2"
"HierarchicalQuorumTest.java","8","4"
"Login.java","11","0"
"MBeanRegistry.java","11","0"
"MaxCnxnsTest.java","11","16"
"SaslAuthFailDesignatedClientTest.java","14","0"
"AvgMinMaxCounter.java","4","9"
"ZooKeeperSaslClient.java","11","0"
"ReconfigBackupTest.java","4","0"
"QuorumPeerConfig.java","5","0"
"QuorumPeerMainTest.java","9","0"
"SessionTest.java","7","2"
"Leader.java","1","0"
"QuorumPeer.java","7","4"
"CommitProcessor.java","6","2"
"ClientTest.java","4","1"
"AbstractFourLetterCommand.java","11","5"
"LearnerHandler.java","6","0"
"WatcherFuncTest.java","11","13"
"FollowerZooKeeperServer.java","7","9"
"ZooKeeper.java","4","1"
"DisconnectableZooKeeper.java","9","2"
"X509Util.java","16","1"
"ZKTrustManager.java","9","0"
"SaslAuthFailTest.java","16","0"
"ZooKeeperServer.java","2","0"
"ZooKeeperServerTest.java","10","5"
"QuorumPeer.java","6","4"
"Observer.java","18","37"
"Request.java","6","2"
"ServerMetrics.java","10","12"
"QuorumPeerMain.java","4","5"
"WatcherCleaner.java","6","0"
"LearnerTest.java","11","27"
"FollowerZooKeeperServer.java","11","2"
"AsyncCallback.java","15","11"
"FourLetterWordsQuorumTest.java","7","10"
"ServerConfig.java","3","1"
"AsyncHammerTest.java","6","0"
"FastLeaderElection.java","4","4"
"LearnerHandler.java","11","12"
"ZooKeeperMain.java","4","2"
"QuorumPeer.java","11","1"
"PemReaderTest.java","17","18"
"QuorumPeer.java","11","1"
"Learner.java","2","8"
"NIOServerCnxn.java","9","7"
"ZooInspectorTreeViewer.java","8","5"
"X509Util.java","4","2"
"FileChangeWatcher.java","2","16"
"ClientCnxnSocket.java","9","8"
"ClientCnxn.java","8","3"
"FLEZeroWeightTest.java","1","16"
"SyncRequestProcessor.java","6","2"
"FourLetterWordsQuorumTest.java","6","7"
"ZooKeeper.java","6","0"
"NettyServerCnxnFactory.java","11","1"
"QuorumPeerTestBase.java","4","0"
"X509Util.java","11","1"
"ZooKeeperTest.java","11","1"
"ServerCnxnFactory.java","11","2"
"DelQuotaCommand.java","16","18"
"Leader.java","4","0"
"BaseSysTest.java","6","3"
"QuorumPeerConfig.java","3","0"
"ZooKeeper.java","2","0"
"ZooKeeper.java","3","9"
"FastLeaderElection.java","4","8"
"ClientCnxn.java","2","1"
"ToStringTest.java","2","1"
"Watcher.java","2","0"
"FileTxnSnapLog.java","2","2"
"AsyncOps.java","4","0"
"InvalidSnapshotTest.java","2","0"
"FileTxnLog.java","2","2"
"ZooKeeper.java","5","0"
"FLEZeroWeightTest.java","5","0"
"TestableZooKeeper.java","11","0"
"FinalRequestProcessor.java","4","4"
"ClientBase.java","11","21"
"NIOServerCnxn.java","2","11"
"ZooKeeperTest.java","4","1"
"HierarchicalQuorumTest.java","5","3"
"ManagedUtil.java","2","0"
"ExportJvmInfoTest.java","11","2"
"QuorumPeerConfig.java","5","2"
"FileTxnLog.java","2","0"
"BufferSizeTest.java","3","0"
"ServerMetricsTest.java","6","23"
"WorkerService.java","11","0"
"QuorumTest.java","5","0"
"SessionTest.java","5","4"
"CnxManagerTest.java","5","1"
"FLELostMessageTest.java","5","1"
"ZooKeeper.java","7","0"
"QuorumPeer.java","2","0"
"ZooKeeperQuotaTest.java","5","1"
"AsyncOps.java","2","8"
"Shell.java","9","14"
"QuorumCnxManager.java","9","0"
"ZooKeeperServer.java","10","2"
"EmptySnapshotTest.java","11","1"
"ReconfigTest.java","7","0"
"LsCommand.java","8","2"
"QuorumServerTest.java","11","0"
"FileTxnLog.java","8","4"
"ZooKeeper.java","6","1"
"ReconfigRollingRestartCompatibilityTest.java","16","6"
"LearnerHandler.java","17","2"
"JettyAdminServerTest.java","6","0"
"PrepRequestProcessor.java","7","1"
"QuorumPeer.java","6","0"
"ACLTest.java","1","1"
"NettyServerCnxn.java","9","0"
"FastLeaderElection.java","6","1"
"ZooKeeperMain.java","11","1"
"StatTest.java","9","3"
"WatchEventWhenAutoResetTest.java","9","0"
"DataTreeTest.java","11","2"
"ClientBase.java","4","3"
"FileTxnSnapLog.java","10","1"
"FLEBackwardElectionRoundTest.java","6","0"
"QuorumUtil.java","7","2"
"FLETest.java","4","0"
"ZooKeeper.java","18","6"
"QuorumPeer.java","1","0"
"KeeperStateTest.java","2","1"
"ZNodeNameTest.java","4","6"
"BaseSysTest.java","2","6"
"QuorumPeerConfig.java","6","3"
"QuorumBase.java","11","0"
"FileTxnSnapLog.java","4","0"
"NIOServerCnxn.java","2","0"
"FileSnap.java","7","5"
"QuorumPeerInstance.java","3","0"
"LearnerHandler.java","9","1"
"LearnerHandler.java","17","0"
"Zab1_0Test.java","17","0"
"FileTxnLog.java","4","0"
"ClientCnxnSocketFragilityTest.java","9","1"
"DatadirCleanupManager.java","4","2"
"WrappedAuthenticationProvider.java","11","8"
"ZooKeeper.java","1","2"
"Learner.java","9","0"
"NIOServerCnxn.java","7","0"
"NIOServerCnxnTest.java","3","1"
"QuorumPeer.java","8","2"
"ClientCnxn.java","11","0"
"ClientCnxn.java","8","0"
"ReadOnlyModeTest.java","11","1"
"BinaryInputArchive.java","6","1"
"QuorumPeer.java","8","5"
"ZooKeeperSaslClient.java","10","1"
"ClientCnxn.java","9","0"
"QuorumPeer.java","4","2"
"SaslAuthDesignatedClientTest.java","2","1"
"SaslServerCallbackHandler.java","5","0"
"ZKDatabase.java","11","3"
"FLELostMessageTest.java","18","3"
"FLETest.java","4","0"
"ZooKeeper.java","11","9"
"ZooKeeper.java","11","1"
"ZooKeeper.java","9","2"
"SessionTrackerImpl.java","2","0"
"SessionTrackerImpl.java","2","0"
"ServerCnxnFactory.java","8","4"
"QuorumCnxManager.java","11","0"
"QuorumPeer.java","6","1"
"QuorumCnxManager.java","11","0"
"SessionTrackerImpl.java","6","7"
"PathUtils.java","11","3"
"AsyncOpsTest.java","9","2"
"DataNode.java","15","2"
"QuorumPeer.java","17","17"
"ZNodeResource.java","4","20"
"Leader.java","4","4"
"FLETest.java","4","0"
"ManagedUtil.java","11","0"
"ClientCnxn.java","8","3"
"QuorumPeer.java","8","2"
"ZooKeeperSaslClient.java","8","2"
"DelQuotaCommand.java","7","12"
"QuorumCnxManager.java","9","0"
"FileTxnLog.java","6","0"
"AsyncCallback.java","4","23"
"ClientBase.java","11","2"
"QuorumPeer.java","4","8"
"FourLetterWordsTest.java","15","6"
"QuorumPeer.java","4","1"
"FileTxnLog.java","15","5"
"ClientTest.java","11","3"
"PrepRequestProcessor.java","2","0"
"PurgeTxnTest.java","11","0"
"ClientCnxn.java","5","0"
"ServerConfigTest.java","11","0"
"RequestThrottler.java","15","9"
"SessionTimeoutTest.java","18","1"
"ZooKeeperTest.java","14","0"
"ClientCnxnSocketNIO.java","9","2"
"Commands.java","7","0"
"ContainerManager.java","1","0"
"TraceFormatter.java","2","3"
"ZooKeeperMain.java","9","6"
"ConsCommand.java","16","11"
"LearnerHandler.java","15","1"
"LearnerHandlerTest.java","6","1"
"LearnerSessionTracker.java","5","1"
"KerberosName.java","15","0"
"Environment.java","18","0"
"LearnerMaster.java","11","149"
"ZooKeeper.java","2","2"
"Version.java","10","0"
"ServerMetricsTest.java","13","6"
"ObserverZooKeeperServer.java","7","3"
"ReconfigTest.java","11","7"
"Login.java","9","3"
"Learner.java","15","3"
"SyncRequestProcessor.java","11","2"
"SaslAuthFailDesignatedClientTest.java","4","0"
"LearnerZooKeeperServer.java","16","0"
"FinalRequestProcessor.java","11","1"
"PurgeTxnTest.java","17","1"
"FileChangeWatcher.java","16","0"
"Zab1_0Test.java","13","1"
"ManagedUtil.java","7","0"
"LearnerHandler.java","9","2"
"AuthTest.java","9","0"
"Learner.java","10","2"
"ClientTest.java","4","1"
"CnxManagerTest.java","10","1"
"FilterOp.java","9","46"
"QuorumPeer.java","5","13"
"FileTxnSnapLog.java","7","6"
"Leader.java","11","2"
"ReconfigTest.java","11","2"
"Learner.java","2","0"
"AtomicFileOutputStream.java","11","0"
"ZooKeeperServer.java","11","1"
"ZooKeeperServer.java","11","1"
"QuorumPeerConfig.java","15","1"
"ZooKeeperTest.java","16","0"
"ServerCnxnFactory.java","4","0"
"FinalRequestProcessor.java","11","0"
"JRecord.java","9","0"
"CnxManagerTest.java","11","1"
"StaticHostProvider.java","18","0"
"ZooKeeperServerMainTest.java","7","0"
"InvalidSnapshotTest.java","2","0"
"Zab1_0Test.java","6","1"
"NIOServerCnxn.java","4","0"
"ZooTrace.java","16","0"
"PurgeTxnTest.java","9","0"
"CppGenerator.java","9","7"
"OSMXBean.java","13","6"
"SaslQuorumAuthLearner.java","2","1"
