"Class","Index","Max","Avg"
"LearnerHandler.java","13","3","0"
"LearnerHandler.java","11","12","0"
"LearnerHandler.java","17","2","0"
"LearnerHandler.java","18","14","0"
"LearnerHandler.java","15","1","0"
"ClientCnxnLimitException.java","11","0","0"
"ReadOnlyRequestProcessor.java","11","18","0"
"TestUtils.java","11","3","0"
"Transaction.java","15","2","0"
"WatchEventWhenAutoResetTest.java","18","8","0"
"ReadOnlyModeTest.java","18","1","0"
"ObserverMasterTest.java","11","15","0"
"ZKClientConfigTest.java","18","5","0"
"ZKClientConfigTest.java","11","4","0"
"ReadOnlyModeTest.java","11","7","0"
"SaslAuthDesignatedClientTest.java","15","1","0"
"WatchEventWhenAutoResetTest.java","11","1","0"
"AsyncOps.java","18","1","0"
"JsonGenerator.java","11","0","0"
"ClientCnxnSocketNetty.java","16","0","0"
"ClientCnxnSocketNetty.java","11","0","0"
"EmptySnapshotTest.java","11","1","0"
"JsonGenerator.java","18","33","0"
"AsyncOps.java","11","8","0"
"Toolbar.java","11","1","0"
"FollowerZooKeeperServer.java","18","9","0"
"ZKTestCase.java","11","16","0"
"FollowerZooKeeperServer.java","11","9","0"
"ZooKeeperServerMXBean.java","15","9","0"
"LearnerHandlerTest.java","11","6","0"
"ZooKeeperServerMXBean.java","16","7","0"
"ZooKeeperServerMXBean.java","17","10","0"
"ZooKeeperServerMXBean.java","18","38","0"
"FatJarMain.java","11","0","0"
"LearnerHandlerTest.java","15","1","0"
"TxnLogToolkit.java","11","0","0"
"JRecord.java","18","13","0"
"LearnerZooKeeperServer.java","16","0","0"
"ZxidRolloverTest.java","17","0","0"
"JRecord.java","11","2","0"
"AsyncCallback.java","11","23","0"
"AsyncCallback.java","15","11","0"
"SetQuotaCommand.java","11","2","1"
"CommandBase.java","11","7","0"
"ServerMetrics.java","17","23","0"
"ServerMetrics.java","16","3","0"
"ServerMetrics.java","11","12","0"
"SessionTest.java","11","13","0"
"FollowerRequestProcessorTest.java","11","5","0"
"ReconfigBackupTest.java","16","0","0"
"SessionTest.java","15","4","0"
"SessionTest.java","16","13","0"
"AsyncOpsTest.java","11","2","0"
"KeeperStateTest.java","18","1","0"
"FourLetterWordsTest.java","15","6","0"
"PathTrie.java","15","2","0"
"Record.java","11","32","2"
"ClientPortBindTest.java","11","5","0"
"ReconfigCommand.java","15","0","0"
"KerberosName.java","15","0","0"
"SecurityUtils.java","15","3","0"
"FourLetterWordMain.java","11","1","0"
"AuthUtilTest.java","11","23","0"
"VerifyingFileFactoryTest.java","11","5","0"
"TestReader.java","16","3","0"
"WatcherCleaner.java","11","0","0"
"PathUtils.java","11","3","0"
"X509TestContext.java","11","8","0"
"WatcherCleaner.java","17","44","0"
"NettyServerCnxnFactoryTest.java","11","1","0"
"Login.java","11","3","0"
"X509UtilTest.java","17","0","0"
"QuorumTest.java","16","0","0"
"AuthTest.java","11","0","0"
"QuorumPeerMainTest.java","11","2","0"
"QuorumTest.java","18","11","0"
"QuorumTest.java","11","3","0"
"QuorumPeerMainTest.java","17","11","0"
"AuthTest.java","16","0","0"
"EnsembleAuthenticationProvider.java","11","4","0"
"QuorumPeerMainTest.java","15","0","0"
"AuthTest.java","17","1","0"
"QuorumPeerMainTest.java","16","9","0"
"X509UtilTest.java","11","0","0"
"OutputArchive.java","11","4","0"
"AsyncHammerTest.java","15","0","0"
"StatTest.java","15","3","0"
"SaslAuthRequiredFailNoSASLTest.java","11","5","0"
"AsyncHammerTest.java","11","2","0"
"ChrootAsyncTest.java","11","6","0"
"EphemeralNodeDeletionTest.java","11","1","0"
"QuorumRestartTest.java","11","3","0"
"StatCommand.java","15","15","0"
"LeaderBean.java","16","2","0"
"MetricsProviderBootstrap.java","11","9","0"
"ZKConfigTest.java","11","1","0"
"PemReaderTest.java","17","18","0"
"NIOConnectionFactoryFdLeakTest.java","15","1","0"
"LocalPeerMXBean.java","11","4","0"
"Request.java","11","2","0"
"FLENewEpochTest.java","11","1","0"
"NIOServerCnxnFactory.java","16","8","0"
"NIOServerCnxnFactory.java","11","4","0"
"NIOServerCnxnFactory.java","14","4","0"
"MultiOperationTest.java","11","4","0"
"ClientTest.java","11","21","0"
"AtomicFileOutputStream.java","11","0","0"
"MultiOperationTest.java","16","3","0"
"MultiOperationTest.java","15","1","0"
"Observer.java","11","24","0"
"JettyAdminServer.java","11","3","0"
"ProposalRequestProcessor.java","16","7","0"
"BinaryInputArchive.java","11","1","0"
"ProposalRequestProcessor.java","11","9","1"
"Observer.java","15","4","0"
"BinaryInputArchive.java","15","1","0"
"FileTxnSnapLogMetricsTest.java","11","623","0"
"Observer.java","18","37","0"
"ZooKeeperServerTest.java","17","5","0"
"LocalPeerBean.java","11","8","0"
"X509AuthenticationProvider.java","11","0","0"
"LocalPeerBean.java","17","1","0"
"ObserverRequestProcessor.java","11","3","0"
"ZooKeeperServerTest.java","11","1","0"
"SaslAuthTest.java","11","1","0"
"ObserverRequestProcessor.java","13","20","0"
"ClientReconnectTest.java","16","3","0"
"ClientReconnectTest.java","11","7","0"
"DataTree.java","16","2","0"
"DataTree.java","15","1","0"
"DataTree.java","18","0","0"
"DataTree.java","17","1","0"
"PurgeTxnLog.java","11","3","3"
"DataTree.java","11","12","0"
"TxnLog.java","11","13","0"
"StaticHostProvider.java","11","1","0"
"LearnerTest.java","15","5","0"
"ZooTrace.java","16","0","0"
"ZooInspectorTreeViewer.java","11","5","0"
"ClientCnxn.java","15","0","0"
"ClientCnxn.java","16","3","0"
"MultiOpSessionUpgradeTest.java","11","1","0"
"ClientCnxn.java","13","4","0"
"LearnerTest.java","11","27","0"
"ClientCnxn.java","11","13","0"
"LearnerTest.java","13","14","0"
"StaticHostProvider.java","18","0","0"
"BitHashSetTest.java","11","27","0"
"MultiAsyncTransactionTest.java","11","0","0"
"StandaloneDisabledTest.java","15","4","0"
"QuorumVerifier.java","11","2","0"
"StandaloneDisabledTest.java","11","3","0"
"ToStringOutputArchive.java","11","3","0"
"RequestPathMetricsCollector.java","15","4","2"
"ZooKeeperSaslClient.java","11","22","0"
"JLineZNodeCompleter.java","11","1","0"
"ZooKeeperSaslClient.java","14","2","0"
"ZooKeeperSaslClient.java","15","0","0"
"VersionInfoMain.java","11","1","0"
"ZooKeeperSaslClient.java","16","0","0"
"LocalSessionTracker.java","11","15","0"
"ZooInspectorManagerImpl.java","11","0","0"
"RemotePeerBean.java","16","1","0"
"SimpleClient.java","18","1","0"
"DistributedQueue.java","11","1","0"
"ObserverZooKeeperServer.java","18","3","0"
"CommitProcessor.java","11","2","0"
"NettyServerCnxnFactory.java","11","24","0"
"StringUtils.java","11","2","0"
"InstanceManager.java","11","0","0"
"ObserverQuorumHammerTest.java","11","126","7"
"UnifiedServerSocketTest.java","11","0","0"
"ZooKeeperServerMain.java","11","2","0"
"ClientSSLTest.java","11","0","0"
"ZooKeeperServerMain.java","18","44","0"
"ClientCnxnSocketFragilityTest.java","15","1","0"
"SnapStream.java","11","2","0"
"ZNodeName.java","11","1","1"
"ServerConfigTest.java","11","0","0"
"PurgeTxnTest.java","17","1","0"
"PurgeTxnTest.java","11","1","0"
"ZNodeName.java","16","12","0"
"InstanceContainer.java","15","9","0"
"FLEZeroWeightTest.java","11","16","0"
"BufferSizeTest.java","15","0","0"
"FileChangeWatcherTest.java","11","0","0"
"ClientX509Util.java","11","26","0"
"FileChangeWatcherTest.java","14","0","0"
"RestoreCommittedLogTest.java","16","0","0"
"LeaderElectionSupportTest.java","17","0","0"
"RestoreCommittedLogTest.java","11","0","0"
"RestoreCommittedLogTest.java","13","6","0"
"CommitProcessorMetricsTest.java","11","0","0"
"CommitProcessorMetricsTest.java","13","4","0"
"JsonOutputter.java","11","0","0"
"SnapshotComparer.java","18","0","0"
"ChrootTest.java","11","1","0"
"ServerCnxnFactory.java","11","13","0"
"CGenerator.java","11","9","0"
"RemoveWatchesCmdTest.java","11","1","0"
"JMXEnv.java","18","49","7"
"ServerCnxnFactory.java","14","0","0"
"ServerCnxnFactory.java","16","4","0"
"JMXEnv.java","11","7","0"
"ServerCnxnFactory.java","18","0","0"
"CommandsTest.java","11","13","0"
"ServerCnxnTest.java","16","0","0"
"ClientRequestTimeoutTest.java","11","4","0"
"ClientCnxnSocketNIO.java","11","14","0"
"ZooKeeperServerCreationTest.java","17","1","0"
"JUnit4ZKTestRunner.java","16","0","0"
"MultipleAddresses.java","11","7","0"
"ClientCnxnSocketNIO.java","15","2","0"
"EphemeralTypeTest.java","11","1","0"
"ClientCnxnSocketNIO.java","18","3","0"
"KerberosUtil.java","17","1","0"
"ExistsTest.java","11","20","3"
"GenerateLoad.java","18","28","0"
"FinalRequestProcessor.java","15","9","0"
"AuditHelper.java","11","1","0"
"FinalRequestProcessor.java","18","41","0"
"FinalRequestProcessor.java","11","33","0"
"EphemeralType.java","11","2","0"
"SetTest.java","11","8","0"
"ZooKeeperTest.java","16","0","0"
"CliWrapperException.java","16","4","0"
"ZooKeeperTest.java","15","2","0"
"ZooKeeperTest.java","14","0","0"
"ZooKeeperTest.java","11","1","0"
"FastLeaderElection.java","11","8","0"
"QuorumHammerTest.java","11","53","0"
"FastLeaderElection.java","14","0","0"
"FastLeaderElection.java","15","1","0"
"FastLeaderElection.java","16","2","0"
"WatchBench.java","11","2","0"
"ZKDatabase.java","11","11","0"
"Log4JSource.java","11","0","0"
"LeaderOffer.java","18","11","1"
"ZooKeeperQuotaTest.java","15","1","0"
"AckRequestProcessor.java","11","4","0"
"ZooKeeperQuotaTest.java","11","1","0"
"QuorumRequestPipelineTest.java","11","40","0"
"NettyServerCnxnTest.java","11","6","0"
"Vote.java","11","2","0"
"AbstractFourLetterCommand.java","11","5","0"
"ZKHostnameVerifierTest.java","11","2","0"
"Utils.java","11","0","0"
"CommandExecutor.java","11","19","1"
"NullDataTest.java","16","1","0"
"SyncedLearnerTracker.java","11","3","0"
"ZooKeeperCriticalThreadMetricsTest.java","11","0","0"
"FLEBackwardElectionRoundTest.java","11","0","0"
"ZooKeeperCriticalThread.java","11","14","0"
"ReadOnlyBean.java","11","14","0"
"FollowerResyncConcurrencyTest.java","18","14","0"
"FollowerResyncConcurrencyTest.java","11","2","0"
"ObserverBean.java","11","0","0"
"LearnerSyncRequest.java","16","0","0"
"MockNIOServerCnxn.java","11","5","0"
"AvgMinMaxPercentileCounterSetTest.java","11","7","0"
"ServerConfig.java","11","1","0"
"ServerConfig.java","13","9","0"
"HierarchicalQuorumTest.java","11","4","0"
"HierarchicalQuorumTest.java","15","3","0"
"QuorumPeerInstance.java","16","0","0"
"QuorumPeerInstance.java","11","2","0"
"WatcherCleanerTest.java","15","5","0"
"SaslAuthDesignatedServerTest.java","18","8","0"
"QuorumBean.java","11","42","0"
"X509Util.java","11","4","0"
"X509Util.java","16","1","0"
"MBeanRegistry.java","11","3","0"
"X509Util.java","18","0","0"
"StaticHostProviderTest.java","11","6","0"
"FileTxnLogTest.java","11","10","0"
"FileTxnLogTest.java","18","1","0"
"FileTxnLogTest.java","16","1","0"
"StaticHostProviderTest.java","15","0","0"
"ACLCountTest.java","11","1","0"
"ObserverMaster.java","11","11","0"
"ZookeeperBanner.java","11","1","0"
"DataTreeTest.java","11","20","0"
"ContainerManager.java","11","3","0"
"ZKUtilTest.java","11","2","0"
"ZooKeeperServerBeanTest.java","16","2","0"
"TruncateTest.java","11","3","0"
"WorkerService.java","11","0","0"
"ZooKeeperAdmin.java","11","1","0"
"QuorumPeer.java","17","17","0"
"QuorumPeer.java","18","8","0"
"QuorumPeer.java","15","4","0"
"QuorumPeer.java","16","2","0"
"QuorumPeer.java","11","13","0"
"DatadirCleanupManager.java","11","2","0"
"Learner.java","11","2","0"
"Learner.java","17","0","0"
"Learner.java","15","8","0"
"SessionTrackerTest.java","11","0","0"
"StandaloneTest.java","11","2","0"
"CppGenerator.java","11","7","0"
"AvgMinMaxCounterSet.java","11","0","0"
"IOUtils.java","17","4","0"
"SaslAuthFailDesignatedClientTest.java","14","0","0"
"SendAckRequestProcessor.java","11","6","0"
"SaslAuthFailDesignatedClientTest.java","11","0","0"
"SaslAuthFailDesignatedClientTest.java","15","3","0"
"ZooKeeperServerBean.java","11","3","0"
"Watcher.java","14","0","0"
"RemoveWatchesTest.java","18","0","0"
"Watcher.java","11","0","0"
"AddWatchCommand.java","11","22","0"
"TxnLogToolkitTest.java","11","1","0"
"SledgeHammer.java","18","18","0"
"DisconnectableZooKeeper.java","11","2","0"
"SledgeHammer.java","17","0","0"
"FileTxnSnapLog.java","16","1","1"
"FileTxnSnapLog.java","11","10","0"
"ClientWatchManager.java","11","0","0"
"LearnerMaster.java","11","149","0"
"SyncRequestProcessor.java","11","2","0"
"CreateCommand.java","11","14","0"
"ManagedUtil.java","11","0","0"
"ZKUtil.java","11","1","0"
"FuzzySnapshotRelatedTest.java","11","2","0"
"ZooDefs.java","11","0","0"
"SyncRequestProcessor.java","15","2","0"
"CreateCommand.java","17","4","0"
"FuzzySnapshotRelatedTest.java","15","6","0"
"ZooKeeperServerMainTest.java","16","1","0"
"LsCommand.java","11","2","0"
"MultiOperationRecordTest.java","11","1","0"
"ZooKeeperServerMainTest.java","11","0","0"
"HostProvider.java","11","3","0"
"FLELostMessageTest.java","18","3","0"
"FLELostMessageTest.java","15","1","0"
"TraceFormatter.java","11","3","0"
"PrometheusMetricsProvider.java","14","2","0"
"ZooKeeperMain.java","16","1","0"
"ZooKeeperMain.java","15","11","0"
"ZooKeeperMain.java","18","0","0"
"SaslServerCallbackHandler.java","11","0","0"
"ByteBufferInputStream.java","11","1","0"
"ZooKeeperMain.java","11","6","0"
"SaslServerCallbackHandler.java","16","0","0"
"SessionTimeoutTest.java","18","1","0"
"VersionCommand.java","16","0","0"
"FileSnap.java","11","5","0"
"ServerStatsTest.java","11","0","0"
"LogChopperTest.java","11","2","0"
"WrappedAuthenticationProvider.java","11","8","0"
"ReconfigDuringLeaderSyncTest.java","11","3","0"
"OSMXBeanTest.java","11","1","0"
"PrepRequestProcessor.java","11","6","0"
"PrepRequestProcessor.java","17","0","0"
"FileTxnSnapLogTest.java","11","4","0"
"PrepRequestProcessor.java","15","14","0"
"LearnerMetricsTest.java","11","4","0"
"QuorumCnxManager.java","14","0","0"
"QuorumCnxManager.java","11","9","0"
"QuorumCnxManager.java","17","1","0"
"UnifiedServerSocket.java","11","1","0"
"QuorumCnxManager.java","15","1","0"
"SessionTrackerImpl.java","17","5","0"
"QuorumPeerConfigTest.java","15","1","0"
"SessionTrackerImpl.java","18","1","0"
"ACLTest.java","11","1","0"
"QuorumPeerConfigTest.java","16","2","0"
"ClientCnxnSocket.java","11","8","0"
"CreateTTLTest.java","11","1","0"
"SessionTrackerImpl.java","11","19","0"
"ACLTest.java","18","1","0"
"QuorumPeerConfigTest.java","11","1","0"
"JBuffer.java","15","0","0"
"JBuffer.java","16","15","0"
"QuorumPeerTestBase.java","11","1","0"
"PrepRequestProcessorTest.java","11","1","0"
"WatcherTest.java","16","0","0"
"WatcherTest.java","11","0","0"
"QuorumPeerTestBase.java","17","4","4"
"ReconfigTest.java","18","3","0"
"CommandFactoryTest.java","11","2","0"
"ReconfigTest.java","11","7","0"
"ReconfigTest.java","14","0","0"
"ExportJvmInfoTest.java","11","2","0"
"MaxCnxnsTest.java","14","0","0"
"MaxCnxnsTest.java","11","16","0"
"DisconnectedWatcherTest.java","11","1","0"
"DeleteCommand.java","11","25","0"
"DataNode.java","15","2","0"
"CRCTest.java","11","11","0"
"DelQuotaCommand.java","11","12","0"
"CRCTest.java","16","0","0"
"DelQuotaCommand.java","16","18","0"
"ReferenceCountedACLCache.java","15","1","0"
"ReferenceCountedACLCache.java","11","1","0"
"SerializeUtilsTest.java","11","14","0"
"LeaderBeanTest.java","14","2","0"
"LeaderBeanTest.java","11","3","0"
"LeaderBeanTest.java","18","1","0"
"SnapshotFormatter.java","11","0","0"
"FilterOp.java","11","46","0"
"FLETest.java","11","27","0"
"ReconfigRollingRestartCompatibilityTest.java","16","6","0"
"Shell.java","11","18","0"
"FLETest.java","14","0","0"
"FLETest.java","16","0","0"
"LoadFromLogNoServerTest.java","11","1","0"
"GetProposalFromTxnTest.java","11","0","0"
"Commands.java","15","2","0"
"FollowerRequestProcessor.java","11","3","0"
"Commands.java","11","0","0"
"CustomHostProviderTest.java","15","1","0"
"SaslQuorumAuthLearner.java","15","1","0"
"Commands.java","14","0","0"
"ZNodeResource.java","11","20","0"
"EpochWriteFailureTest.java","11","2","0"
"ZooKeeperServer.java","11","2","0"
"BlueThrottle.java","11","6","0"
"ZooKeeperServer.java","13","1","0"
"ZooKeeperServer.java","15","5","0"
"ZooKeeperServer.java","16","1","0"
"ZooKeeperServer.java","17","2","0"
"NIOServerCnxn.java","11","7","0"
"QuorumPeerConfig.java","11","3","0"
"LearnerHandlerMetricsTest.java","14","0","0"
"QuorumPeerConfig.java","17","2","0"
"QuorumPeerConfig.java","16","0","0"
"NIOServerCnxn.java","18","11","0"
"QuorumPeerConfig.java","15","2","0"
"Op.java","11","12","1"
"Follower.java","17","0","0"
"CommitProcessorConcurrencyTest.java","11","1","0"
"CommitProcessorTest.java","16","2","0"
"QuorumBase.java","11","0","0"
"Follower.java","15","7","0"
"Leader.java","16","6","0"
"Leader.java","15","12","0"
"PathUtilsTest.java","16","0","0"
"Leader.java","11","4","0"
"Leader.java","14","1","0"
"Version.java","11","0","0"
"BaseSysTest.java","18","6","0"
"BaseSysTest.java","15","3","0"
"Version.java","15","0","0"
"Version.java","16","0","0"
"Version.java","17","0","0"
"BaseSysTest.java","11","2","0"
"FileChangeWatcher.java","17","16","0"
"QuorumDigestAuthTest.java","11","41","0"
"FileChangeWatcher.java","16","0","0"
"DeserializationPerfTest.java","11","0","0"
"ZooKeeperTestable.java","15","3","0"
"NettyServerCnxn.java","11","2","0"
"LeaderWithObserverTest.java","11","3","0"
"RandomAccessFileReader.java","11","6","0"
"QuorumKerberosAuthTest.java","11","5","0"
"TestableZooKeeper.java","16","2","0"
"TestableZooKeeper.java","11","3","0"
"IconResource.java","13","2","0"
"RequestThrottler.java","11","1","0"
"TestCircularBlockingQueue.java","11","2","0"
"RequestThrottler.java","15","9","0"
"NIOServerCnxnTest.java","11","1","0"
"RequestThrottlerTest.java","15","1","0"
"ClientRetryTest.java","16","1","0"
"WatcherFuncTest.java","11","13","0"
"ClientBase.java","11","21","0"
"ClientBase.java","15","2","0"
"Zab1_0Test.java","13","1","0"
"Zab1_0Test.java","11","1","0"
"Zab1_0Test.java","17","1","0"
"Zab1_0Test.java","15","1","0"
"AtomicFileWritingIdiomTest.java","11","4","0"
"ServerStats.java","11","0","0"
"ConnectionBean.java","15","1","0"
"JettyAdminServerTest.java","11","0","0"
"KeeperException.java","11","0","0"
"FourLetterWordsWhiteListTest.java","11","5","0"
"WatchedEvent.java","18","1","0"
"WatchManager.java","11","1","0"
"FileTxnLog.java","17","0","0"
"FileTxnLog.java","15","5","0"
"ServerMetricsTest.java","11","23","0"
"ServerMetricsTest.java","13","6","0"
"FileTxnLog.java","11","4","0"
"MetricsProviderLifeCycleException.java","11","5","0"
"QuorumPeerMain.java","16","3","0"
"QuorumPeerMain.java","15","1","0"
"AvgMinMaxCounter.java","11","9","0"
"QuorumPeerMain.java","11","18","0"
"SaslAuthFailTest.java","16","0","0"
"CnxManagerTest.java","11","4","0"
"EmptiedSnapshotRecoveryTest.java","11","1","0"
"FourLetterWordsQuorumTest.java","11","7","0"
"CreateContainerTest.java","15","3","0"
"FourLetterWordsQuorumTest.java","16","10","0"
"ObserverHierarchicalQuorumTest.java","11","18","0"
"ZooKeeper.java","11","9","0"
"LearnerSessionTracker.java","18","1","0"
"ZooKeeper.java","14","1","0"
"ZooKeeper.java","15","1","0"
"OSMXBean.java","13","6","0"
"ZooKeeper.java","18","6","0"
"ZNodeNameTest.java","18","6","0"
"ZNodeNameTest.java","11","1","0"
"ZKTrustManager.java","16","0","0"
"ZkDatabaseCorruptionTest.java","17","1","0"
"ZkDatabaseCorruptionTest.java","15","0","0"
"ConsCommand.java","16","11","0"
"ZkDatabaseCorruptionTest.java","11","0","0"
"SetCommand.java","11","14","0"
"LoadFromLogTest.java","13","9","0"
"ZKClientConfig.java","11","0","0"
"LoadFromLogTest.java","14","2","0"
"LoadFromLogTest.java","11","1","0"
"ServerCnxn.java","15","2","0"
"QuorumUtil.java","11","5","0"
"QuorumUtil.java","18","2","0"
"ServerCnxn.java","11","1","0"
"InvalidSnapshotTest.java","16","0","0"
"InvalidSnapshotTest.java","15","1","0"
"ReconfigLegacyTest.java","11","1","0"
"Environment.java","18","0","0"
"InvalidSnapshotTest.java","17","1","0"
"LocalPeerBeanTest.java","11","1","0"
"InvalidSnapshotTest.java","11","3","0"
"Environment.java","11","0","0"
"ConfigUtils.java","11","0","0"
"ACLRootTest.java","11","0","0"
"ToStringTest.java","11","1","0"
"QuorumServerTest.java","11","1","0"
"LeaderElectionSupport.java","11","3","0"
