"Date","Class","MAXLOC","AVGLOC","Index"
"2019-08-17 17:13","NettyNettySuiteBase.java","256104","6",""
"2018-08-06 14:11","Learner.java","271847","0",""
"2017-07-28 00:36","ServerAdminClient.java","256932","0",""
"2010-05-05 22:32","QuorumPeer.java","123173","16","8"
"2010-08-18 08:24","QuorumPeer.java","143198","-5","9"
"2019-07-08 23:26","SessionTrackerTest.java","256464","32",""
"2009-11-20 23:28","QuorumPeer.java","108816","-15","6"
"2009-12-15 23:23","QuorumPeer.java","122849","-15","7"
"2009-04-24 20:26","QuorumPeer.java","86560","8","4"
"2012-03-15 17:47","ReadOnlyRequestProcessor.java","20544","8","16"
"2008-12-09 06:14","QuorumPeer.java","54903","-24","2"
"2011-10-28 18:37","ReadOnlyRequestProcessor.java","15696","0","11"
"2010-03-13 01:06","TruncateTest.java","37265","23","7"
"2009-09-16 02:09","TruncateTest.java","1023","0","6"
"2019-05-03 00:44","SendAckRequestProcessor.java","257683","0",""
"2019-10-10 14:37","SaslAuthFailDesignatedClientTest.java","260403","6",""
"2012-02-06 09:56","Transaction.java","15640","0","15"
"2012-03-17 01:31","Transaction.java","17466","0","16"
"2011-04-12 09:14","TxnLogSource.java","14937","0","11"
"2019-08-17 17:13","SessionTracker.java","258419","5",""
"2019-08-17 17:13","ZooKeeperServerBean.java","271848","-5",""
"2011-11-01 08:15","ReadOnlyModeTest.java","15743","23","11"
"2010-08-18 08:24","TruncateTest.java","61840","22","9"
"2010-03-31 06:26","TruncateTest.java","38980","22","8"
"2019-08-17 17:13","WatchDeregistration.java","256292","0",""
"2010-01-26 01:17","SessionTracker.java","23202","0","7"
"2009-11-07 01:48","SessionTracker.java","8865","0","6"
"2019-08-17 17:13","ZKUtilTest.java","54406","0",""
"2009-10-30 17:19","SendAckRequestProcessor.java","49792","0","6"
"2014-01-03 01:24","TruncateTest.java","268528","24",""
"2019-11-29 14:49","QuorumSSLTest.java","127304","-31",""
"2009-08-25 07:45","SendAckRequestProcessor.java","46586","0","5"
"2019-08-17 17:13","JKSFileLoader.java","68806","-37",""
"2010-03-12 19:26","ZooKeeperServerBean.java","122799","25","7"
"2011-04-12 09:14","ZKTestCase.java","27791","0","11"
"2019-08-17 17:13","AtomicFileWritingIdiom.java","256154","0",""
"2009-01-15 23:57","ZooKeeperServerBean.java","40656","0","2"
"2019-08-17 17:13","NIOServerCnxnFactoryTest.java","67684","0",""
"2012-02-11 00:34","ZooKeeperServerMXBean.java","111324","2","15"
"2019-08-17 17:13","QuorumBeanTest.java","111485","0",""
"2009-12-18 03:19","Learner.java","12655","0","7"
"2019-08-17 17:13","CreateModeTest.java","257015","6",""
"2020-02-16 10:25","QuorumPeer.java","268803","18",""
"2019-10-10 14:37","DatadirCleanupManager.java","260518","19",""
"2019-08-17 17:13","ConfigUtilsTest.java","254163","-24",""
"2012-01-31 07:45","LearnerZooKeeperServer.java","69086","-13","15"
"2012-03-30 03:05","ZxidRolloverTest.java","2497","0","17"
"2014-04-29 02:23","ZooDefs.java","263114","5",""
"2019-08-17 17:13","OpResult.java","256904","0",""
"2011-09-02 22:53","JRecord.java","78339","18","11"
"2019-08-17 17:13","ObserverTest.java","257187","-7",""
"2010-04-22 07:42","CreateTest.java","55038","0","8"
"2010-08-17 09:24","CreateTest.java","73013","3","9"
"2020-01-09 22:51","LsCommand.java","266397","1",""
"2019-08-17 17:13","MultiOperationRecordTest.java","256904","0",""
"2019-07-12 17:01","FLELostMessageTest.java","257499","2",""
"2010-03-31 06:26","ZooKeeperTestClient.java","40968","19","8"
"2010-08-18 08:24","DisconnectableZooKeeper.java","141546","0","9"
"2019-11-28 12:24","TraceFormatter.java","14222","1",""
"2011-04-12 09:14","GraphData.java","14937","0","11"
"2011-04-12 09:14","WriteLock.java","83817","0","11"
"2009-10-31 00:09","ZooKeeperTestClient.java","7301","0","6"
"2019-08-05 15:29","PrometheusMetricsProvider.java","47673","-12",""
"2019-08-17 17:13","MultiResponse.java","256904","29",""
"2019-08-17 17:13","NetUtilsTest.java","254163","0",""
"2011-04-12 09:14","AsyncOpsTest.java","133245","-19","11"
"2019-08-17 17:13","Stats.java","256985","0",""
"2019-08-17 17:13","RemoveWatchesTest.java","271665","1",""
"2012-06-30 08:30","KerberosName.java","14116","0","17"
"2012-02-06 10:06","KerberosName.java","9131","0","15"
"2011-10-25 08:09","KeeperStateTest.java","102502","0","11"
"2010-03-31 06:26","FLELostMessageTest.java","40404","0","8"
"2019-08-17 17:13","DisconnectableZooKeeper.java","257842","0",""
"2015-02-06 06:17","ZooKeeperTestClient.java","257500","19",""
"2019-08-17 17:13","UnimplementedRequestProcessor.java","256407","0",""
"2017-05-27 00:52","DeleteAllCommand.java","256502","4",""
"2009-10-31 00:09","ZooDefs.java","18456","0","6"
"2019-08-17 17:13","CreateTest.java","257532","1",""
"2010-01-26 03:03","ZooDefs.java","32894","3","7"
"2019-08-17 17:13","FollowerMXBean.java","257706","-2",""
"2011-04-12 09:14","DeleteTest.java","72010","-49","11"
"2011-04-12 09:14","AuthTest.java","76168","-24","11"
"2011-04-12 09:14","Util.java","122033","0","11"
"2019-08-17 17:13","ZooKeeperServerConf.java","256151","0",""
"2012-03-02 03:44","AuthTest.java","82196","-24","16"
"2011-07-29 10:14","QuorumTest.java","136476","-17","11"
"2019-10-10 14:37","LearnerMaster.java","69561","7",""
"2009-12-15 23:23","ObserverTest.java","1552","0","7"
"2018-10-08 14:33","ConnectStringParser.java","256985","34",""
"2011-04-12 09:14","MergedLogSource.java","14937","0","11"
"2019-08-17 17:13","RequestProcessor.java","256904","8",""
"2019-08-17 17:13","LearnerMetricsTest.java","65446","3",""
"2019-10-10 14:37","UnifiedServerSocket.java","116649","0",""
"2020-03-25 03:38","QuorumZooKeeperServer.java","270847","8",""
"2020-02-12 15:52","JBuffer.java","268555","-9",""
"2019-08-17 17:13","WatchManagerOptimized.java","174218","-7",""
"2019-04-09 15:35","ClientCnxnSocket.java","260738","-6",""
"2019-04-22 19:15","SessionTrackerImpl.java","270955","-20",""
"2020-05-14 18:18","QuorumPeerConfigTest.java","271373","-18",""
"2019-12-27 22:33","PrepRequestProcessorTest.java","266269","8",""
"2019-09-18 11:20","WatcherTest.java","260622","7",""
"2019-08-17 17:13","EagerACLFilterTest.java","24433","0",""
"2017-11-28 00:10","FLEPredicateTest.java","256154","3",""
"2009-06-26 22:29","SessionTrackerImpl.java","92998","7","4"
"2009-11-07 01:48","SessionTrackerImpl.java","99761","0","6"
"2010-01-26 01:17","SessionTrackerImpl.java","112286","0","7"
"2010-07-05 20:20","WatcherTest.java","122928","7","9"
"2009-01-16 00:48","SessionTrackerImpl.java","39341","0","2"
"2019-09-18 11:20","SessionTimeoutTest.java","257923","0",""
"2019-08-17 17:13","VersionCommand.java","44833","0",""
"2009-07-17 00:09","WatcherTest.java","83000","15","5"
"2020-01-22 11:08","QuorumAuthTestBase.java","267491","-17",""
"2011-04-12 09:14","Base.java","72010","-10","11"
"2010-05-05 22:32","QuorumZooKeeperServer.java","5595","0","8"
"2009-09-16 02:09","WatcherTest.java","85825","16","6"
"2010-08-18 08:24","SessionTrackerImpl.java","142314","2","9"
"2008-11-19 11:20","WatcherTest.java","23810","16","1"
"2019-08-17 17:13","LogChopperTest.java","174233","0",""
"2011-04-12 09:14","ClientTest.java","144025","2","11"
"2019-08-17 17:13","WrappedAuthenticationProvider.java","255292","0",""
"2020-01-25 18:48","ReconfigDuringLeaderSyncTest.java","267583","5",""
"2019-08-17 17:13","OSMXBeanTest.java","260217","-6",""
"2012-03-15 17:47","ProposalRequestProcessor.java","148356","-26","16"
"2012-10-31 19:38","ClientTest.java","151880","5","19"
"2011-10-20 20:02","ProposalRequestProcessor.java","144477","0","11"
"2019-08-17 17:13","Quotas.java","257687","0",""
"2009-06-18 18:37","DataNode.java","70653","29","4"
"2019-10-10 14:37","SaslQuorumAuthServer.java","258833","-71",""
"2009-11-12 23:48","DataNode.java","90759","29","6"
"2009-07-17 00:09","OOMTest.java","94241","0","5"
"2008-11-19 00:42","DataNode.java","19143","30","1"
"2019-07-12 17:01","FLERestartTest.java","261253","0",""
"2011-10-28 18:37","ObserverRequestProcessor.java","58849","1","11"
"2009-02-03 06:23","DataNode.java","37855","30","2"
"2010-08-18 08:24","OOMTest.java","142742","4","9"
"2010-03-31 06:26","OOMTest.java","122885","0","8"
"2017-09-11 18:55","FilterOp.java","99601","0",""
"2019-08-27 09:23","LeaderElectionAware.java","257497","0",""
"2019-08-17 17:13","MonitorCommand.java","255967","2",""
"2018-02-07 01:05","LeaderMXBean.java","257706","28",""
"2019-07-29 17:15","RecordReader.java","254361","0",""
"2019-07-29 17:15","TestWriter.java","38161","0",""
"2010-03-31 06:26","MaxCnxnsTest.java","25855","0","8"
"2017-11-28 00:10","RaceConditionTest.java","255887","18",""
"2019-11-11 13:59","DigestAuthenticationProvider.java","265116","-18",""
"2019-08-17 17:13","ObserverLETest.java","256650","0",""
"2019-08-17 17:13","Shell.java","256904","-21",""
"2019-11-21 05:58","WatchLeakTest.java","260876","6",""
"2019-12-28 16:17","GetAllChildrenNumberTest.java","68347","0",""
"2019-08-17 17:13","LeaderMetricsTest.java","43400","0",""
"2019-08-17 17:13","ExitCode.java","256089","-2",""
"2019-08-17 17:13","LoadFromLogNoServerTest.java","258833","0",""
"2009-06-09 07:21","DigestAuthenticationProvider.java","49075","0","4"
"2010-01-25 04:28","DigestAuthenticationProvider.java","79118","0","7"
"2019-08-05 15:29","ExportJvmInfoTest.java","19464","0",""
"2017-01-13 19:29","AtomicFileOutputStreamTest.java","256464","11",""
"2011-04-12 09:14","QuorumVerifier.java","83159","-11","11"
"2013-12-21 22:05","MaxCnxnsTest.java","257179","2",""
"2019-03-11 21:56","DisconnectedWatcherTest.java","256761","-35",""
"2019-08-17 17:13","SyncThrottleException.java","28807","0",""
"2012-04-23 01:20","QuorumVerifier.java","97889","-11","17"
"2010-08-18 08:24","DigestAuthenticationProvider.java","110256","12","9"
"2012-09-28 18:32","ZooKeeperSaslClient.java","16624","-15","19"
"2009-07-17 00:09","FLERestartTest.java","597","0","5"
"2019-08-17 17:13","FileKeyStoreLoaderBuilderProviderTest.java","68806","0",""
"2019-09-18 11:20","OOMTest.java","260754","11",""
"2019-08-17 17:13","CommandResponse.java","256151","0",""
"2019-08-17 17:13","DelQuotaCommand.java","256502","5",""
"2019-10-10 14:37","DuplicateLocalSessionUpgradeTest.java","260120","-9",""
"2010-03-13 01:06","FLERestartTest.java","39928","13","7"
"2019-12-27 22:33","DataNode.java","266841","22",""
"2011-09-27 04:06","ZooKeeperSaslClient.java","3937","0","11"
"2012-02-06 09:34","ZooKeeperSaslClient.java","8735","0","15"
"2019-10-10 14:37","ReferenceCountedACLCache.java","259640","-14",""
"2010-03-31 06:26","FLERestartTest.java","41489","13","8"
"2019-08-17 17:13","CloseCommand.java","256502","1",""
"2012-09-09 20:24","ZooKeeperSaslClient.java","16436","-15","18"
"2012-12-19 19:07","NIOServerCnxn.java","268681","22",""
"2020-05-14 18:18","QuorumPeerConfig.java","272028","-3",""
"2019-08-17 17:13","NullQuorumAuthLearner.java","255079","0",""
"2011-10-27 23:25","ObserverZooKeeperServer.java","58807","-19","11"
"2019-11-08 17:30","WatchManagerTest.java","180888","10",""
"2009-06-15 22:52","FollowerRequestProcessor.java","94726","-17","4"
"2010-04-22 07:42","ZNodeResource.java","55038","0","8"
"2016-12-20 14:47","Follower.java","266841","9",""
"2019-11-11 13:55","CommitProcessorTest.java","262200","0",""
"2010-08-17 09:24","ZNodeResource.java","73013","0","9"
"2009-01-16 00:48","FollowerRequestProcessor.java","50230","24","2"
"2019-10-10 14:37","Leader.java","270948","-26",""
"2010-08-18 08:24","FollowerRequestProcessor.java","152416","-10","9"
"2011-04-12 09:14","ObserverQuorumHammerTest.java","46141","0","11"
"2009-02-20 01:23","Follower.java","54394","2","3"
"2009-01-15 23:57","Follower.java","39850","-13","2"
"2020-02-04 10:39","SaslQuorumAuthLearner.java","267335","0",""
"2010-08-18 08:24","Leader.java","142314","-19","9"
"2010-01-25 04:28","Follower.java","112317","3","7"
"2019-11-20 07:00","Commands.java","264194","13",""
"2020-05-05 21:20","FollowerRequestProcessor.java","271979","2",""
"2009-11-20 23:28","Follower.java","108271","3","6"
"2009-06-15 22:52","Follower.java","84761","-6","4"
"2019-08-17 17:13","QuorumAuth.java","255079","0",""
"2009-08-27 20:07","Leader.java","95560","16","5"
"2011-04-12 09:14","ZNodeName.java","83817","0","11"
"2019-08-17 17:13","KerberosSecurityTestcase.java","255079","0",""
"2009-05-20 22:16","Leader.java","80703","-16","4"
"2010-08-18 08:24","Follower.java","142742","8","9"
"2009-10-30 17:19","Leader.java","107501","8","6"
"2019-08-17 17:13","StatPrinter.java","256502","0",""
"2009-02-20 01:23","Leader.java","53712","50","3"
"2009-01-15 23:57","Leader.java","39154","11","2"
"2009-03-05 22:33","QuorumPeerConfig.java","21832","0","3"
"2011-04-12 09:14","TransactionEntry.java","14937","0","11"
"2019-08-17 17:13","Election.java","257710","-11",""
"2019-10-10 14:37","UnifiedServerSocketModeDetectionTest.java","71822","0",""
"2009-02-03 23:19","NIOServerCnxn.java","15880","0","2"
"2010-03-12 19:26","QuorumPeerConfig.java","91375","13","7"
"2019-08-17 17:13","KeyStoreFileTypeTest.java","68806","0",""
"2009-11-18 20:06","QuorumPeerConfig.java","76901","19","6"
"2011-04-12 09:14","InstanceContainer.java","105170","-19","11"
"2009-06-15 22:52","NIOServerCnxn.java","47649","14","4"
"2009-08-11 00:24","QuorumPeerConfig.java","63704","-23","5"
"2010-03-09 03:00","NIOServerCnxn.java","86690","-4","7"
"2009-06-05 06:44","QuorumPeerConfig.java","51231","10","4"
"2009-11-12 20:53","NIOServerCnxn.java","72872","-18","6"
"2010-08-18 08:24","NIOServerCnxn.java","108101","-4","9"
"2019-08-17 17:13","WatchesSummaryTest.java","256151","1",""
"2010-05-04 23:45","NIOServerCnxn.java","87905","-4","8"
"2019-11-28 12:24","RequestThrottler.java","62373","-19",""
"2011-09-17 02:36","RestoreCommittedLogTest.java","16385","0","11"
"2019-08-17 17:13","SnapshotDigestTest.java","46122","6",""
"2011-04-12 09:14","ChrootTest.java","72218","-4","11"
"2012-10-31 18:24","ClientCnxnSocketNIO.java","30428","10","19"
"2018-07-12 01:33","NIOServerCnxnTest.java","256369","23",""
"2010-03-31 06:26","DeserializationPerfTest.java","40968","0","8"
"2009-02-02 23:26","BaseSysTest.java","2137","0","2"
"2011-09-01 19:15","JMXEnv.java","78484","-9","11"
"2011-07-15 06:10","ClientCnxnSocketNIO.java","19968","2","11"
"2009-04-17 20:11","SerializeUtils.java","71604","5","4"
"2011-09-17 02:13","JUnit4ZKTestRunner.java","42283","0","11"
"2009-09-16 02:09","DeserializationPerfTest.java","3787","0","6"
"2019-06-03 19:40","X509AuthTest.java","256083","0",""
"2012-09-09 20:24","ClientCnxnSocketNIO.java","30237","4","18"
"2019-10-10 14:37","LeaderRequestProcessor.java","260120","-6",""
"2019-07-01 15:16","Version.java","271432","0",""
"2011-04-12 09:14","GetTest.java","72010","4","11"
"2011-04-12 09:14","ExistsTest.java","72010","0","11"
"2014-08-14 09:32","BaseSysTest.java","271185","-16",""
"2019-08-17 17:13","AvgMinMaxCounterSetTest.java","52485","0",""
"2011-04-12 09:14","LockListener.java","83817","0","11"
"2019-08-17 17:13","ZooKeeperTestable.java","256271","1",""
"2019-08-17 17:13","StatResetCommand.java","255967","0",""
"2019-10-10 14:37","DeserializationPerfTest.java","261253","2",""
"2012-12-19 19:16","SerializeUtils.java","266841","6",""
"2019-08-03 08:42","FileChangeWatcher.java","83970","-1",""
"2018-09-28 23:38","NettyServerCnxn.java","262759","26",""
"2019-08-17 17:13","RemotePeerMXBean.java","257706","20",""
"2014-11-29 16:53","RandomAccessFileReader.java","82724","0",""
"2011-04-12 09:14","LogIterator.java","14937","0","11"
"2019-08-17 17:13","QuorumKerberosAuthTest.java","267491","-8",""
"2020-03-19 17:09","MultipleAddressesTest.java","9576","0",""
"2014-07-19 06:39","IconResource.java","49589","0",""
"2019-08-17 17:13","ServerMXBean.java","257706","0",""
"2009-12-11 21:24","KeeperException.java","75119","0","6"
"2012-04-23 01:20","QuorumHierarchical.java","97889","-1","17"
"2019-08-17 17:13","DummyAdminServer.java","256151","0",""
"2009-06-26 22:29","KeeperException.java","59646","42","4"
"2009-02-06 22:19","ConnectionBean.java","53505","9","2"
"2019-08-17 17:13","ZKConfig.java","265463","5",""
"2009-02-04 20:57","KeeperException.java","18725","0","2"
"2019-01-07 14:39","ServerMetricsTest.java","174230","23",""
"2010-03-11 04:17","ConnectionBean.java","121396","0","7"
"2008-12-23 22:29","ServerStats.java","39154","-29","2"
"2011-04-12 09:14","QuorumHierarchical.java","83159","1","11"
"2009-11-12 20:53","ConnectionBean.java","100397","0","6"
"2017-06-26 00:07","FileTxnLog.java","268561","-16",""
"2010-08-18 08:24","ConnectionBean.java","142314","0","9"
"2019-08-17 17:13","FinalRequestProcessorTest.java","52154","80",""
"2019-08-17 17:13","MetricsProviderLifeCycleException.java","212928","0",""
"2019-08-17 17:13","LeaderElectionMXBean.java","257706","1",""
"2019-10-10 14:37","SaslAuthFailTest.java","260657","-38",""
"2011-04-12 09:14","Log4JSource.java","14937","0","11"
"2008-11-19 11:20","ClientBase.java","35600","-3","1"
"2011-04-12 09:14","PortAssignment.java","59741","0","11"
"2019-08-17 17:13","AvgMinMaxCounter.java","174230","-1",""
"2009-06-09 07:04","ClientBase.java","93763","-1","4"
"2009-08-25 07:45","ClientBase.java","96212","8","5"
"2009-09-16 02:09","ClientBase.java","108304","8","6"
"2014-07-23 19:36","CnxManagerTest.java","270082","1",""
"2010-03-31 06:26","RecoveryTest.java","122885","4","8"
"2010-03-09 05:44","ClientBase.java","122305","4","7"
"2010-08-18 08:24","RecoveryTest.java","142742","4","9"
"2010-05-15 01:32","DistributedQueueTest.java","32269","0","8"
"2019-08-17 17:13","PrependableSocket.java","111485","-55",""
"2010-03-31 06:26","ClientBase.java","122885","16","8"
"2019-10-10 14:37","EmptiedSnapshotRecoveryTest.java","263595","37",""
"2019-10-10 14:37","FourLetterWordsQuorumTest.java","260940","-28",""
"2019-08-17 17:13","RuokCommand.java","255967","0",""
"2010-08-18 08:24","ClientBase.java","170911","16","9"
"2019-08-17 17:13","NodeHashMapImplTest.java","28074","0",""
"2009-04-17 00:59","RecoveryTest.java","85872","4","4"
"2011-04-12 09:14","AckRequestProcessor.java","70417","0","11"
"2009-07-17 00:09","RecoveryTest.java","94241","3","5"
"2009-02-20 01:23","RecoveryTest.java","54394","4","3"
"2019-08-17 17:13","ObserverHierarchicalQuorumTest.java","257187","0",""
"2016-08-24 01:36","ClientBase.java","265869","22",""
"2019-11-08 17:30","IWatchManager.java","180888","0",""
"2010-07-05 20:20","FourLetterWordsQuorumTest.java","46865","-28","9"
"2011-09-15 00:22","BinaryOutputArchive.java","79194","0","11"
"2011-04-12 09:14","ProtocolSupport.java","83817","0","11"
"2009-08-07 23:00","CnxManagerTest.java","759","0","5"
"2010-03-13 01:06","ObserverHierarchicalQuorumTest.java","24575","0","7"
"2017-02-12 00:12","Zab1_0Test.java","266649","11",""
"2011-04-12 09:14","NullDataTest.java","104003","0","11"
"2019-10-10 14:37","RecoveryTest.java","261595","4",""
"2010-03-31 06:26","CnxManagerTest.java","40656","-17","8"
"2019-08-27 09:23","DistributedQueueTest.java","257780","0",""
"2010-10-06 19:01","CnxManagerTest.java","93441","-17","9"
"2010-01-26 01:17","FourLetterWordsQuorumTest.java","31519","-28","7"
"2010-03-16 22:23","FileTxnLog.java","109672","7","7"
"2019-10-10 14:37","ConnectionBean.java","261595","-9",""
"2019-08-17 17:13","AtomicFileWritingIdiomTest.java","256154","0",""
"2009-08-25 07:45","FileTxnLog.java","83244","-14","5"
"2009-06-18 18:37","FileTxnLog.java","72814","19","4"
"2018-07-12 01:33","ServerStats.java","257842","-7",""
"2009-02-20 01:23","FileTxnLog.java","41172","25","3"
"2020-05-05 09:18","JettyAdminServerTest.java","271354","6",""
"2008-12-10 22:55","FileTxnLog.java","23002","-26","2"
"2018-07-27 05:16","KeeperException.java","270947","11",""
"2019-06-03 19:40","ZKParameterized.java","255966","-24",""
"2016-08-24 01:36","ReconfigLegacyTest.java","256147","-8",""
"2015-07-07 07:11","SimpleSysTest.java","257689","3",""
"2018-07-27 12:32","LocalPeerBeanTest.java","255916","22",""
"2019-08-17 17:13","InvalidSnapshotTest.java","261459","15",""
"2019-08-17 17:13","SaslSuperUserTest.java","255250","0",""
"2018-07-27 12:32","ConfigUtils.java","256406","19",""
"2011-04-12 09:14","FileLoader.java","14937","0","11"
"2008-12-02 01:13","ZooKeeper.java","46412","8","1"
"2011-09-17 02:42","ServerConfig.java","102277","-10","11"
"2009-01-31 00:01","ZooKeeper.java","59290","4","2"
"2009-04-09 23:02","ZooKeeper.java","102935","-18","4"
"2009-08-07 20:00","ZooKeeper.java","105102","-23","5"
"2009-10-31 00:09","ZooKeeper.java","118197","8","6"
"2010-05-15 01:32","ZNodeNameTest.java","69688","0","8"
"2010-02-08 23:36","ZooKeeper.java","122702","-23","7"
"2019-08-17 17:13","ClientCnxnSocketTest.java","255276","0",""
"2019-08-17 17:13","EventTypeTest.java","257500","0",""
"2010-11-10 23:36","ZooKeeper.java","183729","-10","9"
"2019-07-29 17:15","RecordWriter.java","254361","0",""
"2019-08-17 17:13","ToStringTest.java","257702","0",""
"2019-08-17 17:13","SaslAuthRequiredTest.java","29313","0",""
"2019-08-17 17:13","ReadAheadEndpoint.java","28338","0",""
"2011-04-12 09:14","QuorumPeerInstance.java","96641","26","11"
"2020-02-16 10:25","QuorumServerTest.java","268349","0",""
"2014-07-22 06:51","ZooKeeper.java","272109","-18",""
"2010-03-31 06:26","EventTypeTest.java","40968","0","8"
"2010-03-31 06:26","ToStringTest.java","87872","0","8"
"2019-08-17 17:13","OSMXBean.java","256464","-12",""
"2019-10-10 14:37","ZKTrustManager.java","116649","-53",""
"2011-09-01 19:15","MBeanRegistry.java","101040","-1","11"
"2019-08-27 09:23","ZNodeNameTest.java","266263","19",""
"2009-07-17 00:09","InvalidSnapshotTest.java","60997","0","5"
"2009-04-17 20:11","InvalidSnapshotTest.java","52147","0","4"
"2010-03-04 00:07","InvalidSnapshotTest.java","83010","0","7"
"2011-09-17 02:13","StaticHostProviderTest.java","18182","0","11"
"2012-01-16 03:19","StaticHostProviderTest.java","21571","-16","15"
"2019-11-22 23:42","ZKClientConfig.java","261962","0",""
"2012-11-17 15:03","StaticHostProviderTest.java","31872","-16","19"
"2013-10-09 22:21","QuorumUtil.java","270001","3",""
"2010-08-18 08:24","InvalidSnapshotTest.java","110826","0","9"
"2010-03-31 06:26","InvalidSnapshotTest.java","90832","0","8"
"2017-09-11 18:55","ZooInspectorPanel.java","16474","0",""
"2017-09-11 18:55","JsonGenerator.java","99601","0",""
"2019-08-17 17:13","AsyncOps.java","257842","-10",""
"2014-07-19 06:39","Toolbar.java","49589","0",""
"2019-09-18 11:20","TimeTest.java","259016","8",""
"2019-10-10 14:37","SaslClientCallbackHandler.java","258833","-8",""
"2019-08-17 17:13","BitMapTest.java","174218","0",""
"2019-12-27 22:33","FollowerZooKeeperServer.java","266841","5",""
"2009-10-31 00:09","ClientHammerTest.java","3588","0","6"
"2009-01-16 00:48","LearnerHandler.java","39341","-5","2"
"2009-02-20 01:23","LearnerHandler.java","53712","-17","3"
"2011-04-12 09:14","NumEvents.java","14937","0","11"
"2009-11-18 20:06","LearnerHandler.java","107834","-24","6"
"2017-09-11 18:55","FatJarMain.java","166558","0",""
"2010-03-11 15:05","LearnerHandler.java","121407","7","7"
"2009-06-15 22:52","LearnerHandler.java","92998","-8","4"
"2009-08-25 07:45","LearnerHandler.java","95557","7","5"
"2010-11-04 17:01","LearnerHandler.java","172433","16","9"
"2019-08-17 17:13","TxnLogProposalIterator.java","266401","3",""
"2019-08-17 17:13","KeyAuthClientTest.java","259045","-17",""
"2019-04-22 19:15","LearnerHandler.java","261595","0",""
"2019-08-17 17:13","TestHammer.java","256104","0",""
"2011-04-12 09:14","ProviderRegistry.java","121343","0","11"
"2019-08-17 17:13","FileKeyStoreLoader.java","68806","0",""
"2019-08-17 17:13","ClientCnxnLimitException.java","53344","0",""
"2010-01-25 04:28","AsyncOps.java","111102","-11","7"
"2009-10-31 00:09","AsyncOps.java","98446","-11","6"
"2019-08-17 17:13","FLETestUtils.java","256464","-16",""
"2019-08-17 17:13","SaslClientTest.java","256369","-7",""
"2010-08-18 08:24","FollowerZooKeeperServer.java","152416","4","9"
"2008-12-22 23:23","AsyncOps.java","36054","38","2"
"2009-05-20 22:16","FollowerZooKeeperServer.java","91357","1","4"
"2019-08-17 17:13","SaslAuthDesignatedClientTest.java","256650","26",""
"2019-10-10 14:37","ClientHammerTest.java","261237","0",""
"2010-07-05 21:57","JsonGenerator.java","479","0","9"
"2020-05-05 21:20","ObserverMasterTest.java","89888","-4",""
"2009-12-18 03:19","FollowerZooKeeperServer.java","118843","16","7"
"2009-10-30 17:19","FollowerZooKeeperServer.java","108611","6","6"
"2010-03-31 06:26","AsyncOps.java","121721","-10","8"
"2009-01-15 23:57","FollowerZooKeeperServer.java","62154","2","2"
"2019-08-17 17:13","BufferStats.java","254847","0",""
"2010-03-31 06:26","SessionTest.java","122885","24","8"
"2010-08-05 09:09","SessionTest.java","172858","24","9"
"2010-03-31 06:26","SerializationPerfTest.java","122885","-23","8"
"2011-08-19 00:05","Watcher.java","107608","0","11"
"2015-07-10 08:19","FourLetterWordsTest.java","260940","-1",""
"2017-09-11 18:55","MeasureThroughput.java","99601","20",""
"2019-10-10 14:37","ClientPortBindTest.java","260768","0",""
"2009-01-15 23:57","SessionTest.java","40206","38","2"
"2018-12-15 07:34","FourLetterWordMain.java","256656","-11",""
"2019-08-17 17:13","QuorumUtilTest.java","256154","0",""
"2011-09-17 02:13","SledgeHammer.java","108227","32","11"
"2019-07-29 17:15","TestReader.java","38161","0",""
"2009-09-16 02:09","SessionTest.java","96902","5","6"
"2010-03-12 19:26","SessionTest.java","122258","24","7"
"2009-09-16 02:09","SerializationPerfTest.java","96902","0","6"
"2015-07-07 07:11","VerifyingFileFactoryTest.java","256742","-5",""
"2009-06-30 03:32","SessionTest.java","93763","38","4"
"2009-07-17 00:09","SerializationPerfTest.java","94241","0","5"
"2009-08-07 01:23","SessionTest.java","95101","42","5"
"2012-02-06 09:40","FileTxnSnapLog.java","127029","-22","15"
"2019-04-12 19:01","WatcherCleaner.java","178973","-20",""
"2012-03-06 09:20","FileTxnSnapLog.java","127521","15","16"
"2012-07-17 23:25","FileTxnSnapLog.java","130983","-22","17"
"2019-01-31 15:55","GetCommand.java","256502","0",""
"2011-04-12 09:14","FileTxnSnapLog.java","124302","23","11"
"2011-12-21 21:39","FileTxnSnapLog.java","126147","27","14"
"2019-08-17 17:13","Login.java","264314","4",""
"2018-10-16 16:22","QuorumPeerMainTest.java","268068","-1",""
"2019-08-17 17:13","EnsembleAuthenticationProvider.java","50898","23",""
"2020-01-22 11:08","KerberosTestUtils.java","265294","3",""
"2019-09-18 16:03","X509UtilTest.java","115497","-33",""
"2011-04-12 09:14","SyncRequestProcessor.java","134347","6","11"
"2019-08-17 17:13","TraceMaskCommand.java","255967","0",""
"2019-11-29 14:49","ReadOnlyZooKeeperServer.java","264561","-16",""
"2010-03-31 06:26","QuorumPeerMainTest.java","77194","-33","8"
"2010-05-21 18:22","QuorumPeerMainTest.java","78226","-33","9"
"2017-07-28 00:36","AsyncCallback.java","257879","-12",""
"2015-05-14 18:40","NioNettySuiteBase.java","256985","3",""
"2009-11-18 20:06","QuorumPeerMainTest.java","57706","-24","6"
"2010-03-04 23:55","QuorumPeerMainTest.java","69214","-29","7"
"2019-08-17 17:13","ZooKeeperServerListener.java","256089","0",""
"2009-04-17 00:59","QuorumPeerMainTest.java","967","0","4"
"2009-07-17 00:09","QuorumPeerMainTest.java","43848","-14","5"
"2019-08-17 17:13","CommandBase.java","256151","8",""
"2010-01-26 01:17","FourLetterWordsTest.java","31519","11","7"
"2019-07-31 19:06","ServerMetrics.java","191634","2",""
"2019-08-17 17:13","ZooKeeperServerListenerImpl.java","255887","0",""
"2012-03-18 07:03","ZooKeeperMain.java","139193","14","16"
"2019-12-28 16:17","SessionTest.java","266748","-24",""
"2012-11-17 15:03","HostProvider.java","31872","0","19"
"2019-10-10 14:37","SerializationPerfTest.java","261595","-23",""
"2016-08-24 01:36","ReconfigBackupTest.java","256146","6",""
"2011-09-29 09:40","SaslServerCallbackHandler.java","4053","0","11"
"2012-08-28 21:51","SaslServerCallbackHandler.java","16052","0","18"
"2011-05-16 19:39","ZooKeeperMain.java","135641","8","11"
"2019-10-10 14:37","LocalSessionsOnlyTest.java","260120","3",""
"2010-07-05 20:20","FourLetterWordsTest.java","46865","9","9"
"2010-03-31 06:26","ClientPortBindTest.java","3968","0","8"
"2010-08-18 08:24","ClientPortBindTest.java","28289","19","9"
"2020-05-05 21:20","Request.java","271979","-14",""
"2019-11-14 03:54","LocalPeerMXBean.java","265715","11",""
"2010-03-31 06:26","QuorumQuotaTest.java","79617","0","8"
"2010-01-25 04:28","LeaderBean.java","76980","0","7"
"2011-04-12 09:14","FileSnap.java","122033","-8","11"
"2019-08-17 17:13","FLENewEpochTest.java","261369","0",""
"2019-11-14 03:54","NIOServerCnxnFactory.java","264994","-7",""
"2009-07-31 21:07","QuorumQuotaTest.java","45819","0","5"
"2009-11-18 20:06","AsyncHammerTest.java","12927","-37","6"
"2019-05-08 21:54","MiniKdc.java","258833","-1",""
"2019-08-17 17:13","MultiOperationTest.java","259816","1",""
"2019-10-10 14:37","AtomicFileOutputStream.java","260217","11",""
"2010-11-17 15:59","QuorumCnxManager.java","173680","-10","10"
"2019-07-02 07:34","Observer.java","266804","7",""
"2019-10-10 14:37","ZooKeeperServerStartupTest.java","259029","1",""
"2019-10-10 14:37","JettyAdminServer.java","271354","0",""
"2010-08-17 09:24","WadlTest.java","73013","0","9"
"2019-08-17 17:13","PathTrieTest.java","23431","0",""
"2019-08-17 17:13","MetricsUtils.java","47813","0",""
"2010-08-17 09:24","ZooKeeperService.java","73013","0","9"
"2010-03-31 06:26","StatTest.java","108419","0","8"
"2010-05-05 22:32","AsyncHammerTest.java","40121","-37","8"
"2019-08-17 17:13","NonRecoverableErrorTest.java","255887","0",""
"2010-03-31 06:26","ChrootAsyncTest.java","42660","0","8"
"2015-07-07 07:11","WadlTest.java","129600","0",""
"2011-11-14 20:18","PrepRequestProcessor.java","138970","9","11"
"2019-01-30 16:43","Metric.java","174230","11",""
"2012-04-14 02:32","PrepRequestProcessor.java","138801","21","17"
"2012-02-06 10:39","PrepRequestProcessor.java","137109","1","15"
"2019-08-17 17:13","AsyncHammerTest.java","261237","-12",""
"2019-08-17 17:13","StatTest.java","257710","0",""
"2012-03-15 17:47","PrepRequestProcessor.java","138331","-6","16"
"2019-08-17 17:13","ChrootAsyncTest.java","261253","0",""
"2011-12-28 01:26","QuorumCnxManager.java","136260","21","14"
"2019-08-17 17:13","InvalidSnapCountTest.java","256367","37",""
"2011-04-12 09:14","QuorumCnxManager.java","175322","0","11"
"2012-06-29 22:08","QuorumCnxManager.java","139621","-24","17"
"2016-08-05 23:05","CommandNotFoundException.java","255887","-2",""
"2010-01-25 04:28","Observer.java","6269","0","7"
"2010-03-31 06:26","FLENewEpochTest.java","77672","0","8"
"2011-04-12 09:14","ACLTest.java","113849","-23","11"
"2016-12-20 14:47","LeaderBean.java","257706","1",""
"2010-01-25 04:28","Request.java","111851","15","7"
"2010-03-12 19:26","LocalPeerMXBean.java","87093","0","7"
"2009-12-11 21:24","Request.java","107960","22","6"
"2019-05-08 21:54","MetricsProviderBootstrap.java","174233","22",""
"2019-01-31 15:55","RemoveWatchesCommand.java","256271","26",""
"2009-06-26 22:29","Request.java","92998","-16","4"
"2011-06-14 07:14","QuorumPeerTestBase.java","48248","0","11"
"2019-08-17 17:13","QuorumQuotaTest.java","257687","0",""
"2009-07-17 00:09","FLENewEpochTest.java","43357","0","5"
"2009-06-18 18:37","FLENewEpochTest.java","33396","0","4"
"2012-07-17 23:25","QuorumPeerTestBase.java","67045","7","17"
"2010-03-13 01:06","FLENewEpochTest.java","76545","0","7"
"2019-08-17 17:13","PemReaderTest.java","68806","0",""
"2014-06-27 23:47","StaticHostProvider.java","256985","0",""
"2019-08-17 17:13","X509Exception.java","256083","0",""
"2010-07-05 20:20","DataTree.java","133333","6","9"
"2020-01-28 17:26","LearnerTest.java","268642","2",""
"2018-07-27 05:16","ClientCnxn.java","272109","-18",""
"2019-08-17 17:13","BitHashSetTest.java","174218","0",""
"2019-08-17 17:13","MultiAsyncTransactionTest.java","256366","0",""
"2019-10-10 14:37","MessageTracker.java","6813","0",""
"2009-06-18 18:37","DataTree.java","85198","2","4"
"2009-11-07 08:16","TxnLog.java","87520","2","6"
"2010-01-26 01:17","DataTree.java","112286","-14","7"
"2009-11-12 23:48","DataTree.java","105066","2","6"
"2009-02-20 01:23","TxnLog.java","41172","0","3"
"2019-08-17 17:13","StandaloneDisabledTest.java","260045","-8",""
"2009-02-03 06:23","DataTree.java","52690","22","2"
"2019-06-20 20:25","ToStringOutputArchive.java","255310","10",""
"2011-04-12 09:14","CRCTest.java","110187","-39","11"
"2011-04-12 09:14","FilterParser.java","14937","0","11"
"2019-08-17 17:13","WatchedEventTest.java","257500","0",""
"2019-08-17 17:13","ZooKeeperThreadTest.java","256291","0",""
"2009-07-17 00:09","ZooKeeperServerTest.java","81259","0","5"
"2019-08-17 17:13","SaslTestUtil.java","29313","0",""
"2019-08-17 17:13","SimpleCounter.java","174230","15",""
"2010-03-12 19:26","LocalPeerBean.java","87093","0","7"
"2015-07-07 07:11","GetChildrenTest.java","129600","-5",""
"2010-08-18 08:24","LocalPeerBean.java","108101","40","9"
"2010-03-31 06:26","ZooKeeperServerTest.java","110392","-19","8"
"2019-08-17 17:13","Emulate353TTLTest.java","254922","-16",""
"2018-06-26 11:18","LocalPeerBean.java","265715","2",""
"2010-04-22 07:42","GetChildrenTest.java","55038","0","8"
"2010-08-17 09:24","GetChildrenTest.java","73013","-5","9"
"2009-05-22 21:06","ToStringOutputArchive.java","67719","0","4"
"2019-08-17 17:13","EnsembleAuthTest.java","50898","0",""
"2019-08-17 17:13","SaslAuthTest.java","255250","14",""
"2019-08-17 17:13","ZooKeeperServerTest.java","257710","-19",""
"2019-08-17 17:13","IsroCommand.java","255967","5",""
"2010-03-31 06:26","WatchedEventTest.java","40968","0","8"
"2011-10-25 08:09","RepeatStartupTest.java","110913","1","11"
"2019-08-17 17:13","GetEphemeralsCommand.java","54043","0",""
"2009-11-07 01:48","ClientCnxn.java","100252","11","6"
"2010-01-26 03:22","ClientCnxn.java","115451","-18","7"
"2009-06-25 00:59","ClientCnxn.java","93060","34","4"
"2009-07-17 00:09","ClientCnxn.java","94241","21","5"
"2009-01-28 01:15","ClientCnxn.java","40206","-35","2"
"2008-11-19 11:20","ClientCnxn.java","35600","34","1"
"2011-04-29 18:12","FLETest.java","125533","-19","11"
"2011-12-23 20:46","FLETest.java","126001","-19","14"
"2019-11-11 13:59","AuthenticationProvider.java","265116","0",""
"2019-08-09 16:15","DataTree.java","266841","-4",""
"2012-04-23 01:20","FLETest.java","129378","-19","17"
"2010-08-05 09:09","ClientCnxn.java","174039","-16","9"
"2015-03-08 23:07","UpgradeableSessionTracker.java","260120","4",""
"2019-04-12 19:06","TxnLog.java","266841","3",""
"2010-11-10 23:36","NettyServerCnxnFactory.java","32249","0","9"
"2019-08-17 17:13","UnifiedServerSocketTest.java","111485","1",""
"2018-09-11 15:23","ZooKeeperServerMain.java","265260","24",""
"2020-05-17 15:13","ClientCnxnSocketFragilityTest.java","8483","0",""
"2009-12-03 03:12","CommitProcessor.java","107878","63","6"
"2019-08-17 17:13","RemotePeerBeanTest.java","255925","-20",""
"2019-08-17 17:13","ClientSSLTest.java","111485","11",""
"2019-08-17 17:13","WatchesSummary.java","256151","26",""
"2009-02-20 01:23","CommitProcessor.java","53712","36","3"
"2009-01-16 00:48","CommitProcessor.java","39341","36","2"
"2019-08-17 17:13","ServerConfigTest.java","255276","4",""
"2010-03-19 18:29","InstanceManager.java","81607","0","7"
"2019-10-10 14:37","PurgeTxnTest.java","269335","18",""
"2010-08-18 08:24","CommitProcessor.java","142314","-16","9"
"2019-05-08 21:54","WatcherOrBitSetTest.java","174218","-16",""
"2019-08-17 17:13","RequestPathMetricsCollectorTest.java","24863","0",""
"2011-04-12 09:14","AsyncTest.java","134347","0","11"
"2019-08-17 17:13","FLEZeroWeightTest.java","261252","4",""
"2019-08-17 17:13","SaslQuorumServerCallbackHandler.java","255079","0",""
"2011-08-21 02:53","ZooKeeperServer.java","136783","-19","11"
"2020-05-04 14:17","FileChangeWatcherTest.java","86329","7",""
"2011-12-28 07:07","ZooKeeperServer.java","137121","11","14"
"2019-08-17 17:13","FilePadding.java","258764","14",""
"2012-02-11 00:34","ZooKeeperServer.java","138094","17","15"
"2012-03-15 17:47","ZooKeeperServer.java","139135","19","16"
"2019-08-17 17:13","MiniKdcTest.java","255079","0",""
"2010-03-13 01:06","FLEZeroWeightTest.java","38562","27","7"
"2018-06-26 11:18","RemotePeerBean.java","264719","0",""
"2009-08-11 23:09","FLEZeroWeightTest.java","1632","0","5"
"2019-08-17 17:13","AvgMinMaxPercentileCounterTest.java","52485","0",""
"2011-10-20 20:02","LeaderZooKeeperServer.java","134435","17","11"
"2010-03-31 06:26","FLEZeroWeightTest.java","40235","0","8"
"2019-08-17 17:13","QuorumAuthServer.java","255079","0",""
"2012-01-31 07:45","LeaderZooKeeperServer.java","136662","-5","15"
"2019-08-27 09:23","DistributedQueue.java","260940","2",""
"2012-03-17 01:31","Op.java","17466","0","16"
"2009-01-15 23:57","ZooKeeperServerMain.java","40656","8","2"
"2012-04-23 01:20","QuorumBase.java","108480","24","17"
"2008-11-18 18:22","ZooKeeperServerMain.java","36151","-87","1"
"2019-07-29 17:15","JString.java","254590","0",""
"2020-03-25 03:38","CommitProcessor.java","270948","10",""
"2019-12-27 22:33","NodeHashMapImpl.java","42830","10",""
"2019-08-17 17:13","IntegrityCheck.java","261253","0",""
"2009-04-07 00:19","ZooKeeperServerMain.java","84122","8","4"
"2011-05-20 01:17","QuorumBase.java","95150","-25","11"
"2019-08-17 17:13","AclParser.java","256502","0",""
"2019-11-23 17:08","NettyServerCnxnFactory.java","268712","6",""
"2010-08-18 08:24","ZooKeeperServerMain.java","143198","3","9"
"2019-08-17 17:13","InstanceManager.java","257689","0",""
"2019-08-17 17:13","JKSFileLoaderTest.java","68806","0",""
"2010-01-21 22:44","CGenerator.java","36687","0","7"
"2015-03-08 23:07","SessionTrackerCheckTest.java","256367","-21",""
"2019-08-17 17:13","ConnectionMXBean.java","257706","0",""
"2019-10-10 14:37","SaslAuthMissingClientConfigTest.java","260403","0",""
"2010-08-17 09:24","RestMain.java","73013","0","9"
"2012-08-28 21:51","ZooKeeperSaslServer.java","16052","0","18"
"2010-04-22 07:42","RuntimeExceptionMapper.java","55038","0","8"
"2019-07-29 17:15","JavaGenerator.java","255100","-5",""
"2013-10-09 22:21","FinalRequestProcessor.java","270950","24",""
"2018-08-06 14:11","GenerateLoad.java","257687","0",""
"2012-03-15 18:01","TestableZooKeeper.java","116065","-17","16"
"2009-06-26 22:29","FinalRequestProcessor.java","92998","17","4"
"2009-11-12 20:53","FinalRequestProcessor.java","100397","4","6"
"2010-03-19 07:46","FinalRequestProcessor.java","122247","26","7"
"2009-02-20 01:23","GenerateLoad.java","3037","0","3"
"2008-12-22 23:23","FinalRequestProcessor.java","39341","-6","2"
"2019-08-06 01:49","CommitProcessorMetricsTest.java","46141","-12",""
"2019-08-17 17:13","DigestLoginModule.java","256904","0",""
"2010-08-18 08:24","FinalRequestProcessor.java","142314","0","9"
"2019-08-17 17:13","DatadirCleanupManagerTest.java","256765","0",""
"2019-08-17 17:13","DumpCommand.java","255967","0",""
"2019-07-29 17:15","CGenerator.java","255100","0",""
"2016-05-02 18:15","ServerCnxnFactory.java","264994","6",""
"2019-09-18 11:20","RemoveWatchesCmdTest.java","259183","6",""
"2019-08-17 17:13","LearnerSyncThrottler.java","28807","0",""
"2019-06-04 10:55","CommandsTest.java","264194","-16",""
"2020-05-17 15:13","ClientRequestTimeoutTest.java","270141","3",""
"2019-10-10 14:37","ServerCnxnTest.java","260166","11",""
"2009-11-12 20:53","ConnectionMXBean.java","65238","0","6"
"2018-12-06 10:56","Vote.java","257710","15",""
"2019-08-17 17:13","AbstractFourLetterCommand.java","255967","0",""
"2010-03-31 06:26","ZooKeeperQuotaTest.java","79617","13","8"
"2017-09-11 18:55","Throughput.java","99601","0",""
"2019-06-03 19:40","PortForwarder.java","260217","3",""
"2010-03-12 23:36","ZKDatabase.java","22628","-26","7"
"2019-07-29 17:15","Utils.java","255302","-30",""
"2009-07-31 21:07","ZooKeeperQuotaTest.java","45819","0","5"
"2019-10-10 14:37","NettyUtils.java","73487","0",""
"2010-07-27 00:44","ZKDatabase.java","41189","9","9"
"2010-07-05 21:50","FastLeaderElection.java","133740","-13","9"
"2010-03-31 06:26","QuorumHammerTest.java","38033","0","8"
"2019-01-31 15:55","ListQuotaCommand.java","256502","0",""
"2008-12-12 21:21","FastLeaderElection.java","36706","-1","2"
"2019-08-17 17:13","SyncedLearnerTracker.java","256154","0",""
"2010-04-22 07:42","SetTest.java","55038","0","8"
"2010-08-17 09:24","SetTest.java","73013","0","9"
"2009-06-30 22:47","FastLeaderElection.java","93847","-3","4"
"2011-07-25 23:31","WatchManager.java","102777","-7","11"
"2009-08-11 23:09","FastLeaderElection.java","95769","-16","5"
"2019-08-17 17:13","ZooKeeperCriticalThreadMetricsTest.java","49832","0",""
"2009-12-15 23:23","FastLeaderElection.java","122157","-16","7"
"2009-11-18 20:06","QuorumHammerTest.java","12927","0","6"
"2015-07-07 07:11","SetTest.java","129600","0",""
"2019-08-17 17:13","CliWrapperException.java","255887","11",""
"2019-08-17 17:13","ZooKeeperTest.java","257012","-19",""
"2019-08-17 17:13","FastLeaderElection.java","271537","-3",""
"2019-08-17 17:13","QuorumHammerTest.java","257484","0",""
"2019-09-10 00:27","ZKDatabase.java","266740","20",""
"2012-03-06 09:20","QuorumPeerMain.java","138331","5","16"
"2019-08-17 17:13","TestByteBufAllocator.java","67761","0",""
"2012-04-23 01:20","QuorumPeerMain.java","140375","12","17"
"2011-04-12 09:14","QuorumPeerMain.java","135930","8","11"
"2019-07-17 13:42","ZooKeeperQuotaTest.java","257687","0",""
"2019-11-18 09:05","MockServerCnxn.java","260679","58",""
"2017-09-11 18:55","QuorumRequestPipelineTest.java","256150","-5",""
"2010-03-13 01:06","HierarchicalQuorumTest.java","66980","0","7"
"2019-07-29 17:15","JFloat.java","254590","0",""
"2009-09-16 02:09","HierarchicalQuorumTest.java","48346","0","6"
"2019-07-29 17:15","JType.java","254590","0",""
"2009-08-11 23:09","HierarchicalQuorumTest.java","34986","0","5"
"2019-12-27 22:33","QuorumBean.java","266840","9",""
"2011-11-14 20:18","LearnerSessionTracker.java","73216","5","11"
"2009-06-18 18:37","HierarchicalQuorumTest.java","22640","0","4"
"2011-04-12 09:14","QuorumMaj.java","83159","0","11"
"2010-05-05 22:32","HierarchicalQuorumTest.java","68135","-2","8"
"2019-11-29 14:49","ReconfigExceptionTest.java","263453","2",""
"2012-04-23 01:20","QuorumMaj.java","97889","1","17"
"2009-07-17 00:09","ChrootClientTest.java","2463","0","5"
"2009-09-16 02:09","ChrootClientTest.java","6174","28","6"
"2011-07-29 10:14","ZkDatabaseCorruptionTest.java","51380","13","11"
"2013-12-17 17:55","CreateMode.java","256932","28",""
"2019-07-25 21:41","ObserverMaster.java","77796","-9",""
"2011-12-21 21:39","LoadFromLogTest.java","20820","-53","14"
"2011-07-28 07:49","LoadFromLogTest.java","12086","-54","11"
"2019-08-17 17:13","ZookeeperBanner.java","50498","0",""
"2009-10-30 17:19","LearnerSyncRequest.java","85287","0","6"
"2010-03-31 06:26","ChrootClientTest.java","42660","3","8"
"2019-04-12 12:29","DataTreeTest.java","266740","-5",""
"2011-08-11 08:00","ServerCnxn.java","105575","22","11"
"2012-03-06 09:20","LoadFromLogTest.java","22668","-22","16"
"2012-09-03 07:56","Environment.java","118889","-15","18"
"2019-10-10 14:37","ChrootClientTest.java","261253","0",""
"2011-04-12 09:14","Environment.java","103630","0","11"
"2019-08-17 17:13","ReadOnlyBean.java","256910","0",""
"2019-08-17 17:13","LearnerSyncRequest.java","257710","-15",""
"2019-12-28 16:17","FollowerResyncConcurrencyTest.java","266630","-14",""
"2019-11-29 14:49","ObserverBean.java","264683","13",""
"2011-04-12 09:14","RootTest.java","27319","1","11"
"2019-08-17 17:13","MockNIOServerCnxn.java","256360","0",""
"2017-05-11 16:59","HierarchicalQuorumTest.java","261311","-2",""
"2011-09-17 02:36","LearnerHandler.java","135955","16","11"
"2012-07-29 07:02","LearnerHandler.java","140989","-7","17"
"2019-08-05 15:29","PrometheusMetricsProviderTest.java","19464","0",""
"2019-08-17 17:13","StatsTrack.java","257687","0",""
"2012-02-06 09:40","LearnerHandler.java","137061","19","15"
"2019-08-17 17:13","StandaloneTest.java","256271","0",""
"2019-10-10 14:37","ProviderRegistry.java","261463","-14",""
"2017-09-11 18:55","CppGenerator.java","255100","11",""
"2019-04-12 19:01","AvgMinMaxCounterSet.java","69193","2",""
"2019-08-17 17:13","AdHash.java","42830","0",""
"2019-08-17 17:13","SnapShot.java","257710","0",""
"2012-09-28 18:32","SaslAuthDesignatedClientTest.java","8176","0","19"
"2019-08-17 17:13","IOUtils.java","256464","0",""
"2011-04-12 09:14","ClientHammerTest.java","56963","100","11"
"2019-08-17 17:13","Summary.java","212928","0",""
"2019-12-28 16:17","CloseSessionTxnTest.java","15801","0",""
"2019-08-17 17:13","DigestWatcher.java","25455","0",""
"2019-02-13 13:12","ZooKeeperServerBeanTest.java","255916","-19",""
"2019-08-17 17:13","WatcherOrBitSet.java","174218","0",""
"2011-04-12 09:14","FollowerZooKeeperServer.java","144477","4","11"
"2019-08-17 17:13","WorkerService.java","256464","-9",""
"2014-11-29 16:53","NumEvents.java","82724","-1",""
"2019-08-17 17:13","SetTraceMaskCommand.java","255967","0",""
"2020-03-26 22:19","ZooKeeperAdmin.java","269755","17",""
"2019-08-17 17:13","ConfCommand.java","255967","68",""
"2010-03-12 23:36","SnapShot.java","109693","0","7"
"2019-08-17 17:13","MetricsProvider.java","212928","-53",""
"2019-08-17 17:13","BitHashSet.java","174218","6",""
"2011-01-22 20:38","LearnerHandler.java","174897","20","10"
"2010-01-21 22:44","CppGenerator.java","36687","0","7"
"2020-02-16 10:25","QuorumPeerMainMultiAddressTest.java","8112","0",""
"2020-03-25 03:38","SyncRequestProcessor.java","270948","19",""
"2019-08-17 17:13","CreateCommand.java","256502","-11",""
"2009-06-18 18:37","FileTxnSnapLog.java","72814","-5","4"
"2020-03-01 06:42","ManagedUtil.java","269545","0",""
"2019-11-11 13:59","ZKUtil.java","270022","4",""
"2009-11-07 08:16","FileTxnSnapLog.java","87520","7","6"
"2019-09-11 10:27","FuzzySnapshotRelatedTest.java","186102","-26",""
"2011-08-30 08:37","ReadOnlyZooKeeperServer.java","13112","0","11"
"2019-07-29 17:15","JCompType.java","254590","0",""
"2010-03-12 23:36","FileTxnSnapLog.java","109693","-17","7"
"2009-01-31 02:18","FileTxnSnapLog.java","37514","7","2"
"2009-02-20 01:23","FileTxnSnapLog.java","41172","4","3"
"2019-08-17 17:13","GetAllChildrenNumberCommand.java","51869","0",""
"2019-08-17 17:13","WatchesPathReport.java","256151","43",""
"2018-12-09 03:16","FollowerBean.java","257706","-18",""
"2017-01-05 22:32","ZooKeeperServerMainTest.java","257596","-28",""
"2019-08-17 17:13","JaasConfiguration.java","256464","0",""
"2018-07-16 05:45","HostProvider.java","256985","20",""
"2019-08-17 17:13","QuorumAuthUpgradeTest.java","267491","-16",""
"2011-04-12 09:14","SessionTest.java","134871","24","11"
"2011-06-23 18:01","SerializationPerfTest.java","136517","-23","11"
"2016-10-17 10:27","SaslServerCallbackHandler.java","260657","4",""
"2019-08-17 17:13","ByteBufferInputStream.java","256761","3",""
"2010-01-25 04:35","SledgeHammer.java","76983","0","7"
"2018-08-06 14:11","ZooKeeperMain.java","271275","19",""
"2012-02-11 00:34","FourLetterWordsTest.java","68335","12","15"
"2014-01-24 07:18","Watcher.java","263320","0",""
"2010-11-10 23:36","ZooKeeperMain.java","174494","19","9"
"2019-08-17 17:13","ReconfigRecoveryTest.java","256406","25",""
"2011-08-11 08:00","FourLetterWordsTest.java","59555","9","11"
"2011-04-12 09:14","MeasureThroughput.java","14937","0","11"
"2019-08-17 17:13","BitMap.java","174218","-2",""
"2009-07-31 22:32","ZooKeeperMain.java","94954","18","5"
"2009-05-08 00:34","ZooKeeperMain.java","85368","18","4"
"2019-08-17 17:13","SledgeHammer.java","257706","-21",""
"2019-08-17 17:13","TxnLogToolkitTest.java","255010","15",""
"2009-02-03 06:23","ZooKeeperMain.java","54088","0","2"
"2019-08-17 17:13","JvmPauseMonitor.java","47204","0",""
"2009-01-16 00:48","SyncRequestProcessor.java","40033","1","2"
"2009-02-20 01:23","SyncRequestProcessor.java","54394","1","3"
"2009-01-15 23:57","ManagedUtil.java","2775","0","2"
"2019-08-17 17:13","FileTxnSnapLog.java","268637","23",""
"2009-06-18 18:37","SyncRequestProcessor.java","85872","3","4"
"2019-12-27 22:33","AdHashTest.java","42830","-31",""
"2011-04-12 09:14","Log4JEntry.java","14937","0","11"
"2009-11-07 08:16","SyncRequestProcessor.java","100274","3","6"
"2010-03-14 05:01","SyncRequestProcessor.java","122286","0","7"
"2011-10-24 08:44","Login.java","4979","0","11"
"2010-03-31 06:26","ZooKeeperServerMainTest.java","77194","0","8"
"2010-08-18 08:24","SyncRequestProcessor.java","142742","6","9"
"2011-06-14 07:14","QuorumPeerMainTest.java","101022","-12","11"
"2019-11-11 13:59","GetAclCommand.java","263940","-16",""
"2012-04-23 01:20","QuorumPeerMainTest.java","106618","0","17"
"2020-05-21 14:13","ZKHostnameVerifier.java","134640","-8",""
"2019-08-17 17:13","ClientWatchManager.java","256904","0",""
"2019-08-17 17:13","SaslAuthRequiredFailWrongSASLTest.java","29313","0",""
"2019-08-17 17:13","ByteBufferInputStreamTest.java","256155","0",""
"2012-09-28 18:32","Login.java","16624","1","19"
"2011-04-12 09:14","WadlTest.java","72010","6","11"
"2019-08-17 17:13","FLEOutOfElectionTest.java","65934","0",""
"2012-12-19 19:16","PrepRequestProcessor.java","270948","-4",""
"2019-08-17 17:13","TestByteBufAllocatorTestHelper.java","67761","0",""
"2019-08-17 17:13","ClientSkipACLTest.java","256147","0",""
"2011-04-12 09:14","ZooKeeperService.java","72010","13","11"
"2019-08-17 17:13","FileTxnSnapLogTest.java","265557","0",""
"2011-04-12 09:14","AsyncHammerTest.java","56963","-37","11"
"2011-04-12 09:14","ChrootAsyncTest.java","61368","24","11"
"2011-02-07 20:26","Observer.java","83054","-17","10"
"2019-08-17 17:13","QuorumAuthLearner.java","255079","0",""
"2018-07-27 12:32","QuorumCnxManager.java","270277","2",""
"2010-03-12 23:36","FileSnap.java","109693","-14","7"
"2012-02-27 03:41","LeaderBean.java","111383","0","16"
"2009-04-17 20:11","FileSnap.java","43493","-11","4"
"2019-08-17 17:13","ACLTest.java","261463","17",""
"2009-01-31 02:18","FileSnap.java","37514","-13","2"
"2019-12-28 16:17","CreateTTLTest.java","265999","36",""
"2019-08-17 17:13","ServerAuthenticationProvider.java","255292","0",""
"2018-10-12 10:25","QuorumPeerTestBase.java","266804","7",""
"2019-08-17 17:13","ZKTrustManagerTest.java","111485","0",""
"2010-03-31 06:26","QuorumPeerTestBase.java","27870","15","8"
"2016-12-22 23:23","DirsCommand.java","255966","-36",""
"2009-01-15 23:57","ACLTest.java","17404","0","2"
"2011-10-20 20:02","Request.java","138970","24","11"
"2020-01-28 17:26","FileSnap.java","268637","0",""
"2019-08-17 17:13","ReferenceCountedACLCacheTest.java","255887","-28",""
"2019-04-12 19:01","AvgMinMaxPercentileCounter.java","52485","-38",""
"2009-07-17 00:09","ACLTest.java","72686","-22","5"
"2009-06-25 22:41","ACLTest.java","71403","-22","4"
"2011-04-12 09:14","FLENewEpochTest.java","92545","0","11"
"2010-08-18 08:24","ACLTest.java","122004","-23","9"
"2019-08-17 17:13","Command.java","256151","-27",""
"2010-03-31 06:26","ACLTest.java","102015","-23","8"
"2012-08-28 21:51","NIOServerCnxnFactory.java","31889","-1","18"
"2011-04-12 09:14","NIOServerCnxnFactory.java","17925","9","11"
"2018-07-18 15:49","ServerStatsTest.java","254848","15",""
"2019-10-10 14:37","SessionUpgradeQuorumTest.java","216682","0",""
"2011-12-28 07:07","NIOServerCnxnFactory.java","24098","10","14"
"2010-03-13 01:06","QuorumPeerTestBase.java","24575","0","7"
"2009-01-31 00:01","PrepRequestProcessor.java","48388","-57","2"
"2009-02-20 01:23","PrepRequestProcessor.java","53712","12","3"
"2011-09-17 02:13","MultiOperationTest.java","11834","-17","11"
"2010-10-20 00:32","QuorumCnxManager.java","172240","4","9"
"2019-07-29 17:15","JLong.java","254590","0",""
"2009-11-07 01:48","PrepRequestProcessor.java","107960","14","6"
"2012-03-17 01:31","MultiOperationTest.java","17466","27","16"
"2010-01-25 04:28","PrepRequestProcessor.java","111851","-29","7"
"2012-02-06 11:13","MultiOperationTest.java","16020","-15","15"
"2009-06-18 18:37","PrepRequestProcessor.java","92998","-3","4"
"2019-08-17 17:13","WatchesPathReportTest.java","256151","0",""
"2011-10-20 20:02","Observer.java","58413","-21","11"
"2009-01-16 00:48","QuorumCnxManager.java","39341","-38","2"
"2010-08-18 08:24","PrepRequestProcessor.java","142314","-23","9"
"2010-01-21 04:08","QuorumCnxManager.java","111354","-24","7"
"2009-10-27 22:14","QuorumCnxManager.java","107501","15","6"
"2009-08-11 00:24","QuorumCnxManager.java","94607","15","5"
"2019-10-10 14:37","SessionUpgradeTest.java","260120","16",""
"2009-05-20 22:16","QuorumCnxManager.java","93319","22","4"
"2019-08-17 17:13","SyncRequestProcessorMetricTest.java","43507","0",""
"2019-08-17 17:13","SerializeUtilsTest.java","255075","-9",""
"2019-01-07 14:55","LeaderBeanTest.java","265525","24",""
"2019-10-10 14:37","SyncCallTest.java","261000","0",""
"2009-07-17 00:09","CRCTest.java","68909","9","5"
"2019-12-27 22:33","SnapshotFormatter.java","265554","-10",""
"2009-05-22 09:43","CRCTest.java","60263","9","4"
"2011-09-27 03:05","ZooKeeperServerTest.java","125956","-19","11"
"2010-08-18 08:24","CRCTest.java","118315","37","9"
"2010-03-31 06:26","CRCTest.java","98325","9","8"
"2019-08-17 17:13","RepeatStartupTest.java","257706","1",""
"2019-11-18 09:05","DumbWatcher.java","180358","1",""
"2019-12-27 22:33","QuorumMXBean.java","266840","-30",""
"2011-04-12 09:14","LogSkipList.java","14937","0","11"
"2019-08-17 17:13","MalformedCommandException.java","255887","2",""
"2019-10-10 14:37","FLETest.java","261463","0",""
"2012-02-06 10:39","DataTree.java","137109","-14","15"
"2010-11-30 21:16","ClientCnxn.java","174515","7","10"
"2011-07-01 00:53","DataTree.java","138970","-15","11"
"2019-08-17 17:13","ReconfigRollingRestartCompatibilityTest.java","255250","0",""
"2011-12-21 21:39","DataTree.java","136187","-14","14"
"2019-12-27 22:33","GetProposalFromTxnTest.java","266401","24",""
"2010-03-31 06:26","FLETest.java","110149","-20","8"
"2011-04-12 09:14","StaticHostProvider.java","2273","0","11"
"2012-09-09 20:24","ClientCnxn.java","142122","24","18"
"2012-01-31 07:45","LearnerTest.java","15088","3","15"
"2012-03-15 18:01","ClientCnxn.java","138840","14","16"
"2017-09-11 18:55","ReconfigTest.java","264150","14",""
"2011-09-17 02:13","LearnerTest.java","11018","2","11"
"2011-05-20 01:17","ClientCnxn.java","136532","-16","11"
"2012-11-17 15:03","StaticHostProvider.java","31872","0","19"
"2009-06-18 18:37","FLETest.java","72522","-19","4"
"2009-07-17 00:09","FLETest.java","80981","-19","5"
"2017-05-27 00:52","DeleteCommand.java","256502","-4",""
"2010-03-13 01:06","FLETest.java","109397","-20","7"
"2011-09-15 00:22","ToStringOutputArchive.java","125169","68","11"
"2019-10-10 14:37","CRCTest.java","261459","17",""
"2011-09-17 02:13","WatchedEventTest.java","71315","0","11"
"2010-08-18 08:24","RepeatStartupTest.java","110913","1","9"
"2010-03-31 06:26","RepeatStartupTest.java","90919","1","8"
"2009-02-03 06:23","RepeatStartupTest.java","18935","0","2"
"2011-04-12 09:14","GetChildrenTest.java","72010","-5","11"
"2010-03-31 06:26","SyncCallTest.java","34631","0","8"
"2009-07-17 00:09","RepeatStartupTest.java","61089","0","5"
"2010-08-18 08:24","ZooKeeperServer.java","143198","13","9"
"2009-02-03 06:23","AsyncTest.java","53372","0","2"
"2019-08-17 17:13","LearnerHandlerMetricsTest.java","45395","-29",""
"2010-03-31 06:26","AsyncTest.java","122885","-4","8"
"2013-10-09 22:21","LeaderZooKeeperServer.java","266841","-2",""
"2008-12-02 01:13","ZooKeeperServer.java","36745","25","1"
"2009-02-02 23:26","ZooKeeperServer.java","54903","-13","2"
"2009-02-27 20:00","ZooKeeperServer.java","55141","27","3"
"2019-08-17 17:13","Op.java","256904","-2",""
"2009-06-15 22:52","ZooKeeperServer.java","85456","-6","4"
"2009-08-07 01:23","ZooKeeperServer.java","95771","-13","5"
"2009-11-07 01:48","ZooKeeperServer.java","100830","-11","6"
"2011-04-12 09:14","DistributedQueue.java","48450","0","11"
"2010-03-12 19:26","ZooKeeperServer.java","122799","20","7"
"2019-08-17 17:13","NettyNettySuiteTest.java","256104","0",""
"2019-07-29 17:15","CSharpGenerator.java","254590","1",""
"2011-10-28 18:37","CommitProcessor.java","134707","-16","11"
"2011-04-12 09:14","IntegrityCheck.java","59741","0","11"
"2019-10-10 14:37","CommitProcessorConcurrencyTest.java","259907","-8",""
"2014-06-25 19:25","QuorumBase.java","270930","-24",""
"2019-08-17 17:13","IPAuthenticationProvider.java","257706","0",""
"2011-08-19 00:05","NettyServerCnxnFactory.java","17925","-7","11"
"2019-08-17 17:13","DefaultMetricsProvider.java","47813","62",""
"2011-04-12 09:14","InstanceManager.java","105170","1","11"
"2019-08-17 17:13","PathUtilsTest.java","256407","0",""
"2012-08-28 21:51","NettyServerCnxnFactory.java","31889","5","18"
"2009-09-16 02:09","QuorumBase.java","60911","5","6"
"2010-03-13 01:06","QuorumBase.java","78498","5","7"
"2011-04-12 09:14","ZooKeeperServerMain.java","134793","2","11"
"2009-06-18 18:37","QuorumBase.java","35900","2","4"
"2019-08-17 17:13","CustomHostProviderTest.java","259001","0",""
"2019-09-05 23:12","BlueThrottleTest.java","55466","6",""
"2009-07-17 00:09","QuorumBase.java","45773","3","5"
"2012-03-06 09:20","ZooKeeperServerMain.java","138331","3","16"
"2010-03-31 06:26","QuorumBase.java","79617","7","8"
"2010-08-18 08:24","QuorumBase.java","99673","7","9"
"2010-08-18 08:24","IPAuthenticationProvider.java","110256","0","9"
"2017-09-11 18:55","AsyncTest.java","257842","8",""
"2019-08-17 17:13","CnxnStatResetCommand.java","255967","-7",""
"2019-11-18 09:05","ResponseCacheTest.java","64796","65",""
"2011-04-12 09:14","FLEZeroWeightTest.java","59068","26","11"
"2012-04-23 01:20","FLEZeroWeightTest.java","77688","26","17"
"2019-04-12 19:01","Counter.java","212928","0",""
"2014-03-25 22:13","ZooKeeperServer.java","271701","22",""
"2019-10-10 14:37","BlueThrottle.java","59146","-14",""
"2009-02-02 23:26","LeaderZooKeeperServer.java","53505","14","2"
"2009-08-07 01:23","LeaderZooKeeperServer.java","94443","17","5"
"2009-05-20 22:16","LeaderZooKeeperServer.java","92998","15","4"
"2010-03-12 19:26","LeaderZooKeeperServer.java","121792","17","7"
"2019-08-17 17:13","JvmPauseMonitorTest.java","47204","0",""
"2010-11-10 23:36","TestableZooKeeper.java","143314","-17","9"
"2019-08-17 17:13","LearnerHandlerMXBean.java","63823","0",""
"2011-04-12 09:14","Fs.java","14937","0","11"
"2010-01-05 18:32","TestableZooKeeper.java","77893","-25","7"
"2019-08-17 17:13","ObserverMXBean.java","257187","20",""
"2008-11-24 21:48","TestableZooKeeper.java","73","0","1"
"2011-09-17 02:42","DatadirCleanupManagerTest.java","1943","0","11"
"2020-04-12 11:14","RequestThrottlerTest.java","62197","13",""
"2011-08-19 00:05","ServerCnxnFactory.java","17925","-2","11"
"2011-12-28 07:07","ServerCnxnFactory.java","24098","0","14"
"2012-02-11 00:34","ServerCnxnFactory.java","25381","2","15"
"2011-04-12 09:14","RestMain.java","72010","0","11"
"2012-08-28 21:51","ServerCnxnFactory.java","31889","2","18"
"2019-08-17 17:13","SnapshotInfo.java","44402","0",""
"2019-08-17 17:13","ExpiryQueue.java","256413","-17",""
"2019-08-17 17:13","BaseTestMetricsProvider.java","174233","-68",""
"2019-08-17 17:13","WatcherFuncTest.java","257842","0",""
"2015-05-10 23:29","ClientRetryTest.java","257500","0",""
"2019-08-17 17:13","NioNettySuiteTest.java","256985","0",""
"2019-08-17 17:13","ConnectStringParserTest.java","256985","-2",""
"2010-03-31 06:26","WatcherFuncTest.java","122885","-22","8"
"2010-03-31 06:26","ClientRetryTest.java","40968","0","8"
"2014-11-29 16:53","StaticContent.java","82724","0",""
"2019-08-17 17:13","StateSummary.java","256906","0",""
"2019-08-17 17:13","QuorumDigestAuthTest.java","267491","-20",""
"2019-08-17 17:13","CliCommand.java","256502","-20",""
"2009-04-17 00:59","WatcherFuncTest.java","56535","0","4"
"2009-07-17 00:09","WatcherFuncTest.java","94241","0","5"
"2019-08-17 17:13","PKCS12FileLoader.java","29979","0",""
"2011-10-28 18:59","FinalRequestProcessor.java","138970","15","11"
"2019-08-17 17:13","LeaderWithObserverTest.java","254922","0",""
"2017-11-28 00:10","ZooKeeperSaslServer.java","256904","12",""
"2011-04-12 09:14","GenerateLoad.java","95404","-26","11"
"2020-05-17 15:13","TestableZooKeeper.java","272108","-17",""
"2019-08-17 17:13","MalformedPathException.java","255250","0",""
"2012-03-17 01:39","ZooKeeperTest.java","47888","2","16"
"2011-04-12 09:14","SetTest.java","72010","0","11"
"2011-12-28 00:53","ZooKeeperTest.java","45121","5","14"
"2010-07-05 20:20","WatchManager.java","99034","22","9"
"2019-08-17 17:13","FourLetterCommands.java","255967","-26",""
"2011-10-27 18:11","ZooKeeperTest.java","42741","1","11"
"2011-06-14 07:14","FastLeaderElection.java","136244","1","11"
"2009-06-15 22:52","WatchManager.java","47649","0","4"
"2011-04-12 09:14","QuorumHammerTest.java","63412","0","11"
"2010-01-26 01:17","WatchManager.java","77433","59","7"
"2012-02-06 09:40","FastLeaderElection.java","137361","-10","15"
"2012-08-03 00:17","FastLeaderElection.java","141494","-3","18"
"2019-08-17 17:13","PemReader.java","68806","0",""
"2011-09-17 02:36","ZKDatabase.java","56899","33","11"
"2010-05-03 23:49","JFile.java","54039","0","8"
"2019-09-30 22:26","ClientCanonicalizeTest.java","75711","0",""
"2019-08-17 17:13","QuorumPeerMain.java","268803","7",""
"2012-07-17 23:25","ZKDatabase.java","65645","-30","17"
"2019-12-28 16:17","CreateContainerTest.java","266108","1",""
"2011-06-25 08:13","ZooKeeperQuotaTest.java","96654","0","11"
"2019-08-17 17:13","CommandResponseTest.java","256151","0",""
"2019-08-17 17:13","BaseX509ParameterizedTestCase.java","68806","0",""
"2009-06-05 06:44","QuorumPeerMain.java","84122","5","4"
"2010-03-13 01:06","QuorumPeerMain.java","122815","3","7"
"2011-06-17 01:34","Vote.java","134601","15","11"
"2008-11-18 18:22","QuorumPeerMain.java","36151","33","1"
"2011-04-12 09:14","Throughput.java","14937","0","11"
"2009-01-15 23:57","QuorumPeerMain.java","40656","15","2"
"2019-07-29 17:15","JFile.java","255100","22",""
"2010-08-18 08:24","QuorumPeerMain.java","143198","5","9"
"2019-07-29 17:15","JByte.java","254590","0",""
"2011-01-22 20:38","ZKDatabase.java","81138","27","10"
"2019-07-29 17:15","TestCheckWriterReader.java","38161","0",""
"2019-08-17 17:13","DigestCommand.java","25455","0",""
"2019-08-17 17:13","FourLetterWordsWhiteListTest.java","259018","-21",""
"2019-08-17 17:13","WatchedEvent.java","257710","-21",""
"2019-07-29 17:15","JInt.java","254590","0",""
"2014-04-17 08:47","WatchManager.java","263320","-6",""
"2019-12-27 22:33","PrepRequestProcessorMetricsTest.java","64297","11",""
"2011-04-12 09:14","ChrootClientTest.java","61368","0","11"
"2019-08-17 17:13","Environment.java","257706","-15",""
"2010-08-18 08:24","ServerCnxn.java","108101","27","9"
"2010-05-03 23:49","JVector.java","54039","0","8"
"2019-08-17 17:13","MockPacket.java","256360","0",""
"2012-03-15 18:01","FollowerResyncConcurrencyTest.java","23178","-22","16"
"2010-01-25 04:28","JVector.java","36781","0","7"
"2009-11-07 01:48","ServerCnxn.java","65238","23","6"
"2009-08-07 01:23","ServerCnxn.java","58753","0","5"
"2011-09-17 02:36","FollowerResyncConcurrencyTest.java","18929","-22","11"
"2010-03-31 06:26","ZkDatabaseCorruptionTest.java","24430","0","8"
"2011-12-09 20:03","FollowerResyncConcurrencyTest.java","19418","-22","13"
"2015-07-07 07:11","RootTest.java","99820","1",""
"2010-01-26 01:17","LearnerSessionTracker.java","23202","0","7"
"2019-08-17 17:13","LearnerSyncThrottlerTest.java","28807","0",""
"2019-08-17 17:13","EnvCommand.java","255967","0",""
"2011-04-12 09:14","HierarchicalQuorumTest.java","83159","-2","11"
"2019-08-17 17:13","ACLRootTest.java","257500","0",""
"2012-04-23 01:20","HierarchicalQuorumTest.java","97889","-3","17"
"2019-10-10 14:37","LeaderElectionSupport.java","260657","13",""
"2009-08-04 00:28","QuorumMaj.java","33461","0","5"
"2019-12-28 16:17","SyncCommand.java","266397","0",""
"2018-08-08 06:21","LearnerSessionTracker.java","261253","-27",""
"2019-08-17 17:13","NetUtils.java","254163","0",""
"2019-08-17 17:13","QuorumMaj.java","257558","1",""
"2019-08-17 17:13","StringUtilTest.java","256407","0",""
"2019-08-17 17:13","CommandOutputter.java","256151","0",""
"2019-10-10 14:37","LearnerHandlerBean.java","69561","-31",""
"2019-08-17 17:13","ConsCommand.java","255967","5",""
"2018-04-06 06:04","ZkDatabaseCorruptionTest.java","260868","-10",""
"2019-08-17 17:13","SetCommand.java","256502","0",""
"2010-08-17 09:24","RootTest.java","19284","0","9"
"2017-12-06 23:14","LoadFromLogTest.java","260725","-8",""
"2019-06-03 19:40","EphemeralTypeEmulate353.java","254922","28",""
"2019-08-17 17:13","Gauge.java","212928","-74",""
"2011-04-12 09:14","DataTreeTest.java","29577","4","11"
"2020-02-26 22:41","ServerCnxn.java","268816","-7",""
"2019-07-29 17:15","JVector.java","255100","-31",""
"2012-07-17 23:25","TruncateTest.java","78072","21","17"
"2019-10-10 14:37","ClientCnxnSocketNetty.java","259857","15",""
"2019-08-17 17:13","EmptySnapshotTest.java","254163","0",""
"2019-08-17 17:13","PEMFileLoaderTest.java","68806","0",""
"2019-08-17 17:13","KeyAuthenticationProvider.java","255292","-22",""
"2019-11-28 12:24","ZKTestCase.java","265042","0",""
"2019-08-17 17:13","DataNodeTest.java","255272","0",""
"2019-08-17 17:13","PortAssignmentTest.java","256072","0",""
"2019-08-17 17:13","NettyNettySuiteHammerTest.java","256104","0",""
"2019-07-03 20:54","LearnerHandlerTest.java","256377","27",""
"2019-08-27 09:23","ZooKeeperOperation.java","258151","0",""
"2017-02-14 09:23","ZooKeeperThread.java","256291","-26",""
"2019-01-23 14:00","ZooKeeperServerMXBean.java","270947","4",""
"2012-07-17 23:19","QuorumPeer.java","141160","-12","17"
"2011-10-25 08:09","CreateModeTest.java","42821","0","11"
"2019-07-29 17:15","JField.java","254590","0",""
"2012-02-06 09:40","QuorumPeer.java","137870","-8","15"
"2012-02-27 03:41","QuorumPeer.java","138150","3","16"
"2019-08-17 17:13","RateLogger.java","256413","25",""
"2011-02-07 20:26","Learner.java","91636","-21","10"
"2011-05-20 01:17","QuorumPeer.java","176183","16","11"
"2011-09-17 02:42","DatadirCleanupManager.java","1943","0","11"
"2019-08-17 17:13","TxnLogToolkit.java","265463","5",""
"2019-08-17 17:13","NioNettySuiteHammerTest.java","256985","0",""
"2011-06-14 07:14","Learner.java","67591","25","11"
"2010-03-12 19:26","ZooKeeperServerMXBean.java","87093","0","7"
"2012-01-31 07:45","Learner.java","69086","-13","15"
"2019-08-17 17:13","DataTreeMXBean.java","257706","0",""
"2019-08-17 17:13","WatchCommand.java","255967","0",""
"2019-08-17 17:13","ReadOnlyRequestProcessor.java","256910","-1",""
"2019-08-17 17:13","TestUtils.java","255916","0",""
"2019-08-17 17:13","NopCommand.java","255265","0",""
"2011-04-12 09:14","SendAckRequestProcessor.java","102052","0","11"
"2019-10-10 14:37","LeaderSessionTrackerTest.java","260120","0",""
"2019-08-17 17:13","Transaction.java","256904","12",""
"2019-08-17 17:13","AdminServerFactory.java","256151","0",""
"2019-12-27 22:33","TxnLogSource.java","266740","1",""
"2011-11-14 20:18","SessionTracker.java","73216","0","11"
"2012-02-11 00:34","ZooKeeperServerBean.java","138094","35","15"
"2019-09-20 10:06","LocalSessionRequestTest.java","260120","-5",""
"2020-01-20 08:39","ZKClientConfigTest.java","265367","18",""
"2013-09-18 01:14","ReadOnlyModeTest.java","256910","23",""
"2019-08-17 17:13","WatchEventWhenAutoResetTest.java","256366","0",""
"2019-08-17 17:13","AvgMinMaxPercentileCounterSet.java","52485","16",""
"2019-08-17 17:13","ReconfigCommand.java","256406","-25",""
"2019-08-17 17:13","KerberosName.java","256904","0",""
"2019-08-17 17:13","MultiOperationRecord.java","39048","0",""
"2019-08-17 17:13","PathTrie.java","259143","-20",""
"2019-07-29 17:15","Record.java","252834","0",""
"2019-08-17 17:13","KeeperStateTest.java","257687","0",""
"2010-03-31 06:26","AsyncOpsTest.java","121721","-19","8"
"2009-10-31 00:09","AsyncOpsTest.java","98446","-58","6"
"2019-07-29 17:15","JMap.java","255100","2",""
"2019-08-17 17:13","UnifiedConnectionFactory.java","28338","0",""
"2009-06-18 18:37","AsyncOpsTest.java","84441","-59","4"
"2019-09-30 22:26","SecurityUtils.java","258833","12",""
"2010-01-25 04:28","JRecord.java","36781","-12","7"
"2019-08-17 17:13","PathUtils.java","256147","0",""
"2011-04-12 09:14","CreateTest.java","72010","3","11"
"2010-03-12 19:26","LearnerZooKeeperServer.java","33619","2","7"
"2019-08-17 17:13","X509TestContext.java","68806","0",""
"2019-12-16 22:09","NettyServerCnxnFactoryTest.java","14035","22",""
"2015-07-07 07:11","DeleteTest.java","129600","20",""
"2019-08-17 17:13","AuthTest.java","257500","6",""
"2019-12-27 22:33","Util.java","266841","33",""
"2015-11-03 08:11","QuorumTest.java","266748","-17",""
"2016-08-05 23:05","CliException.java","255887","20",""
"2010-05-03 23:49","JRecord.java","54039","18","8"
"2012-02-06 11:13","OpResult.java","16020","0","15"
"2010-10-27 00:30","AuthTest.java","104458","-10","9"
"2011-07-01 00:53","ZooDefs.java","74331","4","11"
"2015-03-08 23:07","LearnerZooKeeperServer.java","257247","20",""
"2015-11-21 22:18","ZxidRolloverTest.java","256502","24",""
"2010-03-31 06:26","QuorumTest.java","122885","-19","8"
"2010-07-29 23:10","QuorumTest.java","172858","-19","9"
"2020-04-07 17:00","JRecord.java","271527","18",""
"2009-06-26 22:29","QuorumTest.java","93670","9","4"
"2019-12-03 19:12","SnapStreamTest.java","62927","0",""
"2009-08-25 07:45","QuorumTest.java","96212","0","5"
"2019-08-17 17:13","Time.java","256104","0",""
"2009-10-30 17:19","QuorumTest.java","98778","1","6"
"2019-08-17 17:13","QuorumMajorityTest.java","256406","33",""
"2010-03-19 07:46","QuorumTest.java","122711","-20","7"
"2010-08-17 09:24","DeleteTest.java","73013","2","9"
"2009-02-03 06:23","QuorumTest.java","53372","33","2"
"2009-06-18 18:37","Util.java","72814","0","4"
"2011-07-29 00:02","MultiOperationRecordTest.java","4654","0","11"
"2010-04-22 07:42","DeleteTest.java","55038","0","8"
"2019-12-28 16:17","SetQuotaCommand.java","266397","-8",""
"2010-05-03 23:49","JMap.java","54039","-14","8"
"2011-09-17 02:13","FLELostMessageTest.java","70847","46","11"
"2012-08-03 00:17","FLELostMessageTest.java","79521","0","18"
"2019-08-17 17:13","ZxidUtils.java","256906","0",""
"2019-08-27 09:23","WriteLock.java","261311","0",""
"2010-01-25 04:28","JMap.java","36781","0","7"
"2019-08-17 17:13","NullMetricsProvider.java","174233","-33",""
"2019-10-10 14:37","AsyncOpsTest.java","261595","-19",""
"2010-03-31 06:26","KeeperStateTest.java","78830","0","8"
"2011-04-12 09:14","Stats.java","5707","0","11"
"2019-08-17 17:13","QuorumStats.java","257842","0",""
"2015-07-07 07:11","Base.java","129600","-10",""
"2019-12-28 16:17","ClientTest.java","266748","0",""
"2019-02-13 13:12","ZooKeeperServerConfTest.java","256151","0",""
"2011-04-12 09:14","LogServer.java","14937","0","11"
"2019-09-26 08:55","BinaryInputArchive.java","260824","18",""
"2019-08-17 17:13","MultiResponseTest.java","256904","22",""
"2019-08-17 17:13","StatCommandTest.java","255075","5",""
"2019-08-17 17:13","ProposalRequestProcessor.java","257888","-26",""
"2019-07-29 17:15","JBoolean.java","254590","0",""
"2019-08-17 17:13","FileTxnSnapLogMetricsTest.java","44724","0",""
"2009-01-31 00:01","ClientTest.java","59290","22","2"
"2019-07-29 17:15","OutputArchive.java","252447","0",""
"2009-11-07 01:48","ClientTest.java","110095","1","6"
"2010-03-09 03:09","ClientTest.java","131011","1","7"
"2010-08-18 08:24","ProposalRequestProcessor.java","152416","17","9"
"2019-08-17 17:13","SaslAuthRequiredFailNoSASLTest.java","29313","0",""
"2009-06-25 00:59","ClientTest.java","102935","4","4"
"2009-06-18 18:37","ProposalRequestProcessor.java","95830","1","4"
"2010-09-15 07:51","ClientTest.java","180601","2","9"
"2019-08-17 17:13","EphemeralNodeDeletionTest.java","255250","-17",""
"2012-03-15 17:47","RequestProcessor.java","17170","0","16"
"2010-08-17 09:24","Base.java","73013","0","9"
"2009-01-15 23:57","QuorumStats.java","39154","0","2"
"2012-09-17 09:53","SessionTrackerImpl.java","141901","5","18"
"2011-05-20 01:17","ClientCnxnSocket.java","12939","-25","11"
"2019-08-17 17:13","StatCommand.java","256502","25",""
"2011-11-14 20:18","SessionTrackerImpl.java","135467","2","11"
"2012-09-09 20:24","ClientCnxnSocket.java","30237","-25","18"
"2019-10-10 14:37","NIOConnectionFactoryFdLeakTest.java","260160","0",""
"2011-09-17 02:13","WatcherTest.java","127348","7","11"
"2019-08-17 17:13","QuorumPeerTest.java","255916","0",""
"2019-08-17 17:13","QuorumX509Util.java","111485","0",""
"2019-01-02 15:10","BinaryInputArchiveTest.java","259407","2",""
"2019-08-17 17:13","WatchesReport.java","256151","3",""
"2019-08-17 17:13","MultiOpSessionUpgradeTest.java","255253","0",""
"2019-10-10 14:37","ZooTrace.java","260120","0",""
"2014-11-29 16:53","RestCfg.java","78290","0",""
"2019-08-17 17:13","QuorumVerifier.java","257558","-10",""
"2011-09-17 02:13","MaxCnxnsTest.java","57800","5","11"
"2009-01-31 02:18","PurgeTxnLog.java","37514","0","2"
"2019-11-08 17:30","RequestPathMetricsCollector.java","33336","24",""
"2019-08-17 17:13","FileKeyStoreLoaderBuilderProvider.java","68806","0",""
"2011-06-23 18:01","DataNode.java","122422","31","11"
"2019-11-18 09:05","ResponseCache.java","64796","24",""
"2020-02-04 10:39","ZooKeeperSaslClient.java","268486","0",""
"2019-08-17 17:13","MockSelectorThread.java","256360","0",""
"2019-08-17 17:13","JLineZNodeCompleter.java","257558","-1",""
"2010-08-18 08:24","ObserverRequestProcessor.java","49884","0","9"
"2019-08-17 17:13","BufferStatsTest.java","254847","0",""
"2019-08-17 17:13","CliParseException.java","255887","3",""
"2019-08-17 17:13","X509AuthenticationProvider.java","256083","-4",""
"2011-09-17 02:13","FLERestartTest.java","71782","13","11"
"2020-03-25 03:38","ObserverRequestProcessor.java","270911","-11",""
"2019-07-29 17:15","JDouble.java","254590","0",""
"2011-04-12 09:14","FilterOp.java","14937","0","11"
"2020-05-17 15:13","ClientReconnectTest.java","271913","1",""
"2019-11-28 12:24","PurgeTxnLog.java","268637","-3",""
"2019-08-17 17:13","DelayRequestProcessor.java","63823","0",""
"2009-08-04 00:28","QuorumVerifier.java","33461","0","5"
"2011-07-15 06:50","FollowerRequestProcessor.java","144736","-18","11"
"2010-03-31 06:26","ObserverQuorumHammerTest.java","26483","0","8"
"2019-12-03 19:12","SnapStream.java","62927","-16",""
"2020-01-21 18:14","ZNodeName.java","266263","-20",""
"2011-02-07 20:26","Follower.java","175393","-8","10"
"2019-08-17 17:13","NullQuorumAuthServer.java","255079","0",""
"2019-08-17 17:13","BufferSizeTest.java","260212","-2",""
"2019-08-17 17:13","KeyStoreLoader.java","68806","0",""
"2019-08-17 17:13","IDeadWatcherListener.java","174218","0",""
"2011-04-12 09:14","Election.java","121831","0","11"
"2018-08-06 14:11","InstanceContainer.java","271185","0",""
"2010-03-31 06:26","GetChildren2Test.java","34631","0","8"
"2019-08-17 17:13","WatchManagerFactory.java","174218","0",""
"2019-08-17 17:13","ClientX509Util.java","111485","0",""
"2019-08-17 17:13","AddAuthCommand.java","256502","3",""
"2009-12-18 03:19","ObserverZooKeeperServer.java","2715","0","7"
"2019-08-17 17:13","GetChildren2Test.java","257247","0",""
"2019-08-17 17:13","LocalSessionTracker.java","256367","2",""
"2011-08-19 00:05","NIOServerCnxn.java","105575","8","11"
"2018-08-06 14:13","ZooInspectorManagerImpl.java","94931","30",""
"2011-09-02 22:50","QuorumPeerConfig.java","112243","-10","11"
"2019-08-17 17:13","SimpleClient.java","257689","13",""
"2012-04-23 01:20","QuorumPeerConfig.java","117415","-12","17"
"2012-02-11 00:34","NIOServerCnxn.java","111324","9","15"
"2019-08-17 17:13","ByteBufferOutputStream.java","256761","0",""
"2009-02-02 23:26","InstanceContainer.java","2137","0","2"
"2019-06-03 19:40","ObserverZooKeeperServer.java","260940","2",""
"2019-11-29 14:49","ReconfigFailureCasesTest.java","264130","32",""
"2011-06-14 07:14","Follower.java","136335","2","11"
"2019-12-28 16:17","SetAclCommand.java","266397","9",""
"2012-03-15 17:47","Leader.java","138331","-19","16"
"2012-01-06 02:32","Leader.java","137061","-19","15"
"2019-06-03 19:40","StringUtils.java","256407","-2",""
"2012-07-05 18:01","Leader.java","139865","14","17"
"2018-12-20 07:24","SSLAuthTest.java","256083","-12",""
"2011-09-22 07:42","Leader.java","136092","-19","11"
"2019-08-17 17:13","ObserverQuorumHammerTest.java","257187","-3",""
"2011-12-28 01:26","Leader.java","136260","12","14"
"2015-07-07 07:11","GetTest.java","129600","7",""
"2019-04-12 19:01","MetricsContext.java","212928","-60",""
"2019-08-17 17:13","KerberosUtil.java","256464","23",""
"2015-07-07 07:11","ExistsTest.java","129600","-16",""
"2011-09-02 19:02","BaseSysTest.java","103911","-17","11"
"2019-08-27 09:23","LockListener.java","258151","7",""
"2019-08-17 17:13","StandardTypeFileKeyStoreLoader.java","29979","0",""
"2011-04-12 09:14","DeserializationPerfTest.java","59741","2","11"
"2019-11-28 12:24","LogChopper.java","186102","25",""
"2011-04-12 09:14","SerializeUtils.java","126982","6","11"
"2019-12-19 09:51","AuditHelper.java","6022","0",""
"2010-03-31 06:26","ChrootTest.java","42660","-4","8"
"2011-08-19 00:05","NettyServerCnxn.java","17925","0","11"
"2011-04-12 09:14","RandomAccessFileReader.java","14937","0","11"
"2010-03-31 06:26","QuorumZxidSyncTest.java","26198","0","8"
"2010-03-04 02:28","ChrootTest.java","34351","0","7"
"2019-06-03 19:40","EphemeralType.java","255827","3",""
"2019-08-17 17:13","ZabUtils.java","254922","9",""
"2019-09-18 11:20","QuorumZxidSyncTest.java","260099","0",""
"2019-08-17 17:13","RestoreCommittedLogTest.java","256932","22",""
"2015-07-07 07:11","LeaderElectionSupportTest.java","260657","19",""
"2019-08-17 17:13","ServerIdTest.java","254922","0",""
"2019-10-10 14:37","SSLContextAndOptions.java","58859","20",""
"2019-08-17 17:13","JsonOutputter.java","256151","6",""
"2019-08-17 17:13","ChrootTest.java","257500","-4",""
"2019-08-17 17:13","PKCS12FileLoaderTest.java","29979","0",""
"2019-08-17 17:13","JMXEnv.java","266817","18",""
"2018-11-22 17:56","ClientCnxnSocketNIO.java","260738","11",""
"2019-08-17 17:13","JUnit4ZKTestRunner.java","260768","-14",""
"2010-04-22 07:42","GetTest.java","55038","0","8"
"2010-08-17 09:24","GetTest.java","73013","2","9"
"2010-08-17 09:24","ExistsTest.java","73013","0","9"
"2020-03-19 17:09","MultipleAddresses.java","9576","1",""
"2019-06-03 19:40","EphemeralTypeTest.java","255827","0",""
"2010-04-22 07:42","ExistsTest.java","55038","0","8"
"2020-01-22 11:08","QuorumKerberosHostBasedAuthTest.java","267491","-20",""
"2011-09-17 02:13","ClientBase.java","136295","16","11"
"2019-08-17 17:13","NettyServerCnxnTest.java","256292","7",""
"2019-07-29 17:15","BinaryOutputArchive.java","255100","1",""
"2019-08-17 17:13","X509KeyType.java","68806","0",""
"2019-08-27 09:23","ProtocolSupport.java","261311","0",""
"2012-01-14 00:28","ClientBase.java","137422","14","15"
"2017-09-11 18:55","LogEntry.java","99601","0",""
"2012-03-15 17:47","ClientBase.java","138710","14","16"
"2019-08-17 17:13","AdminServer.java","256151","-18",""
"2012-07-17 23:19","ClientBase.java","140735","-23","17"
"2012-08-28 21:51","ClientBase.java","141808","-25","18"
"2011-12-09 20:03","Zab1_0Test.java","3818","-24","13"
"2019-08-17 17:13","DigestCalculator.java","42830","0",""
"2010-11-17 15:59","CnxManagerTest.java","95118","-17","10"
"2010-06-25 22:08","Log4JSource.java","14","0","9"
"2019-08-17 17:13","ServerBean.java","257706","0",""
"2011-09-22 07:42","Zab1_0Test.java","3327","-81","11"
"2019-08-17 17:13","CommandExecutor.java","255967","0",""
"2012-07-05 18:01","Zab1_0Test.java","12826","10","17"
"2012-01-04 01:15","Zab1_0Test.java","5615","11","15"
"2019-08-17 17:13","NullDataTest.java","257706","0",""
"2011-04-12 09:14","RecoveryTest.java","134347","4","11"
"2010-07-05 20:20","DataTreeBean.java","99034","0","9"
"2012-02-11 00:34","ServerStats.java","137289","2","15"
"2011-04-12 09:14","ConnectionBean.java","133947","-9","11"
"2012-02-06 09:56","KeeperException.java","113079","0","15"
"2009-08-11 23:09","QuorumHierarchical.java","34986","1","5"
"2019-08-17 17:13","StatResetCommandTest.java","255075","-16",""
"2011-07-01 00:53","KeeperException.java","107372","0","11"
"2011-12-28 07:07","ServerStats.java","136312","-17","14"
"2019-08-17 17:13","X509TestHelpers.java","68806","0",""
"2019-12-28 16:17","GetEphemeralsTest.java","70436","0",""
"2010-12-23 13:42","FileTxnLog.java","162364","-1","10"
"2019-06-03 19:40","FLEBackwardElectionRoundTest.java","256464","0",""
"2019-08-17 17:13","PEMFileLoader.java","68806","0",""
"2012-02-06 09:40","FileTxnLog.java","127029","11","15"
"2019-10-10 14:37","QuorumHierarchical.java","261311","-1",""
"2011-11-15 19:30","FileTxnLog.java","125438","-1","11"
"2019-08-17 17:13","Testable.java","256271","14",""
"2019-08-17 17:13","VerifyingFileFactory.java","256742","0",""
"2020-03-26 22:20","WatchBench.java","190762","0",""
"2014-11-29 16:53","Log4JSource.java","82724","31",""
"2019-10-10 14:37","PortAssignment.java","261253","31",""
"2018-09-04 11:54","DataTreeBean.java","257706","-37",""
"2011-09-14 06:32","CnxManagerTest.java","96829","-16","11"
"2010-03-31 06:26","NullDataTest.java","92128","0","8"
"2019-07-15 14:46","KeyStoreFileType.java","68806","1",""
"2019-05-28 15:55","AckRequestProcessor.java","257501","-1",""
"2019-08-17 17:13","ConnectionMetricsTest.java","46975","-42",""
"2011-04-12 09:14","ObserverHierarchicalQuorumTest.java","46141","0","11"
"2019-08-27 09:23","LeaderOffer.java","257497","18",""
"2011-09-06 00:58","ZooKeeper.java","149039","4","11"
"2019-08-17 17:13","SASLAuthenticationProvider.java","256904","29",""
"2010-05-15 01:32","WriteLockTest.java","69688","0","8"
"2019-08-17 17:13","SaslAuthDesignatedServerTest.java","256464","0",""
"2012-02-06 09:56","ZooKeeper.java","147107","-15","15"
"2012-03-17 01:31","ZooKeeper.java","148657","-15","16"
"2009-06-09 07:04","ServerConfig.java","31723","5","4"
"2019-08-17 17:13","NodeHashMap.java","25455","0",""
"2019-08-17 17:13","LeaderElectionBean.java","257706","0",""
"2011-04-12 09:14","SessionsResource.java","10270","0","11"
"2019-04-12 19:01","WatcherCleanerTest.java","174218","-19",""
"2010-03-12 19:26","ServerConfig.java","77317","-10","7"
"2012-09-28 18:32","ZooKeeper.java","153939","-4","19"
"2019-08-17 17:13","X509Util.java","259836","5",""
"2015-09-10 06:07","MBeanRegistry.java","261440","7",""
"2009-02-20 01:23","QuorumPeerInstance.java","5159","0","3"
"2019-10-10 14:37","SaslServerPrincipal.java","76537","2",""
"2009-02-02 23:26","QuorumPeerInstance.java","2137","0","2"
"2015-05-10 00:27","StaticHostProviderTest.java","256985","-15",""
"2018-11-12 22:36","FileTxnLogTest.java","258830","5",""
"2019-08-17 17:13","ACLCountTest.java","256904","-6",""
"2019-08-17 17:13","WatchesReportTest.java","256151","0",""
"2019-08-17 17:13","GetConfigCommand.java","256406","0",""
"2011-09-17 02:13","QuorumUtil.java","27381","1","11"
"2019-11-29 14:49","ReconfigMisconfigTest.java","263453","3",""
"2019-06-03 19:40","ContainerManager.java","264137","-7",""
"2012-03-18 21:06","InvalidSnapshotTest.java","115201","15","16"
"2012-02-06 09:47","InvalidSnapshotTest.java","113604","1","15"
"2015-03-08 23:07","ZooKeeperCriticalThread.java","256291","0",""
"2011-04-12 09:14","SimpleSysTest.java","96641","0","11"
"2011-01-22 20:38","QuorumUtil.java","40502","0","10"
"2011-04-12 09:14","InvalidSnapshotTest.java","102761","0","11"
"2019-08-17 17:13","ZooKeeperServerShutdownHandler.java","255887","0",""
"2019-08-17 17:13","ServerConfig.java","257683","-12",""
"2019-08-17 17:13","SummarySet.java","47813","0",""
"2019-08-17 17:13","AvgMinMaxPercentileCounterSetTest.java","52485","0",""
"2011-10-25 08:09","EventTypeTest.java","71479","1","11"
"2019-08-27 09:23","WriteLockTest.java","258151","0",""
"2019-08-17 17:13","LeaderSessionTracker.java","260120","8",""
"2017-09-11 18:55","QuorumPeerInstance.java","253002","1",""
"2010-11-30 21:16","ZooKeeper.java","184206","-11","10"
