"Class","Ticket","Date","Tree","FixVersion","AffectedVersion"
"LedgerRecoveryTest.java","BOOKKEEPER-103","2011-11-04 11:00","tree 4528ae4d66dedde1de286d1a2a9b80e190da020c ------","4.0.0","4.0.0"
"ReadLastConfirmedOp.java","BOOKKEEPER-94","2011-10-26 16:06","tree 63baeb6b53d53539f19c11359036c80bc167eb43 ------","4.0.0","4.0.0"
"LedgerOpenOp.java","BOOKKEEPER-93","2016-08-01 08:04","tree 13c72b0dd1a7701f57ce84b339cb6cd9571cde9a ------","4.0.0","4.0.0"
"BookieWriteLedgersWithDifferentDigestsTest.java","BOOKKEEPER-93","2016-08-01 08:04","tree 13c72b0dd1a7701f57ce84b339cb6cd9571cde9a ------","4.0.0","4.0.0"
"ClientConfiguration.java","BOOKKEEPER-93","2016-08-01 08:04","tree 13c72b0dd1a7701f57ce84b339cb6cd9571cde9a ------","4.0.0","4.0.0"
"BufferedChannel.java","BOOKKEEPER-81","2011-11-17 09:59","tree 4cf23688f0979cc46f3319f03d6e6ab425bceb37 ------","4.0.0","4.0.0"
"FileInfo.java","BOOKKEEPER-50","2011-11-04 11:46","tree 83183f42f4973e79f8f6e5aa1394fb130a4fd2ad ------","4.0.0","4.0.0"
"BookKeeper.java","BOOKKEEPER-39","2011-11-28 19:25","tree 5901519c151d210cb9b85e14c90c6a04ce19966d ------","4.0.0","4.0.0"
"Bookie.java","BOOKKEEPER-39","2011-11-28 19:25","tree 5901519c151d210cb9b85e14c90c6a04ce19966d ------","4.0.0","4.0.0"
"ZkLedgerLayoutTest.java","BOOKKEEPER-39","2011-11-28 19:25","tree 5901519c151d210cb9b85e14c90c6a04ce19966d ------","4.0.0","4.0.0"
"AbstractConfiguration.java","BOOKKEEPER-39","2011-11-28 19:25","tree 5901519c151d210cb9b85e14c90c6a04ce19966d ------","4.0.0","4.0.0"
"FlatLedgerManager.java","BOOKKEEPER-39","2011-11-28 19:25","tree 5901519c151d210cb9b85e14c90c6a04ce19966d ------","4.0.0","4.0.0"
"BookkeeperInternalCallbacks.java","BOOKKEEPER-39","2011-11-28 19:25","tree 5901519c151d210cb9b85e14c90c6a04ce19966d ------","4.0.0","4.0.0"
"LedgerLayout.java","BOOKKEEPER-39","2011-11-28 19:25","tree 5901519c151d210cb9b85e14c90c6a04ce19966d ------","4.0.0","4.0.0"
"LedgerManager.java","BOOKKEEPER-39","2011-11-28 19:25","tree 5901519c151d210cb9b85e14c90c6a04ce19966d ------","4.0.0","4.0.0"
"ConcurrentLedgerTest.java","BOOKKEEPER-39","2011-11-28 19:25","tree 5901519c151d210cb9b85e14c90c6a04ce19966d ------","4.0.0","4.0.0"
"BookieRecoveryTest.java","BOOKKEEPER-39","2011-11-28 19:25","tree 5901519c151d210cb9b85e14c90c6a04ce19966d ------","4.0.0","4.0.0"
"ZkUtils.java","BOOKKEEPER-39","2011-11-28 19:25","tree 5901519c151d210cb9b85e14c90c6a04ce19966d ------","4.0.0","4.0.0"
"BookKeeperAdmin.java","BOOKKEEPER-39","2011-11-28 19:25","tree 5901519c151d210cb9b85e14c90c6a04ce19966d ------","4.0.0","4.0.0"
"TestLedgerManager.java","BOOKKEEPER-39","2011-11-28 19:25","tree 5901519c151d210cb9b85e14c90c6a04ce19966d ------","4.0.0","4.0.0"
"AbstractZkLedgerManager.java","BOOKKEEPER-39","2011-11-28 19:25","tree 5901519c151d210cb9b85e14c90c6a04ce19966d ------","4.0.0","4.0.0"
"LedgerCreateOp.java","BOOKKEEPER-39","2011-11-28 19:25","tree 5901519c151d210cb9b85e14c90c6a04ce19966d ------","4.0.0","4.0.0"
"HierarchicalLedgerManager.java","BOOKKEEPER-39","2011-11-28 19:25","tree 5901519c151d210cb9b85e14c90c6a04ce19966d ------","4.0.0","4.0.0"
"LedgerHandle.java","BOOKKEEPER-39","2011-11-28 19:25","tree 5901519c151d210cb9b85e14c90c6a04ce19966d ------","4.0.0","4.0.0"
"LedgerManagerFactory.java","BOOKKEEPER-39","2011-11-28 19:25","tree 5901519c151d210cb9b85e14c90c6a04ce19966d ------","4.0.0","4.0.0"
"Bookie.java","BOOKKEEPER-38","2011-08-24 00:38","tree 8c665ad8a15c3a210618c9451c933ac121fc0393 ------","4.0.0","4.0.0"
"BookieServer.java","BOOKKEEPER-38","2011-08-24 00:38","tree 8c665ad8a15c3a210618c9451c933ac121fc0393 ------","4.0.0","4.0.0"
"IndexPersistenceMgrTest.java","BOOKKEEPER-815","2014-12-04 12:28","tree 3bcf2629f67cfef964d7345dbdd0426767714f9d ------","4.0.0","4.3.0"
"FileInfo.java","BOOKKEEPER-815","2014-12-04 12:28","tree 3bcf2629f67cfef964d7345dbdd0426767714f9d ------","4.0.0","4.3.0"
"IndexPersistenceMgrTest.java","BOOKKEEPER-815","2014-12-04 12:28","tree 3bcf2629f67cfef964d7345dbdd0426767714f9d ------","4.4.0","4.3.0"
"FileInfo.java","BOOKKEEPER-815","2014-12-04 12:28","tree 3bcf2629f67cfef964d7345dbdd0426767714f9d ------","4.4.0","4.3.0"
"IndexPersistenceMgrTest.java","BOOKKEEPER-815","2014-12-04 12:28","tree 3bcf2629f67cfef964d7345dbdd0426767714f9d ------","4.3.1","4.3.0"
"FileInfo.java","BOOKKEEPER-815","2014-12-04 12:28","tree 3bcf2629f67cfef964d7345dbdd0426767714f9d ------","4.3.1","4.3.0"
"EntryLogger.java","BOOKKEEPER-695","2015-04-21 09:44","tree 959f2148afa2363432ca732122cdb249f5efcfb9 ------","4.0.0","4.3.0"
"EntryLogger.java","BOOKKEEPER-695","2015-04-21 09:44","tree 959f2148afa2363432ca732122cdb249f5efcfb9 ------","4.4.0","4.3.0"
"EntryLogger.java","BOOKKEEPER-695","2015-04-21 09:44","tree 959f2148afa2363432ca732122cdb249f5efcfb9 ------","4.3.2","4.3.0"
"ConfigurationTest.java","BOOKKEEPER-242","2012-05-09 10:17","tree ecd48e109d24a4881a743ae2b59177755a71b975 ------","4.1.0","4.0.0"
"BookieJournalRollingTest.java","BOOKKEEPER-174","2012-02-17 12:50","tree 69bfea457f46215764d306387a2c5de3dc86373d ------","4.1.0","4.0.0"
"Bookie.java","BOOKKEEPER-174","2012-02-17 12:50","tree 69bfea457f46215764d306387a2c5de3dc86373d ------","4.1.0","4.0.0"
"FileInfo.java","BOOKKEEPER-169","2012-02-17 11:18","tree da458bc6e691dd6f8b5d12496c73d0d5aad2eb77 ------","4.1.0","4.0.0"
"BookieJournalTest.java","BOOKKEEPER-169","2012-02-17 11:18","tree da458bc6e691dd6f8b5d12496c73d0d5aad2eb77 ------","4.1.0","4.0.0"
"FileSystemUpgrade.java","BOOKKEEPER-163","2012-03-13 07:31","tree 6dbc0c9a54c4e1dcf680f6457f1ad5982339748b ------","4.1.0","4.0.0"
"CookieTest.java","BOOKKEEPER-163","2012-03-13 07:31","tree 6dbc0c9a54c4e1dcf680f6457f1ad5982339748b ------","4.1.0","4.0.0"
"Cookie.java","BOOKKEEPER-163","2012-03-13 07:31","tree 6dbc0c9a54c4e1dcf680f6457f1ad5982339748b ------","4.1.0","4.0.0"
"Bookie.java","BOOKKEEPER-163","2012-03-13 07:31","tree 6dbc0c9a54c4e1dcf680f6457f1ad5982339748b ------","4.1.0","4.0.0"
"BookieJournalTest.java","BOOKKEEPER-163","2012-03-13 07:31","tree 6dbc0c9a54c4e1dcf680f6457f1ad5982339748b ------","4.1.0","4.0.0"
"BookieException.java","BOOKKEEPER-163","2012-03-13 07:31","tree 6dbc0c9a54c4e1dcf680f6457f1ad5982339748b ------","4.1.0","4.0.0"
"TestFencing.java","BOOKKEEPER-163","2012-03-13 07:31","tree 6dbc0c9a54c4e1dcf680f6457f1ad5982339748b ------","4.1.0","4.0.0"
"TestEntryLog.java","BOOKKEEPER-163","2012-03-13 07:31","tree 6dbc0c9a54c4e1dcf680f6457f1ad5982339748b ------","4.1.0","4.0.0"
"UpgradeTest.java","BOOKKEEPER-163","2012-03-13 07:31","tree 6dbc0c9a54c4e1dcf680f6457f1ad5982339748b ------","4.1.0","4.0.0"
"ZooKeeperUtil.java","BOOKKEEPER-163","2012-03-13 07:31","tree 6dbc0c9a54c4e1dcf680f6457f1ad5982339748b ------","4.1.0","4.0.0"
"BookieProtocol.java","BOOKKEEPER-162","2012-02-13 11:19","tree 7d7b35a8f3edaf9b21b1c5b1b2cc1043664b13ab ------","4.1.0","4.0.0"
"LedgerHandle.java","BOOKKEEPER-162","2012-02-13 11:19","tree 7d7b35a8f3edaf9b21b1c5b1b2cc1043664b13ab ------","4.1.0","4.0.0"
"BookieReadWriteTest.java","BOOKKEEPER-162","2012-02-13 11:19","tree 7d7b35a8f3edaf9b21b1c5b1b2cc1043664b13ab ------","4.1.0","4.0.0"
"LedgerCreateOp.java","BOOKKEEPER-153","2012-01-18 15:11","tree a6996565bccf8e92200c75e1e03630737ad7ec4c ------","4.1.0","4.0.0"
"LedgerManager.java","BOOKKEEPER-153","2012-01-18 15:11","tree a6996565bccf8e92200c75e1e03630737ad7ec4c ------","4.1.0","4.0.0"
"BookieFailureTest.java","BOOKKEEPER-152","2012-02-13 15:46","tree e8099ca4f7243d4f58df205cc8f3ad0546f84763 ------","4.1.0","4.0.0"
"LedgerHandle.java","BOOKKEEPER-152","2012-02-13 15:46","tree e8099ca4f7243d4f58df205cc8f3ad0546f84763 ------","4.1.0","4.0.0"
"DigestManager.java","BOOKKEEPER-152","2012-02-13 15:46","tree e8099ca4f7243d4f58df205cc8f3ad0546f84763 ------","4.1.0","4.0.0"
"RoundRobinDistributionSchedule.java","BOOKKEEPER-152","2012-02-13 15:46","tree e8099ca4f7243d4f58df205cc8f3ad0546f84763 ------","4.1.0","4.0.0"
"LedgerRecoveryOp.java","BOOKKEEPER-152","2012-02-13 15:46","tree e8099ca4f7243d4f58df205cc8f3ad0546f84763 ------","4.1.0","4.0.0"
"DistributionSchedule.java","BOOKKEEPER-152","2012-02-13 15:46","tree e8099ca4f7243d4f58df205cc8f3ad0546f84763 ------","4.1.0","4.0.0"
"BookieRecoveryTest.java","BOOKKEEPER-152","2012-02-13 15:46","tree e8099ca4f7243d4f58df205cc8f3ad0546f84763 ------","4.1.0","4.0.0"
"LedgerRecoveryTest.java","BOOKKEEPER-152","2012-02-13 15:46","tree e8099ca4f7243d4f58df205cc8f3ad0546f84763 ------","4.1.0","4.0.0"
"ReadLastConfirmedOp.java","BOOKKEEPER-152","2012-02-13 15:46","tree e8099ca4f7243d4f58df205cc8f3ad0546f84763 ------","4.1.0","4.0.0"
"LedgerHandle.java","BOOKKEEPER-150","2012-01-17 16:52","tree 8187c27471a8edbc2602f76a136e0c30fa79a5d2 ------","4.1.0","4.0.0"
"LedgerMetadataImpl.java","BOOKKEEPER-150","2012-01-17 16:52","tree 8187c27471a8edbc2602f76a136e0c30fa79a5d2 ------","4.1.0","4.0.0"
"LedgerRecoveryTest.java","BOOKKEEPER-150","2012-01-17 16:52","tree 8187c27471a8edbc2602f76a136e0c30fa79a5d2 ------","4.1.0","4.0.0"
"EntryLogger.java","BOOKKEEPER-142","2011-12-16 12:43","tree 38676d52e0abd8db81a1445f862bb0ae3a501e3b ------","4.1.0","4.0.0"
"HardLink.java","BOOKKEEPER-56","2013-02-08 19:08","tree b613411e60727f962c5e628e354811ac1b44f8c8 ------","4.1.0","4.0.0"
"LocalBookKeeper.java","BOOKKEEPER-56","2013-02-08 19:08","tree b613411e60727f962c5e628e354811ac1b44f8c8 ------","4.1.0","4.0.0"
"ZooKeeperWatcherBase.java","BOOKKEEPER-56","2013-02-08 19:08","tree b613411e60727f962c5e628e354811ac1b44f8c8 ------","4.1.0","4.0.0"
"BenchReadThroughputLatency.java","BOOKKEEPER-56","2013-02-08 19:08","tree b613411e60727f962c5e628e354811ac1b44f8c8 ------","4.1.0","4.0.0"
"MacDigestManager.java","BOOKKEEPER-56","2013-02-08 19:08","tree b613411e60727f962c5e628e354811ac1b44f8c8 ------","4.1.0","4.0.0"
"ServerConfiguration.java","BOOKKEEPER-56","2013-02-08 19:08","tree b613411e60727f962c5e628e354811ac1b44f8c8 ------","4.1.0","4.0.0"
"BookieException.java","BOOKKEEPER-56","2013-02-08 19:08","tree b613411e60727f962c5e628e354811ac1b44f8c8 ------","4.1.0","4.0.0"
"Value.java","BOOKKEEPER-56","2013-02-08 19:08","tree b613411e60727f962c5e628e354811ac1b44f8c8 ------","4.1.0","4.0.0"
"BookKeeperAdmin.java","BOOKKEEPER-56","2013-02-08 19:08","tree b613411e60727f962c5e628e354811ac1b44f8c8 ------","4.1.0","4.0.0"
"FileSystemUpgrade.java","BOOKKEEPER-56","2013-02-08 19:08","tree b613411e60727f962c5e628e354811ac1b44f8c8 ------","4.1.0","4.0.0"
"TestClient.java","BOOKKEEPER-56","2013-02-08 19:08","tree b613411e60727f962c5e628e354811ac1b44f8c8 ------","4.1.0","4.0.0"
"ClientConfiguration.java","BOOKKEEPER-56","2013-02-08 19:08","tree b613411e60727f962c5e628e354811ac1b44f8c8 ------","4.1.0","4.0.0"
"BenchThroughputLatency.java","BOOKKEEPER-56","2013-02-08 19:08","tree b613411e60727f962c5e628e354811ac1b44f8c8 ------","4.1.0","4.0.0"
"Cookie.java","BOOKKEEPER-56","2013-02-08 19:08","tree b613411e60727f962c5e628e354811ac1b44f8c8 ------","4.1.0","4.0.0"
"AbstractConfiguration.java","BOOKKEEPER-263","2012-05-24 07:12","tree 95af2580f638dae801d3aa7a936d0ac3f7814942 ------","4.1.0","4.1.0"
"TestEntryLog.java","BOOKKEEPER-234","2012-05-09 10:39","tree ead9c1bbbe808ec2d2c722cac79768491d7643e7 ------","4.1.0","4.1.0"
"EntryLogger.java","BOOKKEEPER-234","2012-05-09 10:39","tree ead9c1bbbe808ec2d2c722cac79768491d7643e7 ------","4.1.0","4.1.0"
"Journal.java","BOOKKEEPER-232","2012-05-07 18:48","tree 6c2230adc65d2bd2da6b1dbca3b595cbaa8149d5 ------","4.1.0","4.1.0"
"LedgerCache.java","BOOKKEEPER-232","2012-05-07 18:48","tree 6c2230adc65d2bd2da6b1dbca3b595cbaa8149d5 ------","4.1.0","4.1.0"
"InterleavedLedgerStorage.java","BOOKKEEPER-232","2012-05-07 18:48","tree 6c2230adc65d2bd2da6b1dbca3b595cbaa8149d5 ------","4.1.0","4.1.0"
"LedgerCacheImpl.java","BOOKKEEPER-232","2012-05-07 18:48","tree 6c2230adc65d2bd2da6b1dbca3b595cbaa8149d5 ------","4.1.0","4.1.0"
"IOUtils.java","BOOKKEEPER-232","2012-05-07 18:48","tree 6c2230adc65d2bd2da6b1dbca3b595cbaa8149d5 ------","4.1.0","4.1.0"
"JournalChannel.java","BOOKKEEPER-232","2012-05-07 18:48","tree 6c2230adc65d2bd2da6b1dbca3b595cbaa8149d5 ------","4.1.0","4.1.0"
"EntryLogger.java","BOOKKEEPER-232","2012-05-07 18:48","tree 6c2230adc65d2bd2da6b1dbca3b595cbaa8149d5 ------","4.1.0","4.1.0"
"ZooKeeperUtil.java","BOOKKEEPER-231","2012-04-28 11:11","tree 65996ded8c8f53d927f1e60629192b40d80c6d98 ------","4.1.0","4.1.0"
"GarbageCollectorThread.java","BOOKKEEPER-229","2012-05-08 09:35","tree e6da36b026d653c255b2eb2ee3f26912aca8e2bd ------","4.1.0","4.1.0"
"Bookie.java","BOOKKEEPER-216","2012-04-16 16:11","tree 684a6e75baa1c4231c8bc4cd6fbce32629b59554 ------","4.1.0","4.1.0"
"BookieServer.java","BOOKKEEPER-215","2012-05-09 09:43","tree 89696a33e81e1d1a58b41949824bd8c5dae6dcf1 ------","4.1.0","4.1.0"
"Bookie.java","BOOKKEEPER-424","2012-10-25 15:35","tree 71ad2d3a293de7933134b6a0e4a172b0e21bc334 ------","4.2.0","4.0.0"
"BookieInitializationTest.java","BOOKKEEPER-424","2012-10-25 15:35","tree 71ad2d3a293de7933134b6a0e4a172b0e21bc334 ------","4.2.0","4.0.0"
"ZooKeeperWatcherBase.java","BOOKKEEPER-424","2012-10-25 16:18","tree bdbdd11dbcf007a65d8a335d441c19415bd4fad8 ------","4.2.0","4.0.0"
"LedgerRecoveryTest.java","BOOKKEEPER-365","2012-12-13 12:33","tree f077dfa20f89257cf601590e4132c3eb08fd53b2 ------","4.2.0","4.0.0"
"BookKeeperClusterTestCase.java","BOOKKEEPER-365","2012-12-13 12:33","tree f077dfa20f89257cf601590e4132c3eb08fd53b2 ------","4.2.0","4.0.0"
"LedgerHandle.java","BOOKKEEPER-337","2012-08-28 10:51","tree 9e7e723608ca7387e6323516ec2fafdad7f8e80b ------","4.2.0","4.0.0"
"BookieWriteLedgerTest.java","BOOKKEEPER-337","2012-08-28 10:51","tree 9e7e723608ca7387e6323516ec2fafdad7f8e80b ------","4.2.0","4.0.0"
"LocalBookKeeper.java","BOOKKEEPER-327","2012-07-23 23:39","tree 2d409e9d42393257beea7cf5ae24ded13785f67c ------","4.2.0","4.0.0"
"MathUtils.java","BOOKKEEPER-327","2012-07-23 23:39","tree 2d409e9d42393257beea7cf5ae24ded13785f67c ------","4.2.0","4.0.0"
"BookKeeper.java","BOOKKEEPER-327","2012-07-23 23:39","tree 2d409e9d42393257beea7cf5ae24ded13785f67c ------","4.2.0","4.0.0"
"Bookie.java","BOOKKEEPER-327","2012-07-23 23:39","tree 2d409e9d42393257beea7cf5ae24ded13785f67c ------","4.2.0","4.0.0"
"TestBKStats.java","BOOKKEEPER-327","2012-07-23 23:39","tree 2d409e9d42393257beea7cf5ae24ded13785f67c ------","4.2.0","4.0.0"
"PerChannelBookieClient.java","BOOKKEEPER-327","2012-07-23 23:39","tree 2d409e9d42393257beea7cf5ae24ded13785f67c ------","4.2.0","4.0.0"
"BKStats.java","BOOKKEEPER-327","2012-07-23 23:39","tree 2d409e9d42393257beea7cf5ae24ded13785f67c ------","4.2.0","4.0.0"
"Journal.java","BOOKKEEPER-327","2012-07-23 23:39","tree 2d409e9d42393257beea7cf5ae24ded13785f67c ------","4.2.0","4.0.0"
"GarbageCollectorThread.java","BOOKKEEPER-327","2012-07-23 23:39","tree 2d409e9d42393257beea7cf5ae24ded13785f67c ------","4.2.0","4.0.0"
"BookieServer.java","BOOKKEEPER-327","2012-07-23 23:39","tree 2d409e9d42393257beea7cf5ae24ded13785f67c ------","4.2.0","4.0.0"
"LocalBookKeeper.java","BOOKKEEPER-327","2012-07-23 23:39","tree 2d409e9d42393257beea7cf5ae24ded13785f67c ------","4.1.1","4.0.0"
"MathUtils.java","BOOKKEEPER-327","2012-07-23 23:39","tree 2d409e9d42393257beea7cf5ae24ded13785f67c ------","4.1.1","4.0.0"
"BookKeeper.java","BOOKKEEPER-327","2012-07-23 23:39","tree 2d409e9d42393257beea7cf5ae24ded13785f67c ------","4.1.1","4.0.0"
"Bookie.java","BOOKKEEPER-327","2012-07-23 23:39","tree 2d409e9d42393257beea7cf5ae24ded13785f67c ------","4.1.1","4.0.0"
"TestBKStats.java","BOOKKEEPER-327","2012-07-23 23:39","tree 2d409e9d42393257beea7cf5ae24ded13785f67c ------","4.1.1","4.0.0"
"PerChannelBookieClient.java","BOOKKEEPER-327","2012-07-23 23:39","tree 2d409e9d42393257beea7cf5ae24ded13785f67c ------","4.1.1","4.0.0"
"BKStats.java","BOOKKEEPER-327","2012-07-23 23:39","tree 2d409e9d42393257beea7cf5ae24ded13785f67c ------","4.1.1","4.0.0"
"Journal.java","BOOKKEEPER-327","2012-07-23 23:39","tree 2d409e9d42393257beea7cf5ae24ded13785f67c ------","4.1.1","4.0.0"
"GarbageCollectorThread.java","BOOKKEEPER-327","2012-07-23 23:39","tree 2d409e9d42393257beea7cf5ae24ded13785f67c ------","4.1.1","4.0.0"
"BookieServer.java","BOOKKEEPER-327","2012-07-23 23:39","tree 2d409e9d42393257beea7cf5ae24ded13785f67c ------","4.1.1","4.0.0"
"LedgerDescriptorImpl.java","BOOKKEEPER-500","2012-12-18 13:04","tree 3ec5a619b9e7997e43d8ddc18999ae8a9b4ff733 ------","4.2.0","4.1.0"
"LedgerDescriptorReadOnlyImpl.java","BOOKKEEPER-500","2012-12-18 13:04","tree 3ec5a619b9e7997e43d8ddc18999ae8a9b4ff733 ------","4.2.0","4.1.0"
"LedgerCacheImpl.java","BOOKKEEPER-500","2012-12-18 13:04","tree 3ec5a619b9e7997e43d8ddc18999ae8a9b4ff733 ------","4.2.0","4.1.0"
"InterleavedLedgerStorage.java","BOOKKEEPER-500","2012-12-18 13:04","tree 3ec5a619b9e7997e43d8ddc18999ae8a9b4ff733 ------","4.2.0","4.1.0"
"JournalChannel.java","BOOKKEEPER-500","2012-12-18 13:04","tree 3ec5a619b9e7997e43d8ddc18999ae8a9b4ff733 ------","4.2.0","4.1.0"
"TestFencing.java","BOOKKEEPER-500","2012-12-18 13:04","tree 3ec5a619b9e7997e43d8ddc18999ae8a9b4ff733 ------","4.2.0","4.1.0"
"LedgerStorage.java","BOOKKEEPER-500","2012-12-18 13:04","tree 3ec5a619b9e7997e43d8ddc18999ae8a9b4ff733 ------","4.2.0","4.1.0"
"FileInfo.java","BOOKKEEPER-500","2012-12-18 13:04","tree 3ec5a619b9e7997e43d8ddc18999ae8a9b4ff733 ------","4.2.0","4.1.0"
"LedgerDescriptor.java","BOOKKEEPER-500","2012-12-18 13:04","tree 3ec5a619b9e7997e43d8ddc18999ae8a9b4ff733 ------","4.2.0","4.1.0"
"Bookie.java","BOOKKEEPER-500","2012-12-18 13:04","tree 3ec5a619b9e7997e43d8ddc18999ae8a9b4ff733 ------","4.2.0","4.1.0"
"LedgerCache.java","BOOKKEEPER-500","2012-12-18 13:04","tree 3ec5a619b9e7997e43d8ddc18999ae8a9b4ff733 ------","4.2.0","4.1.0"
"BookieReadWriteTest.java","BOOKKEEPER-408","2012-12-13 18:34","tree cb5bffcee92cd44f5fe63710485cb0bc5d000bad ------","4.2.0","4.1.0"
"TestClient.java","BOOKKEEPER-396","2012-09-11 10:30","tree 2a97166fc4cca802266c707f79d1e16cedb65338 ------","4.2.0","4.1.0"
"TestClient.java","BOOKKEEPER-396","2012-09-11 10:30","tree 2a97166fc4cca802266c707f79d1e16cedb65338 ------","4.1.1","4.1.0"
"UpgradeTest.java","BOOKKEEPER-387","2012-09-07 07:26","tree efb3ed239dc047ec36d0e38612479d2c569cbd01 ------","4.2.0","4.1.0"
"FileSystemUpgrade.java","BOOKKEEPER-387","2012-09-07 07:26","tree efb3ed239dc047ec36d0e38612479d2c569cbd01 ------","4.2.0","4.1.0"
"UpgradeTest.java","BOOKKEEPER-387","2012-09-07 07:26","tree efb3ed239dc047ec36d0e38612479d2c569cbd01 ------","4.1.1","4.1.0"
"FileSystemUpgrade.java","BOOKKEEPER-387","2012-09-07 07:26","tree efb3ed239dc047ec36d0e38612479d2c569cbd01 ------","4.1.1","4.1.0"
"ReadOnlyLedgerHandle.java","BOOKKEEPER-355","2013-01-07 12:25","tree 0ebce665e8dee4441d9e07046b31b9662eeb3243 ------","4.2.0","4.1.0"
"LedgerRecoveryTest.java","BOOKKEEPER-355","2013-01-07 12:25","tree 0ebce665e8dee4441d9e07046b31b9662eeb3243 ------","4.2.0","4.1.0"
"LedgerHandle.java","BOOKKEEPER-355","2013-01-07 12:25","tree 0ebce665e8dee4441d9e07046b31b9662eeb3243 ------","4.2.0","4.1.0"
"BookKeeperClusterTestCase.java","BOOKKEEPER-355","2013-01-07 12:25","tree 0ebce665e8dee4441d9e07046b31b9662eeb3243 ------","4.2.0","4.1.0"
"EntryLogger.java","BOOKKEEPER-349","2012-07-26 04:32","tree 8fdffc86b4fc0f9ae4b69104026f51ea65c2a8ba ------","4.2.0","4.1.0"
"BookKeeper.java","BOOKKEEPER-336","2012-12-13 13:07","tree 97c5c6ee11870b9dc00a6d5cf64c1556f6eb418b ------","4.2.0","4.1.0"
"PendingReadOp.java","BOOKKEEPER-336","2012-12-13 13:07","tree 97c5c6ee11870b9dc00a6d5cf64c1556f6eb418b ------","4.2.0","4.1.0"
"TestSpeculativeRead.java","BOOKKEEPER-336","2012-12-13 13:07","tree 97c5c6ee11870b9dc00a6d5cf64c1556f6eb418b ------","4.2.0","4.1.0"
"ClientConfiguration.java","BOOKKEEPER-336","2012-12-13 13:07","tree 97c5c6ee11870b9dc00a6d5cf64c1556f6eb418b ------","4.2.0","4.1.0"
"PerChannelBookieClient.java","BOOKKEEPER-326","2012-08-13 11:38","tree b88da420311f9414b2e88ae82c414c1c6e30a92a ------","4.2.0","4.1.0"
"BookieFailureTest.java","BOOKKEEPER-326","2012-08-13 11:38","tree b88da420311f9414b2e88ae82c414c1c6e30a92a ------","4.2.0","4.1.0"
"PerChannelBookieClient.java","BOOKKEEPER-326","2012-08-13 11:38","tree b88da420311f9414b2e88ae82c414c1c6e30a92a ------","4.1.1","4.1.0"
"BookieFailureTest.java","BOOKKEEPER-326","2012-08-13 11:38","tree b88da420311f9414b2e88ae82c414c1c6e30a92a ------","4.1.1","4.1.0"
"BookieJournalTest.java","BOOKKEEPER-294","2012-07-05 14:45","tree 35b343de7bc3b89b509b91343ee83302333765e1 ------","4.2.0","4.1.0"
"Bookie.java","BOOKKEEPER-294","2012-07-05 14:45","tree 35b343de7bc3b89b509b91343ee83302333765e1 ------","4.2.0","4.1.0"
"BookieInitializationTest.java","BOOKKEEPER-294","2012-07-05 14:45","tree 35b343de7bc3b89b509b91343ee83302333765e1 ------","4.2.0","4.1.0"
"BookieJournalTest.java","BOOKKEEPER-294","2012-07-05 14:45","tree 35b343de7bc3b89b509b91343ee83302333765e1 ------","4.1.1","4.1.0"
"Bookie.java","BOOKKEEPER-294","2012-07-05 14:45","tree 35b343de7bc3b89b509b91343ee83302333765e1 ------","4.1.1","4.1.0"
"BookieInitializationTest.java","BOOKKEEPER-294","2012-07-05 14:45","tree 35b343de7bc3b89b509b91343ee83302333765e1 ------","4.1.1","4.1.0"
"LedgerCacheTest.java","BOOKKEEPER-524","2013-01-07 03:48","tree 612384edb115a0f02feeb202e8e5ea6a569a4001 ------","4.2.0","4.2.0"
"EntryLogger.java","BOOKKEEPER-465","2012-12-10 11:04","tree 50eb0de4931e1eee1186b7e7747433643097d8ce ------","4.2.0","4.2.0"
"CreateNewLogTest.java","BOOKKEEPER-465","2012-12-10 11:04","tree 50eb0de4931e1eee1186b7e7747433643097d8ce ------","4.2.0","4.2.0"
"LedgerCacheTest.java","BOOKKEEPER-447","2012-12-24 06:23","tree b4a630d417c960590296a5e9286e8e472a0dbd6e ------","4.2.0","4.2.0"
"EntryLogger.java","BOOKKEEPER-447","2012-12-24 06:23","tree b4a630d417c960590296a5e9286e8e472a0dbd6e ------","4.2.0","4.2.0"
"Bookie.java","BOOKKEEPER-447","2012-12-24 06:23","tree b4a630d417c960590296a5e9286e8e472a0dbd6e ------","4.2.0","4.2.0"
"LedgerCacheTest.java","BOOKKEEPER-447","2012-12-24 06:23","tree b4a630d417c960590296a5e9286e8e472a0dbd6e ------","4.1.1","4.2.0"
"EntryLogger.java","BOOKKEEPER-447","2012-12-24 06:23","tree b4a630d417c960590296a5e9286e8e472a0dbd6e ------","4.1.1","4.2.0"
"Bookie.java","BOOKKEEPER-447","2012-12-24 06:23","tree b4a630d417c960590296a5e9286e8e472a0dbd6e ------","4.1.1","4.2.0"
"LedgerHandle.java","BOOKKEEPER-403","2012-09-14 11:53","tree 0869e23c83976a1c79fa993415a8aa3d06c4fbaf ------","4.2.0","4.2.0"
"TestBKStats.java","BOOKKEEPER-352","2012-07-27 15:51","tree 0cf6b73e13f37d1b3e63d64abeb1533d5c501258 ------","4.2.0","4.2.0"
"TestBKStats.java","BOOKKEEPER-352","2012-07-27 15:51","tree 0cf6b73e13f37d1b3e63d64abeb1533d5c501258 ------","4.1.1","4.2.0"
"BookKeeperTest.java","BOOKKEEPER-351","2012-12-03 06:23","tree a4c778f13a5a07cf204eb47b860ac7b77a45e6a0 ------","4.2.0","4.2.0"
"ReadOnlyLedgerHandle.java","BOOKKEEPER-280","2012-06-29 18:43","tree 41ae7dfccbfc308983f9f83879e707fc8c0a9832 ------","4.2.0","4.2.0"
"LedgerHandle.java","BOOKKEEPER-280","2012-06-29 18:43","tree 41ae7dfccbfc308983f9f83879e707fc8c0a9832 ------","4.2.0","4.2.0"
"LedgerManagerIteratorTest.java","BOOKKEEPER-568","2013-02-15 05:31","tree 6e6c8d9803f9c64e3a99d4f4de7ceb07526d64ed ------","4.2.1","4.2.0"
"LedgerManagerIteratorTest.java","BOOKKEEPER-568","2013-02-15 05:31","tree 6e6c8d9803f9c64e3a99d4f4de7ceb07526d64ed ------","4.3.0","4.2.0"
"LedgerCacheTest.java","BOOKKEEPER-554","2013-02-12 06:00","tree 61751de438afd9d9c7fbb476e2959745450c41c4 ------","4.2.1","4.2.0"
"LedgerCacheTest.java","BOOKKEEPER-554","2013-02-12 06:00","tree 61751de438afd9d9c7fbb476e2959745450c41c4 ------","4.3.0","4.2.0"
"LedgerManagerTestCase.java","BOOKKEEPER-596","2013-04-04 11:21","tree 268f594f124ad00f1f62fb3162cfa8d5b40ff1ed ------","4.2.2","4.2.0"
"MSLedgerManagerFactory.java","BOOKKEEPER-596","2013-04-04 11:21","tree 268f594f124ad00f1f62fb3162cfa8d5b40ff1ed ------","4.2.2","4.2.0"
"HierarchicalLedgerManager.java","BOOKKEEPER-596","2013-04-04 11:21","tree 268f594f124ad00f1f62fb3162cfa8d5b40ff1ed ------","4.2.2","4.2.0"
"ScanAndCompareGarbageCollector.java","BOOKKEEPER-596","2013-04-04 11:21","tree 268f594f124ad00f1f62fb3162cfa8d5b40ff1ed ------","4.2.2","4.2.0"
"LedgerManager.java","BOOKKEEPER-596","2013-04-04 11:21","tree 268f594f124ad00f1f62fb3162cfa8d5b40ff1ed ------","4.2.2","4.2.0"
"GcLedgersTest.java","BOOKKEEPER-596","2013-04-04 11:21","tree 268f594f124ad00f1f62fb3162cfa8d5b40ff1ed ------","4.2.2","4.2.0"
"FlatLedgerManager.java","BOOKKEEPER-596","2013-04-04 11:21","tree 268f594f124ad00f1f62fb3162cfa8d5b40ff1ed ------","4.2.2","4.2.0"
"InMemoryMetastoreCursor.java","BOOKKEEPER-596","2013-04-04 11:21","tree 268f594f124ad00f1f62fb3162cfa8d5b40ff1ed ------","4.2.2","4.2.0"
"LedgerManagerTestCase.java","BOOKKEEPER-596","2013-04-04 11:21","tree 268f594f124ad00f1f62fb3162cfa8d5b40ff1ed ------","4.3.0","4.2.0"
"MSLedgerManagerFactory.java","BOOKKEEPER-596","2013-04-04 11:21","tree 268f594f124ad00f1f62fb3162cfa8d5b40ff1ed ------","4.3.0","4.2.0"
"HierarchicalLedgerManager.java","BOOKKEEPER-596","2013-04-04 11:21","tree 268f594f124ad00f1f62fb3162cfa8d5b40ff1ed ------","4.3.0","4.2.0"
"ScanAndCompareGarbageCollector.java","BOOKKEEPER-596","2013-04-04 11:21","tree 268f594f124ad00f1f62fb3162cfa8d5b40ff1ed ------","4.3.0","4.2.0"
"LedgerManager.java","BOOKKEEPER-596","2013-04-04 11:21","tree 268f594f124ad00f1f62fb3162cfa8d5b40ff1ed ------","4.3.0","4.2.0"
"GcLedgersTest.java","BOOKKEEPER-596","2013-04-04 11:21","tree 268f594f124ad00f1f62fb3162cfa8d5b40ff1ed ------","4.3.0","4.2.0"
"FlatLedgerManager.java","BOOKKEEPER-596","2013-04-04 11:21","tree 268f594f124ad00f1f62fb3162cfa8d5b40ff1ed ------","4.3.0","4.2.0"
"InMemoryMetastoreCursor.java","BOOKKEEPER-596","2013-04-04 11:21","tree 268f594f124ad00f1f62fb3162cfa8d5b40ff1ed ------","4.3.0","4.2.0"
"LedgerHandle.java","BOOKKEEPER-584","2013-04-26 18:38","tree dc772396ef45aebe17d1624a66f4c65e7de285c2 ------","4.2.2","4.2.0"
"BookieWriteLedgerTest.java","BOOKKEEPER-584","2013-04-26 18:38","tree dc772396ef45aebe17d1624a66f4c65e7de285c2 ------","4.2.2","4.2.0"
"LedgerCloseTest.java","BOOKKEEPER-584","2013-04-26 18:38","tree dc772396ef45aebe17d1624a66f4c65e7de285c2 ------","4.2.2","4.2.0"
"PendingAddOp.java","BOOKKEEPER-584","2013-04-26 18:38","tree dc772396ef45aebe17d1624a66f4c65e7de285c2 ------","4.2.2","4.2.0"
"LedgerMetadataImpl.java","BOOKKEEPER-584","2013-04-26 18:38","tree dc772396ef45aebe17d1624a66f4c65e7de285c2 ------","4.2.2","4.2.0"
"LedgerHandle.java","BOOKKEEPER-584","2013-04-26 18:38","tree dc772396ef45aebe17d1624a66f4c65e7de285c2 ------","4.3.0","4.2.0"
"BookieWriteLedgerTest.java","BOOKKEEPER-584","2013-04-26 18:38","tree dc772396ef45aebe17d1624a66f4c65e7de285c2 ------","4.3.0","4.2.0"
"LedgerCloseTest.java","BOOKKEEPER-584","2013-04-26 18:38","tree dc772396ef45aebe17d1624a66f4c65e7de285c2 ------","4.3.0","4.2.0"
"PendingAddOp.java","BOOKKEEPER-584","2013-04-26 18:38","tree dc772396ef45aebe17d1624a66f4c65e7de285c2 ------","4.3.0","4.2.0"
"LedgerMetadataImpl.java","BOOKKEEPER-584","2013-04-26 18:38","tree dc772396ef45aebe17d1624a66f4c65e7de285c2 ------","4.3.0","4.2.0"
"PendingReadOp.java","BOOKKEEPER-581","2013-03-25 18:02","tree 89cdb320a68c06718625de98def4850ca57f8af6 ------","4.2.2","4.2.0"
"LedgerRecoveryOp.java","BOOKKEEPER-581","2013-03-25 18:02","tree 89cdb320a68c06718625de98def4850ca57f8af6 ------","4.2.2","4.2.0"
"LedgerMetadataImpl.java","BOOKKEEPER-581","2013-03-25 18:02","tree 89cdb320a68c06718625de98def4850ca57f8af6 ------","4.2.2","4.2.0"
"LedgerRecoveryTest.java","BOOKKEEPER-581","2013-03-25 18:02","tree 89cdb320a68c06718625de98def4850ca57f8af6 ------","4.2.2","4.2.0"
"PendingReadOp.java","BOOKKEEPER-581","2013-03-25 18:02","tree 89cdb320a68c06718625de98def4850ca57f8af6 ------","4.3.0","4.2.0"
"LedgerRecoveryOp.java","BOOKKEEPER-581","2013-03-25 18:02","tree 89cdb320a68c06718625de98def4850ca57f8af6 ------","4.3.0","4.2.0"
"LedgerMetadataImpl.java","BOOKKEEPER-581","2013-03-25 18:02","tree 89cdb320a68c06718625de98def4850ca57f8af6 ------","4.3.0","4.2.0"
"LedgerRecoveryTest.java","BOOKKEEPER-581","2013-03-25 18:02","tree 89cdb320a68c06718625de98def4850ca57f8af6 ------","4.3.0","4.2.0"
"AuditorElector.java","BOOKKEEPER-559","2013-03-05 18:45","tree 32298c55acbb52ed73ae728951af29c91ffac025 ------","4.2.2","4.2.0"
"AuditorElector.java","BOOKKEEPER-559","2013-03-05 18:45","tree 32298c55acbb52ed73ae728951af29c91ffac025 ------","4.3.0","4.2.0"
"BKException.java","BOOKKEEPER-446","2013-09-10 15:14","tree 767838f3a63010b61a246903d44ab2a5c7b95cdd ------","4.2.2","4.2.0"
"LedgerCreateDeleteTest.java","BOOKKEEPER-446","2013-09-10 15:14","tree 767838f3a63010b61a246903d44ab2a5c7b95cdd ------","4.2.2","4.2.0"
"BookKeeper.java","BOOKKEEPER-446","2013-09-10 15:14","tree 767838f3a63010b61a246903d44ab2a5c7b95cdd ------","4.2.2","4.2.0"
"BKException.java","BOOKKEEPER-446","2013-09-10 15:14","tree 767838f3a63010b61a246903d44ab2a5c7b95cdd ------","4.3.0","4.2.0"
"LedgerCreateDeleteTest.java","BOOKKEEPER-446","2013-09-10 15:14","tree 767838f3a63010b61a246903d44ab2a5c7b95cdd ------","4.3.0","4.2.0"
"BookKeeper.java","BOOKKEEPER-446","2013-09-10 15:14","tree 767838f3a63010b61a246903d44ab2a5c7b95cdd ------","4.3.0","4.2.0"
"TestPerChannelBookieClient.java","BOOKKEEPER-668","2013-08-20 12:51","tree 3d3c9546d399234aaaa92abd6bab59f8c20efc64 ------","4.2.2","4.2.1"
"PerChannelBookieClient.java","BOOKKEEPER-668","2013-08-20 12:51","tree 3d3c9546d399234aaaa92abd6bab59f8c20efc64 ------","4.2.2","4.2.1"
"TestPerChannelBookieClient.java","BOOKKEEPER-668","2013-08-20 12:51","tree 3d3c9546d399234aaaa92abd6bab59f8c20efc64 ------","4.3.0","4.2.1"
"PerChannelBookieClient.java","BOOKKEEPER-668","2013-08-20 12:51","tree 3d3c9546d399234aaaa92abd6bab59f8c20efc64 ------","4.3.0","4.2.1"
"LedgerMetadataImpl.java","BOOKKEEPER-667","2013-08-13 14:32","tree fa865c5567f6c52d7ef685c7ff2ebcc705bf56cf ------","4.2.2","4.2.1"
"BookieRecoveryTest.java","BOOKKEEPER-667","2013-08-13 14:32","tree fa865c5567f6c52d7ef685c7ff2ebcc705bf56cf ------","4.2.2","4.2.1"
"LedgerMetadataImpl.java","BOOKKEEPER-667","2013-08-13 14:32","tree fa865c5567f6c52d7ef685c7ff2ebcc705bf56cf ------","4.3.0","4.2.1"
"BookieRecoveryTest.java","BOOKKEEPER-667","2013-08-13 14:32","tree fa865c5567f6c52d7ef685c7ff2ebcc705bf56cf ------","4.3.0","4.2.1"
"EntryLogger.java","BOOKKEEPER-664","2013-10-22 07:44","tree 92133aaccbff38a5ec7c5d53a0dc11027494a654 ------","4.2.2","4.2.1"
"GarbageCollectorThread.java","BOOKKEEPER-664","2013-10-22 07:44","tree 92133aaccbff38a5ec7c5d53a0dc11027494a654 ------","4.2.2","4.2.1"
"CompactionTest.java","BOOKKEEPER-664","2013-10-22 07:44","tree 92133aaccbff38a5ec7c5d53a0dc11027494a654 ------","4.2.2","4.2.1"
"ServerConfiguration.java","BOOKKEEPER-664","2013-10-22 07:44","tree 92133aaccbff38a5ec7c5d53a0dc11027494a654 ------","4.2.2","4.2.1"
"EntryLogger.java","BOOKKEEPER-664","2013-10-22 07:44","tree 92133aaccbff38a5ec7c5d53a0dc11027494a654 ------","4.3.0","4.2.1"
"GarbageCollectorThread.java","BOOKKEEPER-664","2013-10-22 07:44","tree 92133aaccbff38a5ec7c5d53a0dc11027494a654 ------","4.3.0","4.2.1"
"CompactionTest.java","BOOKKEEPER-664","2013-10-22 07:44","tree 92133aaccbff38a5ec7c5d53a0dc11027494a654 ------","4.3.0","4.2.1"
"ServerConfiguration.java","BOOKKEEPER-664","2013-10-22 07:44","tree 92133aaccbff38a5ec7c5d53a0dc11027494a654 ------","4.3.0","4.2.1"
"JournalChannel.java","BOOKKEEPER-636","2013-07-04 14:01","tree e79ff2eb54f0e4bee6f86cdf3f7d904b871c2ad9 ------","4.2.2","4.2.1"
"Journal.java","BOOKKEEPER-636","2013-07-04 14:01","tree e79ff2eb54f0e4bee6f86cdf3f7d904b871c2ad9 ------","4.2.2","4.2.1"
"JournalChannel.java","BOOKKEEPER-636","2013-07-04 14:01","tree e79ff2eb54f0e4bee6f86cdf3f7d904b871c2ad9 ------","4.3.0","4.2.1"
"Journal.java","BOOKKEEPER-636","2013-07-04 14:01","tree e79ff2eb54f0e4bee6f86cdf3f7d904b871c2ad9 ------","4.3.0","4.2.1"
"BookKeeperAdmin.java","BOOKKEEPER-632","2013-08-21 13:19","tree 560d294720e17e27908b65b6c4fb3b43274e881e ------","4.2.2","4.2.1"
"AuditorElector.java","BOOKKEEPER-632","2013-08-21 13:19","tree 560d294720e17e27908b65b6c4fb3b43274e881e ------","4.2.2","4.2.1"
"Auditor.java","BOOKKEEPER-632","2013-08-21 13:19","tree 560d294720e17e27908b65b6c4fb3b43274e881e ------","4.2.2","4.2.1"
"AutoRecoveryMainTest.java","BOOKKEEPER-632","2013-08-21 13:19","tree 560d294720e17e27908b65b6c4fb3b43274e881e ------","4.2.2","4.2.1"
"BookiesListener.java","BOOKKEEPER-632","2013-08-21 13:19","tree 560d294720e17e27908b65b6c4fb3b43274e881e ------","4.2.2","4.2.1"
"AuditorLedgerCheckerTest.java","BOOKKEEPER-632","2013-08-21 13:19","tree 560d294720e17e27908b65b6c4fb3b43274e881e ------","4.2.2","4.2.1"
"BookKeeperAdmin.java","BOOKKEEPER-632","2013-08-21 13:19","tree 560d294720e17e27908b65b6c4fb3b43274e881e ------","4.3.0","4.2.1"
"AuditorElector.java","BOOKKEEPER-632","2013-08-21 13:19","tree 560d294720e17e27908b65b6c4fb3b43274e881e ------","4.3.0","4.2.1"
"Auditor.java","BOOKKEEPER-632","2013-08-21 13:19","tree 560d294720e17e27908b65b6c4fb3b43274e881e ------","4.3.0","4.2.1"
"AutoRecoveryMainTest.java","BOOKKEEPER-632","2013-08-21 13:19","tree 560d294720e17e27908b65b6c4fb3b43274e881e ------","4.3.0","4.2.1"
"BookiesListener.java","BOOKKEEPER-632","2013-08-21 13:19","tree 560d294720e17e27908b65b6c4fb3b43274e881e ------","4.3.0","4.2.1"
"AuditorLedgerCheckerTest.java","BOOKKEEPER-632","2013-08-21 13:19","tree 560d294720e17e27908b65b6c4fb3b43274e881e ------","4.3.0","4.2.1"
"LedgerCloseTest.java","BOOKKEEPER-623","2013-06-26 03:27","tree 086c6c3ce462566657f9e10a94ead731c50cc569 ------","4.2.2","4.2.1"
"LedgerCloseTest.java","BOOKKEEPER-623","2013-06-26 03:27","tree 086c6c3ce462566657f9e10a94ead731c50cc569 ------","4.3.0","4.2.1"
"BookieInitializationTest.java","BOOKKEEPER-619","2013-06-21 18:51","tree cfdf97e58fa188d30c11c6830a8f08fcb3618087 ------","4.2.2","4.2.1"
"BookieInitializationTest.java","BOOKKEEPER-619","2013-06-21 18:51","tree cfdf97e58fa188d30c11c6830a8f08fcb3618087 ------","4.3.0","4.2.1"
"ReadOnlyBookieTest.java","BOOKKEEPER-583","2013-03-25 06:48","tree effa3e92e565b3460aa3987b8a3c1ea805f3ba1c ------","4.2.2","4.2.1"
"ReadOnlyBookieTest.java","BOOKKEEPER-583","2013-03-25 06:48","tree effa3e92e565b3460aa3987b8a3c1ea805f3ba1c ------","4.3.0","4.2.1"
"Bookie.java","BOOKKEEPER-313","2013-06-21 19:26","tree be3055f2a9cc4969c0e94ec5479d6adf00eec492 ------","4.2.2","4.2.1"
"BookieShutdownTest.java","BOOKKEEPER-313","2013-06-21 19:26","tree be3055f2a9cc4969c0e94ec5479d6adf00eec492 ------","4.2.2","4.2.1"
"Bookie.java","BOOKKEEPER-313","2013-06-21 19:26","tree be3055f2a9cc4969c0e94ec5479d6adf00eec492 ------","4.3.0","4.2.1"
"BookieShutdownTest.java","BOOKKEEPER-313","2013-06-21 19:26","tree be3055f2a9cc4969c0e94ec5479d6adf00eec492 ------","4.3.0","4.2.1"
"PerChannelBookieClient.java","BOOKKEEPER-688","2013-10-22 07:35","tree 6108a2b0546199dbdae765c9d6f03ef47a294ddc ------","4.3.0","4.2.0"
"PerChannelBookieClient.java","BOOKKEEPER-688","2013-10-22 07:35","tree 6108a2b0546199dbdae765c9d6f03ef47a294ddc ------","4.2.3","4.2.0"
"BookieInitializationTest.java","BOOKKEEPER-686","2013-10-02 07:01","tree bdd19148d01e2d526b102178891f2dbde9b6b095 ------","4.3.0","4.2.0"
"Bookie.java","BOOKKEEPER-686","2013-10-02 07:01","tree bdd19148d01e2d526b102178891f2dbde9b6b095 ------","4.3.0","4.2.0"
"LedgerDirsManager.java","BOOKKEEPER-686","2013-10-02 07:01","tree bdd19148d01e2d526b102178891f2dbde9b6b095 ------","4.3.0","4.2.0"
"BookKeeperAdmin.java","BOOKKEEPER-654","2014-02-21 19:01","tree 4cdc5225d81aafa5d3ccceffb1d14590b5a873c2 ------","4.3.0","4.2.0"
"LedgerFragmentReplicator.java","BOOKKEEPER-654","2014-02-21 19:01","tree 4cdc5225d81aafa5d3ccceffb1d14590b5a873c2 ------","4.3.0","4.2.0"
"BKException.java","BOOKKEEPER-654","2014-02-21 19:01","tree 4cdc5225d81aafa5d3ccceffb1d14590b5a873c2 ------","4.3.0","4.2.0"
"BookKeeperCloseTest.java","BOOKKEEPER-654","2014-02-21 19:01","tree 4cdc5225d81aafa5d3ccceffb1d14590b5a873c2 ------","4.3.0","4.2.0"
"LedgerHandle.java","BOOKKEEPER-654","2014-02-21 19:01","tree 4cdc5225d81aafa5d3ccceffb1d14590b5a873c2 ------","4.3.0","4.2.0"
"PendingAddOp.java","BOOKKEEPER-654","2014-02-21 19:01","tree 4cdc5225d81aafa5d3ccceffb1d14590b5a873c2 ------","4.3.0","4.2.0"
"BookKeeper.java","BOOKKEEPER-654","2014-02-21 19:01","tree 4cdc5225d81aafa5d3ccceffb1d14590b5a873c2 ------","4.3.0","4.2.0"
"LedgerChecker.java","BOOKKEEPER-654","2014-02-21 19:01","tree 4cdc5225d81aafa5d3ccceffb1d14590b5a873c2 ------","4.3.0","4.2.0"
"LedgerOpenOp.java","BOOKKEEPER-654","2014-02-21 19:01","tree 4cdc5225d81aafa5d3ccceffb1d14590b5a873c2 ------","4.3.0","4.2.0"
"CleanupLedgerManager.java","BOOKKEEPER-654","2014-02-21 19:01","tree 4cdc5225d81aafa5d3ccceffb1d14590b5a873c2 ------","4.3.0","4.2.0"
"ReadLastConfirmedOp.java","BOOKKEEPER-654","2014-02-21 19:01","tree 4cdc5225d81aafa5d3ccceffb1d14590b5a873c2 ------","4.3.0","4.2.0"
"PerChannelBookieClient.java","BOOKKEEPER-654","2014-02-21 19:01","tree 4cdc5225d81aafa5d3ccceffb1d14590b5a873c2 ------","4.3.0","4.2.0"
"ClientConfiguration.java","BOOKKEEPER-602","2013-10-29 05:14","tree dbad826dbd34a3e9be25c2efdb4d51c4754f4d88 ------","4.3.0","4.2.0"
"SlowBookieTest.java","BOOKKEEPER-602","2013-10-29 05:14","tree dbad826dbd34a3e9be25c2efdb4d51c4754f4d88 ------","4.3.0","4.2.0"
"BookieClient.java","BOOKKEEPER-602","2013-10-29 05:14","tree dbad826dbd34a3e9be25c2efdb4d51c4754f4d88 ------","4.3.0","4.2.0"
"TestSpeculativeRead.java","BOOKKEEPER-602","2013-10-29 05:14","tree dbad826dbd34a3e9be25c2efdb4d51c4754f4d88 ------","4.3.0","4.2.0"
"BenchThroughputLatency.java","BOOKKEEPER-602","2013-10-29 05:14","tree dbad826dbd34a3e9be25c2efdb4d51c4754f4d88 ------","4.3.0","4.2.0"
"LedgerCloseTest.java","BOOKKEEPER-602","2013-10-29 05:14","tree dbad826dbd34a3e9be25c2efdb4d51c4754f4d88 ------","4.3.0","4.2.0"
"BenchReadThroughputLatency.java","BOOKKEEPER-602","2013-10-29 05:14","tree dbad826dbd34a3e9be25c2efdb4d51c4754f4d88 ------","4.3.0","4.2.0"
"TestReadTimeout.java","BOOKKEEPER-602","2013-10-29 05:14","tree dbad826dbd34a3e9be25c2efdb4d51c4754f4d88 ------","4.3.0","4.2.0"
"PerChannelBookieClient.java","BOOKKEEPER-602","2013-10-29 05:14","tree dbad826dbd34a3e9be25c2efdb4d51c4754f4d88 ------","4.3.0","4.2.0"
"ClientConfiguration.java","BOOKKEEPER-602","2013-10-29 05:14","tree dbad826dbd34a3e9be25c2efdb4d51c4754f4d88 ------","4.2.3","4.2.0"
"SlowBookieTest.java","BOOKKEEPER-602","2013-10-29 05:14","tree dbad826dbd34a3e9be25c2efdb4d51c4754f4d88 ------","4.2.3","4.2.0"
"BookieClient.java","BOOKKEEPER-602","2013-10-29 05:14","tree dbad826dbd34a3e9be25c2efdb4d51c4754f4d88 ------","4.2.3","4.2.0"
"TestSpeculativeRead.java","BOOKKEEPER-602","2013-10-29 05:14","tree dbad826dbd34a3e9be25c2efdb4d51c4754f4d88 ------","4.2.3","4.2.0"
"BenchThroughputLatency.java","BOOKKEEPER-602","2013-10-29 05:14","tree dbad826dbd34a3e9be25c2efdb4d51c4754f4d88 ------","4.2.3","4.2.0"
"LedgerCloseTest.java","BOOKKEEPER-602","2013-10-29 05:14","tree dbad826dbd34a3e9be25c2efdb4d51c4754f4d88 ------","4.2.3","4.2.0"
"BenchReadThroughputLatency.java","BOOKKEEPER-602","2013-10-29 05:14","tree dbad826dbd34a3e9be25c2efdb4d51c4754f4d88 ------","4.2.3","4.2.0"
"TestReadTimeout.java","BOOKKEEPER-602","2013-10-29 05:14","tree dbad826dbd34a3e9be25c2efdb4d51c4754f4d88 ------","4.2.3","4.2.0"
"PerChannelBookieClient.java","BOOKKEEPER-602","2013-10-29 05:14","tree dbad826dbd34a3e9be25c2efdb4d51c4754f4d88 ------","4.2.3","4.2.0"
"BookieServer.java","BOOKKEEPER-641","2013-07-03 17:39","tree b11dd61231791fe65d0bbd88bd7657ac04407a09 ------","4.3.0","4.2.1"
"BenchThroughputLatency.java","BOOKKEEPER-768","2014-07-15 09:09","tree c5851aff651d8e627aa2d7b3c7127e9981e04432 ------","4.3.0","4.2.2"
"BookieNettyServer.java","BOOKKEEPER-638","2013-10-11 16:18","tree 52d711b92305da2107157e4b1f02081c0cc8190f ------","4.3.0","4.3.0"
"TestRackawareEnsemblePlacementPolicy.java","BOOKKEEPER-633","2013-06-26 03:35","tree 4c0782473dae9508d9737ce86db8b61d5079614d ------","4.3.0","4.3.0"
"LedgerHandle.java","BOOKKEEPER-848","2015-04-21 09:39","tree c168cea0a3f3e80c96fb94d71fdaff76df439a7f ------","4.4.0","4.3.0"
"BookieInitializationTest.java","BOOKKEEPER-814","2014-12-10 19:43","tree 05768d7014b80df4256e071c36c649040bb0f57c ------","4.4.0","4.3.0"
"LocalBookKeeper.java","BOOKKEEPER-814","2014-12-10 19:43","tree 05768d7014b80df4256e071c36c649040bb0f57c ------","4.4.0","4.3.0"
"ReadOnlyBookieTest.java","BOOKKEEPER-814","2014-12-10 19:43","tree 05768d7014b80df4256e071c36c649040bb0f57c ------","4.4.0","4.3.0"
"TestEntryLog.java","BOOKKEEPER-814","2014-12-10 19:43","tree 05768d7014b80df4256e071c36c649040bb0f57c ------","4.4.0","4.3.0"
"UpgradeTest.java","BOOKKEEPER-814","2014-12-10 19:43","tree 05768d7014b80df4256e071c36c649040bb0f57c ------","4.4.0","4.3.0"
"CompactionTest.java","BOOKKEEPER-814","2014-12-10 19:43","tree 05768d7014b80df4256e071c36c649040bb0f57c ------","4.4.0","4.3.0"
"ZooKeeperUtil.java","BOOKKEEPER-814","2014-12-10 19:43","tree 05768d7014b80df4256e071c36c649040bb0f57c ------","4.4.0","4.3.0"
"ConcurrentLedgerTest.java","BOOKKEEPER-814","2014-12-10 19:43","tree 05768d7014b80df4256e071c36c649040bb0f57c ------","4.4.0","4.3.0"
"BookieJournalTest.java","BOOKKEEPER-814","2014-12-10 19:43","tree 05768d7014b80df4256e071c36c649040bb0f57c ------","4.4.0","4.3.0"
"BookieZKExpireTest.java","BOOKKEEPER-814","2014-12-10 19:43","tree 05768d7014b80df4256e071c36c649040bb0f57c ------","4.4.0","4.3.0"
"BookieClientTest.java","BOOKKEEPER-814","2014-12-10 19:43","tree 05768d7014b80df4256e071c36c649040bb0f57c ------","4.4.0","4.3.0"
"CookieTest.java","BOOKKEEPER-814","2014-12-10 19:43","tree 05768d7014b80df4256e071c36c649040bb0f57c ------","4.4.0","4.3.0"
"LedgerDirsManagerTest.java","BOOKKEEPER-814","2014-12-10 19:43","tree 05768d7014b80df4256e071c36c649040bb0f57c ------","4.4.0","4.3.0"
"LedgerCacheTest.java","BOOKKEEPER-814","2014-12-10 19:43","tree 05768d7014b80df4256e071c36c649040bb0f57c ------","4.4.0","4.3.0"
"IOUtils.java","BOOKKEEPER-814","2014-12-10 19:43","tree 05768d7014b80df4256e071c36c649040bb0f57c ------","4.4.0","4.3.0"
"TestDiskChecker.java","BOOKKEEPER-814","2014-12-10 19:43","tree 05768d7014b80df4256e071c36c649040bb0f57c ------","4.4.0","4.3.0"
"BookKeeperClusterTestCase.java","BOOKKEEPER-814","2014-12-10 19:43","tree 05768d7014b80df4256e071c36c649040bb0f57c ------","4.4.0","4.3.0"
"BookieInitializationTest.java","BOOKKEEPER-814","2014-12-10 19:43","tree 05768d7014b80df4256e071c36c649040bb0f57c ------","4.3.1","4.3.0"
"LocalBookKeeper.java","BOOKKEEPER-814","2014-12-10 19:43","tree 05768d7014b80df4256e071c36c649040bb0f57c ------","4.3.1","4.3.0"
"ReadOnlyBookieTest.java","BOOKKEEPER-814","2014-12-10 19:43","tree 05768d7014b80df4256e071c36c649040bb0f57c ------","4.3.1","4.3.0"
"TestEntryLog.java","BOOKKEEPER-814","2014-12-10 19:43","tree 05768d7014b80df4256e071c36c649040bb0f57c ------","4.3.1","4.3.0"
"UpgradeTest.java","BOOKKEEPER-814","2014-12-10 19:43","tree 05768d7014b80df4256e071c36c649040bb0f57c ------","4.3.1","4.3.0"
"CompactionTest.java","BOOKKEEPER-814","2014-12-10 19:43","tree 05768d7014b80df4256e071c36c649040bb0f57c ------","4.3.1","4.3.0"
"ZooKeeperUtil.java","BOOKKEEPER-814","2014-12-10 19:43","tree 05768d7014b80df4256e071c36c649040bb0f57c ------","4.3.1","4.3.0"
"ConcurrentLedgerTest.java","BOOKKEEPER-814","2014-12-10 19:43","tree 05768d7014b80df4256e071c36c649040bb0f57c ------","4.3.1","4.3.0"
"BookieJournalTest.java","BOOKKEEPER-814","2014-12-10 19:43","tree 05768d7014b80df4256e071c36c649040bb0f57c ------","4.3.1","4.3.0"
"BookieZKExpireTest.java","BOOKKEEPER-814","2014-12-10 19:43","tree 05768d7014b80df4256e071c36c649040bb0f57c ------","4.3.1","4.3.0"
"BookieClientTest.java","BOOKKEEPER-814","2014-12-10 19:43","tree 05768d7014b80df4256e071c36c649040bb0f57c ------","4.3.1","4.3.0"
"CookieTest.java","BOOKKEEPER-814","2014-12-10 19:43","tree 05768d7014b80df4256e071c36c649040bb0f57c ------","4.3.1","4.3.0"
"LedgerDirsManagerTest.java","BOOKKEEPER-814","2014-12-10 19:43","tree 05768d7014b80df4256e071c36c649040bb0f57c ------","4.3.1","4.3.0"
"LedgerCacheTest.java","BOOKKEEPER-814","2014-12-10 19:43","tree 05768d7014b80df4256e071c36c649040bb0f57c ------","4.3.1","4.3.0"
"IOUtils.java","BOOKKEEPER-814","2014-12-10 19:43","tree 05768d7014b80df4256e071c36c649040bb0f57c ------","4.3.1","4.3.0"
"TestDiskChecker.java","BOOKKEEPER-814","2014-12-10 19:43","tree 05768d7014b80df4256e071c36c649040bb0f57c ------","4.3.1","4.3.0"
"BookKeeperClusterTestCase.java","BOOKKEEPER-814","2014-12-10 19:43","tree 05768d7014b80df4256e071c36c649040bb0f57c ------","4.3.1","4.3.0"
"BookieShell.java","BOOKKEEPER-813","2014-12-06 07:47","tree 9c45487ab72f24742b8314bce7fef9549a68d0f6 ------","4.4.0","4.3.0"
"BookieShell.java","BOOKKEEPER-813","2014-12-06 07:47","tree 9c45487ab72f24742b8314bce7fef9549a68d0f6 ------","4.3.1","4.3.0"
"CleanupLedgerManager.java","BOOKKEEPER-804","2014-12-06 07:38","tree 2f24ef83e5954bb382d204b71e44b65f756d4f8c ------","4.4.0","4.3.0"
"BookKeeperCloseTest.java","BOOKKEEPER-804","2014-12-06 07:38","tree 2f24ef83e5954bb382d204b71e44b65f756d4f8c ------","4.4.0","4.3.0"
"CleanupLedgerManager.java","BOOKKEEPER-804","2014-12-06 07:38","tree 2f24ef83e5954bb382d204b71e44b65f756d4f8c ------","4.3.1","4.3.0"
"BookKeeperCloseTest.java","BOOKKEEPER-804","2014-12-06 07:38","tree 2f24ef83e5954bb382d204b71e44b65f756d4f8c ------","4.3.1","4.3.0"
"CodahaleOpStatsTest.java","BOOKKEEPER-797","2014-11-19 18:00","tree a214d88c83949d1aea0062e469803af5cb464448 ------","4.4.0","4.3.0"
"AuthHandler.java","BOOKKEEPER-917","2016-04-10 05:58","tree 4398e5e5bb1568e1033510114a059121028dd29c ------","4.4.0","4.4.0"
"GarbageCollectorThread.java","BOOKKEEPER-926","2016-05-04 15:55","tree 1b0df4cbd6745d5a1d03589caa1a254739a0da3d ------","4.4.0","4.3.1"
"CompactionTest.java","BOOKKEEPER-926","2016-05-04 15:55","tree 1b0df4cbd6745d5a1d03589caa1a254739a0da3d ------","4.4.0","4.3.1"
"TestReplicationWorker.java","BOOKKEEPER-911","2016-04-27 09:00","tree 0832ca87b8b7d574092b7246fd0f7453ce6dbcc8 ------","4.4.0","4.3.2"
"ZooKeeperUtil.java","BOOKKEEPER-910","2016-04-05 21:52","tree 01c7767c2ca5afbcc2b6a523c33cf86495b1c4ab ------","4.4.0","4.3.2"
"AuditorLedgerCheckerTest.java","BOOKKEEPER-898","2016-03-08 07:18","tree a2edeada552c98edfcdef8f78f50db19ebafd826 ------","4.4.0","4.3.2"
"BookKeeperAdmin.java","BOOKKEEPER-898","2016-03-08 07:18","tree a2edeada552c98edfcdef8f78f50db19ebafd826 ------","4.4.0","4.3.2"
"Auditor.java","BOOKKEEPER-898","2016-03-08 07:18","tree a2edeada552c98edfcdef8f78f50db19ebafd826 ------","4.4.0","4.3.2"
"AbstractZkLedgerManager.java","BOOKKEEPER-890","2016-02-09 08:23","tree 0854b340e5f57df01538daa1916fd9f569882e30 ------","4.4.0","4.3.2"
"Bookie.java","BOOKKEEPER-852","2017-03-28 22:37","tree 2c97b7f92b675bc96be336141b7913ffbda35fcb ------","4.5.0","4.3.0"
"GcLedgersTest.java","BOOKKEEPER-852","2017-03-28 22:37","tree 2c97b7f92b675bc96be336141b7913ffbda35fcb ------","4.5.0","4.3.0"
"SyncThreadTest.java","BOOKKEEPER-852","2017-03-28 22:37","tree 2c97b7f92b675bc96be336141b7913ffbda35fcb ------","4.5.0","4.3.0"
"LedgerStorage.java","BOOKKEEPER-852","2017-03-28 22:37","tree 2c97b7f92b675bc96be336141b7913ffbda35fcb ------","4.5.0","4.3.0"
"LedgerStorageTest.java","BOOKKEEPER-852","2017-03-28 22:37","tree 2c97b7f92b675bc96be336141b7913ffbda35fcb ------","4.5.0","4.3.0"
"HandleFactoryImpl.java","BOOKKEEPER-852","2017-03-28 22:37","tree 2c97b7f92b675bc96be336141b7913ffbda35fcb ------","4.5.0","4.3.0"
"LedgerManagerTestCase.java","BOOKKEEPER-852","2017-03-28 22:37","tree 2c97b7f92b675bc96be336141b7913ffbda35fcb ------","4.5.0","4.3.0"
"InterleavedLedgerStorage.java","BOOKKEEPER-852","2017-03-28 22:37","tree 2c97b7f92b675bc96be336141b7913ffbda35fcb ------","4.5.0","4.3.0"
"ReplicationWorker.java","BOOKKEEPER-1031","2017-04-11 20:14","tree 6373d66c4212c5fb4bcc1b2f3fed93c0d3cc40c5 ------","4.5.0","4.4.0"
"TestAuth.java","BOOKKEEPER-959","2017-01-31 02:14","tree 2fa02bf21dc1841cf5ee5c30087d60dfa24bae55 ------","4.5.0","4.4.0"
"ClientConfiguration.java","BOOKKEEPER-959","2017-01-31 02:14","tree 2fa02bf21dc1841cf5ee5c30087d60dfa24bae55 ------","4.5.0","4.4.0"
"AuthHandler.java","BOOKKEEPER-959","2017-01-31 02:14","tree 2fa02bf21dc1841cf5ee5c30087d60dfa24bae55 ------","4.5.0","4.4.0"
"BookieAuthProvider.java","BOOKKEEPER-959","2017-01-31 02:14","tree 2fa02bf21dc1841cf5ee5c30087d60dfa24bae55 ------","4.5.0","4.4.0"
"AuthCallbacks.java","BOOKKEEPER-959","2017-01-31 02:14","tree 2fa02bf21dc1841cf5ee5c30087d60dfa24bae55 ------","4.5.0","4.4.0"
"TestBackwardCompatCMS42.java","BOOKKEEPER-959","2017-01-31 02:14","tree 2fa02bf21dc1841cf5ee5c30087d60dfa24bae55 ------","4.5.0","4.4.0"
"BookieNettyServer.java","BOOKKEEPER-959","2017-01-31 02:14","tree 2fa02bf21dc1841cf5ee5c30087d60dfa24bae55 ------","4.5.0","4.4.0"
"BookieConnectionPeer.java","BOOKKEEPER-959","2017-01-31 02:14","tree 2fa02bf21dc1841cf5ee5c30087d60dfa24bae55 ------","4.5.0","4.4.0"
"ClientConnectionPeer.java","BOOKKEEPER-959","2017-01-31 02:14","tree 2fa02bf21dc1841cf5ee5c30087d60dfa24bae55 ------","4.5.0","4.4.0"
"AuthAutoRecoveryTest.java","BOOKKEEPER-959","2017-01-31 02:14","tree 2fa02bf21dc1841cf5ee5c30087d60dfa24bae55 ------","4.5.0","4.4.0"
"AuthProviderFactoryFactory.java","BOOKKEEPER-959","2017-01-31 02:14","tree 2fa02bf21dc1841cf5ee5c30087d60dfa24bae55 ------","4.5.0","4.4.0"
"AuthToken.java","BOOKKEEPER-959","2017-01-31 02:14","tree 2fa02bf21dc1841cf5ee5c30087d60dfa24bae55 ------","4.5.0","4.4.0"
"PerChannelBookieClient.java","BOOKKEEPER-959","2017-01-31 02:14","tree 2fa02bf21dc1841cf5ee5c30087d60dfa24bae55 ------","4.5.0","4.4.0"
"ClientAuthProvider.java","BOOKKEEPER-959","2017-01-31 02:14","tree 2fa02bf21dc1841cf5ee5c30087d60dfa24bae55 ------","4.5.0","4.4.0"
"AbstractConfiguration.java","BOOKKEEPER-959","2017-01-31 02:14","tree 2fa02bf21dc1841cf5ee5c30087d60dfa24bae55 ------","4.5.0","4.4.0"
"BookieRequestProcessor.java","BOOKKEEPER-959","2017-01-31 02:14","tree 2fa02bf21dc1841cf5ee5c30087d60dfa24bae55 ------","4.5.0","4.4.0"
"BookKeeperPrincipal.java","BOOKKEEPER-959","2017-01-31 02:14","tree 2fa02bf21dc1841cf5ee5c30087d60dfa24bae55 ------","4.5.0","4.4.0"
"TestPerChannelBookieClient.java","BOOKKEEPER-959","2017-01-31 02:14","tree 2fa02bf21dc1841cf5ee5c30087d60dfa24bae55 ------","4.5.0","4.4.0"
"ConnectionPeer.java","BOOKKEEPER-959","2017-01-31 02:14","tree 2fa02bf21dc1841cf5ee5c30087d60dfa24bae55 ------","4.5.0","4.4.0"
"package-info.java","BOOKKEEPER-959","2017-01-31 02:14","tree 2fa02bf21dc1841cf5ee5c30087d60dfa24bae55 ------","4.5.0","4.4.0"
"LedgerHandleAdv.java","BOOKKEEPER-927","2016-07-26 00:22","tree 0b3705ba03739b3a04f84269af8399b421acf365 ------","4.5.0","4.3.2"
"LedgerHandleAdv.java","BOOKKEEPER-924","2016-10-13 09:27","tree bf823000cc2827958beba614671f89cb1de7c456 ------","4.5.0","4.3.2"
"BookKeeperAdmin.java","BOOKKEEPER-924","2016-10-13 09:27","tree bf823000cc2827958beba614671f89cb1de7c456 ------","4.5.0","4.3.2"
"BookKeeper.java","BOOKKEEPER-924","2016-10-13 09:27","tree bf823000cc2827958beba614671f89cb1de7c456 ------","4.5.0","4.3.2"
"BKException.java","BOOKKEEPER-908","2016-07-11 22:53","tree 4afc908ae4880cb16b37c07555e5a343945a8d92 ------","4.5.0","4.3.2"
"LedgerMetadataCreationTest.java","BOOKKEEPER-1103","2017-07-28 22:34","tree 93fea7e42efff503c758ae40367f1d870fa16a32 ------","4.5.0","4.5.0"
"BookieInfoReader.java","BOOKKEEPER-1102","2017-08-01 08:34","tree 4dba2e3de7a6f79798c80b1d2d606fad0ec621a4 ------","4.5.0","4.5.0"
"BookKeeperClusterTestCase.java","BOOKKEEPER-1102","2017-08-01 08:34","tree 4dba2e3de7a6f79798c80b1d2d606fad0ec621a4 ------","4.5.0","4.5.0"
"ClientConfiguration.java","BOOKKEEPER-1102","2017-08-01 08:34","tree 4dba2e3de7a6f79798c80b1d2d606fad0ec621a4 ------","4.5.0","4.5.0"
"BookKeeperDiskSpaceWeightedLedgerPlacementTest.java","BOOKKEEPER-1102","2017-08-01 08:34","tree 4dba2e3de7a6f79798c80b1d2d606fad0ec621a4 ------","4.5.0","4.5.0"
"BookieNettyServer.java","BOOKKEEPER-1071","2017-06-01 09:47","tree a29b6b84b49c973f8afbfc45e4c2297eab2fffb7 ------","4.5.0","4.5.0"
"IndexPersistenceMgr.java","BOOKKEEPER-940","2016-07-14 23:02","tree 942bcd0bf39497232f54b6fec22a012fc4311c4f ------","4.5.0","4.5.0"
"ZkLedgerUnderreplicationManager.java","BOOKKEEPER-940","2016-07-14 23:02","tree 942bcd0bf39497232f54b6fec22a012fc4311c4f ------","4.5.0","4.5.0"
"BenchThroughputLatency.java","BOOKKEEPER-940","2016-07-14 23:02","tree 942bcd0bf39497232f54b6fec22a012fc4311c4f ------","4.5.0","4.5.0"
"AuditorElector.java","BOOKKEEPER-940","2016-07-14 23:02","tree 942bcd0bf39497232f54b6fec22a012fc4311c4f ------","4.5.0","4.5.0"
"FileSystemUpgrade.java","BOOKKEEPER-940","2016-07-14 23:02","tree 942bcd0bf39497232f54b6fec22a012fc4311c4f ------","4.5.0","4.5.0"
"BookKeeperAdmin.java","BOOKKEEPER-940","2016-07-14 23:02","tree 942bcd0bf39497232f54b6fec22a012fc4311c4f ------","4.5.0","4.5.0"
"Value.java","BOOKKEEPER-940","2016-07-14 23:02","tree 942bcd0bf39497232f54b6fec22a012fc4311c4f ------","4.5.0","4.5.0"
"EntryLogger.java","BOOKKEEPER-940","2016-07-14 23:02","tree 942bcd0bf39497232f54b6fec22a012fc4311c4f ------","4.5.0","4.5.0"
"TestClient.java","BOOKKEEPER-940","2016-07-14 23:02","tree 942bcd0bf39497232f54b6fec22a012fc4311c4f ------","4.5.0","4.5.0"
"BenchReadThroughputLatency.java","BOOKKEEPER-940","2016-07-14 23:02","tree 942bcd0bf39497232f54b6fec22a012fc4311c4f ------","4.5.0","4.5.0"
"Journal.java","BOOKKEEPER-940","2016-07-14 23:02","tree 942bcd0bf39497232f54b6fec22a012fc4311c4f ------","4.5.0","4.5.0"
"Bookie.java","BOOKKEEPER-940","2016-07-14 23:02","tree 942bcd0bf39497232f54b6fec22a012fc4311c4f ------","4.5.0","4.5.0"
"MetastoreTable.java","BOOKKEEPER-940","2016-07-14 23:02","tree 942bcd0bf39497232f54b6fec22a012fc4311c4f ------","4.5.0","4.5.0"
"BenchBookie.java","BOOKKEEPER-940","2016-07-14 23:02","tree 942bcd0bf39497232f54b6fec22a012fc4311c4f ------","4.5.0","4.5.0"
"LedgerLayout.java","BOOKKEEPER-940","2016-07-14 23:02","tree 942bcd0bf39497232f54b6fec22a012fc4311c4f ------","4.5.0","4.5.0"
"DNSToSwitchMapping.java","BOOKKEEPER-1105","2017-08-16 03:41","tree b52e8195c9ca5ee805a84f6a458b2d7c51bf2cac ------","4.6.0","4.5.0"
"TestRackawareEnsemblePlacementPolicyUsingScript.java","BOOKKEEPER-1105","2017-08-16 03:41","tree b52e8195c9ca5ee805a84f6a458b2d7c51bf2cac ------","4.6.0","4.5.0"
"StaticDNSResolver.java","BOOKKEEPER-1105","2017-08-16 03:41","tree b52e8195c9ca5ee805a84f6a458b2d7c51bf2cac ------","4.6.0","4.5.0"
"RackawareEnsemblePlacementPolicyImpl.java","BOOKKEEPER-1105","2017-08-16 03:41","tree b52e8195c9ca5ee805a84f6a458b2d7c51bf2cac ------","4.6.0","4.5.0"
"NetUtils.java","BOOKKEEPER-1105","2017-08-16 03:41","tree b52e8195c9ca5ee805a84f6a458b2d7c51bf2cac ------","4.6.0","4.5.0"
"RegionAwareEnsemblePlacementPolicy.java","BOOKKEEPER-1105","2017-08-16 03:41","tree b52e8195c9ca5ee805a84f6a458b2d7c51bf2cac ------","4.6.0","4.5.0"
"RackawareEnsemblePlacementPolicy.java","BOOKKEEPER-1105","2017-08-16 03:41","tree b52e8195c9ca5ee805a84f6a458b2d7c51bf2cac ------","4.6.0","4.5.0"
"TestRackawareEnsemblePlacementPolicy.java","BOOKKEEPER-1105","2017-08-16 03:41","tree b52e8195c9ca5ee805a84f6a458b2d7c51bf2cac ------","4.6.0","4.5.0"
"TestRegionAwareEnsemblePlacementPolicy.java","BOOKKEEPER-1105","2017-08-16 03:41","tree b52e8195c9ca5ee805a84f6a458b2d7c51bf2cac ------","4.6.0","4.5.0"
"NetworkTopologyImpl.java","BOOKKEEPER-1105","2017-08-16 03:41","tree b52e8195c9ca5ee805a84f6a458b2d7c51bf2cac ------","4.6.0","4.5.0"
"CachedDNSToSwitchMapping.java","BOOKKEEPER-1105","2017-08-16 03:41","tree b52e8195c9ca5ee805a84f6a458b2d7c51bf2cac ------","4.6.0","4.5.0"
"BookKeeperServerStats.java","BOOKKEEPER-1105","2017-08-16 03:41","tree b52e8195c9ca5ee805a84f6a458b2d7c51bf2cac ------","4.6.0","4.5.0"
"ScriptBasedMapping.java","BOOKKEEPER-1105","2017-08-16 03:41","tree b52e8195c9ca5ee805a84f6a458b2d7c51bf2cac ------","4.6.0","4.5.0"
"DNSToSwitchMapping.java","BOOKKEEPER-1105","2017-08-16 03:41","tree b52e8195c9ca5ee805a84f6a458b2d7c51bf2cac ------","4.5.1","4.5.0"
"TestRackawareEnsemblePlacementPolicyUsingScript.java","BOOKKEEPER-1105","2017-08-16 03:41","tree b52e8195c9ca5ee805a84f6a458b2d7c51bf2cac ------","4.5.1","4.5.0"
"StaticDNSResolver.java","BOOKKEEPER-1105","2017-08-16 03:41","tree b52e8195c9ca5ee805a84f6a458b2d7c51bf2cac ------","4.5.1","4.5.0"
"RackawareEnsemblePlacementPolicyImpl.java","BOOKKEEPER-1105","2017-08-16 03:41","tree b52e8195c9ca5ee805a84f6a458b2d7c51bf2cac ------","4.5.1","4.5.0"
"NetUtils.java","BOOKKEEPER-1105","2017-08-16 03:41","tree b52e8195c9ca5ee805a84f6a458b2d7c51bf2cac ------","4.5.1","4.5.0"
"RegionAwareEnsemblePlacementPolicy.java","BOOKKEEPER-1105","2017-08-16 03:41","tree b52e8195c9ca5ee805a84f6a458b2d7c51bf2cac ------","4.5.1","4.5.0"
"RackawareEnsemblePlacementPolicy.java","BOOKKEEPER-1105","2017-08-16 03:41","tree b52e8195c9ca5ee805a84f6a458b2d7c51bf2cac ------","4.5.1","4.5.0"
"TestRackawareEnsemblePlacementPolicy.java","BOOKKEEPER-1105","2017-08-16 03:41","tree b52e8195c9ca5ee805a84f6a458b2d7c51bf2cac ------","4.5.1","4.5.0"
"TestRegionAwareEnsemblePlacementPolicy.java","BOOKKEEPER-1105","2017-08-16 03:41","tree b52e8195c9ca5ee805a84f6a458b2d7c51bf2cac ------","4.5.1","4.5.0"
"NetworkTopologyImpl.java","BOOKKEEPER-1105","2017-08-16 03:41","tree b52e8195c9ca5ee805a84f6a458b2d7c51bf2cac ------","4.5.1","4.5.0"
"CachedDNSToSwitchMapping.java","BOOKKEEPER-1105","2017-08-16 03:41","tree b52e8195c9ca5ee805a84f6a458b2d7c51bf2cac ------","4.5.1","4.5.0"
"BookKeeperServerStats.java","BOOKKEEPER-1105","2017-08-16 03:41","tree b52e8195c9ca5ee805a84f6a458b2d7c51bf2cac ------","4.5.1","4.5.0"
"ScriptBasedMapping.java","BOOKKEEPER-1105","2017-08-16 03:41","tree b52e8195c9ca5ee805a84f6a458b2d7c51bf2cac ------","4.5.1","4.5.0"
